vehicle_age,mileage,vehicle_type,engine_type,engine_temperature,rpm,engine_load,battery_voltage,oil_condition,brake_wear,tyre_pressure,service_count,distance_since_service,average_speed,hard_braking_events,hard_acceleration_events,driving_hours,overall_health_score,engine_failure,battery_failure,brake_failure,tyre_failure,maintenance_distance
1.3,25435.0,SUV,Petrol,96.6,3417.0,77.6,12.05,57.9,81.9,32.1,1,6671.0,59.2,15,10,2.7,44.7,0,0,1,1,1447.0
1.7,29193.0,Coupe,Diesel,89.9,2632.0,59.0,12.33,95.0,49.0,32.5,4,1293.0,50.0,6,5,1.4,76.4,1,0,0,0,6288.0
6.9,118284.0,Truck,Hybrid,89.8,2342.0,48.1,11.79,5.0,53.1,21.4,11,23948.0,25.0,1,2,4.0,8.0,1,1,0,1,150.0
3.6,60444.0,SUV,Petrol,92.1,2155.0,72.9,12.64,85.0,30.0,30.5,5,1949.0,51.3,2,3,1.8,79.5,0,0,0,0,7959.0
5.8,88671.0,Sedan,Hybrid,89.2,3028.0,47.8,12.7,57.6,71.2,32.2,6,6565.0,62.9,4,6,2.1,56.3,0,0,1,0,2510.0
5.8,88945.0,Sedan,Petrol,91.1,2516.0,30.9,12.3,83.7,76.9,30.3,7,3740.0,65.4,2,2,5.8,57.3,0,0,1,0,2351.0
3.3,44691.0,Sedan,Hybrid,85.6,2942.0,38.2,13.18,93.1,72.2,32.1,5,464.0,70.4,5,2,2.3,70.1,0,0,0,1,3128.0
5.1,65543.0,Hatchback,Hybrid,94.9,2857.0,39.7,12.25,91.4,37.2,32.2,5,1953.0,42.6,3,5,3.2,74.1,0,1,0,0,7393.0
3.1,59016.0,SUV,Petrol,98.2,2658.0,47.2,11.95,62.4,38.7,29.2,4,5607.0,46.4,6,5,1.2,51.0,0,0,0,0,3228.0
2.8,40491.0,Truck,Petrol,88.8,2782.0,49.2,11.93,71.8,86.6,30.3,3,3191.0,50.3,7,6,1.0,44.6,0,0,1,1,1058.0
2.4,49631.0,Sedan,Petrol,84.9,2617.0,44.2,11.57,36.5,7.6,26.7,4,12165.0,61.9,1,1,3.6,37.8,0,1,1,1,150.0
4.9,78360.0,Coupe,Diesel,95.2,2765.0,37.2,12.45,53.9,59.8,34.3,6,7665.0,48.3,9,5,2.2,53.4,0,0,1,0,2214.0
7.6,56370.0,Hatchback,Diesel,89.8,3250.0,39.4,13.09,83.6,33.6,35.4,4,1507.0,59.3,8,6,8.9,78.6,0,0,0,0,8397.0
7.1,91758.0,Sedan,Diesel,88.8,2497.0,37.9,11.18,5.0,16.3,26.9,8,18190.0,46.6,2,3,10.0,9.6,1,1,0,1,150.0
1.5,13210.0,Sedan,Petrol,91.0,2526.0,39.2,12.26,99.7,26.0,31.9,1,2196.0,42.1,2,4,1.3,83.0,0,0,0,0,8107.0
7.5,85446.0,Sedan,Petrol,86.6,2390.0,53.0,11.36,88.9,70.6,35.1,8,807.0,67.5,5,5,1.0,37.6,0,1,0,1,2002.0
2.0,28915.0,Sedan,Petrol,93.4,2672.0,29.7,12.5,75.1,48.0,30.8,2,4727.0,56.4,4,2,9.0,71.2,0,0,0,0,5324.0
4.1,68269.0,SUV,Petrol,86.4,2490.0,57.2,11.13,68.7,50.4,26.8,7,4144.0,62.5,4,3,4.3,35.1,0,1,0,1,2889.0
4.5,55322.0,SUV,Diesel,86.8,2430.0,35.4,12.34,71.2,34.8,30.0,4,4790.0,49.1,1,2,3.6,65.7,0,0,0,0,4580.0
1.3,22505.0,Sedan,Hybrid,100.8,2859.0,34.9,12.1,100.0,42.5,33.8,1,888.0,63.3,5,4,1.0,62.5,0,0,0,0,5682.0
3.3,37407.0,SUV,Diesel,92.2,1886.0,37.1,12.25,81.6,69.9,31.5,3,2689.0,37.1,2,1,10.0,59.5,0,0,0,0,2765.0
7.8,108810.0,Sedan,Petrol,105.2,2659.0,62.2,10.8,5.0,38.4,28.2,8,16966.0,39.4,4,6,1.7,8.0,1,1,1,0,150.0
0.6,5777.0,Sedan,Electric,65.0,2690.0,40.4,12.89,100.0,11.3,30.6,1,10725.0,65.2,4,1,5.3,76.8,0,0,0,0,1162.0
12.4,231215.0,SUV,Diesel,90.0,2723.0,49.3,12.27,65.2,11.7,37.2,20,1439.0,51.0,2,3,5.1,61.0,0,1,0,1,6622.0
0.8,11782.0,SUV,Electric,59.9,2402.0,34.4,12.5,100.0,41.1,32.2,1,2609.0,48.5,9,4,1.0,87.9,0,0,0,0,8258.0
4.4,58461.0,Truck,Diesel,87.3,2547.0,35.9,12.36,44.8,31.0,33.7,6,9336.0,39.1,4,0,2.0,66.0,0,0,0,0,1747.0
1.3,8284.0,Sedan,Petrol,93.9,2771.0,50.6,12.57,26.2,27.6,30.3,1,13085.0,63.3,4,3,1.1,53.6,0,0,0,0,235.0
4.8,67501.0,SUV,Petrol,96.9,2605.0,57.1,12.18,90.4,42.1,31.8,7,1383.0,78.1,2,1,1.0,67.6,0,0,0,0,6217.0
6.9,96539.0,SUV,Diesel,92.2,2319.0,37.1,11.66,59.4,27.5,35.6,9,6301.0,60.5,5,3,2.8,53.7,0,1,0,1,3031.0
5.9,69014.0,Sedan,Petrol,105.5,2303.0,22.4,11.07,69.6,41.7,37.1,6,4158.0,45.7,2,2,1.2,14.0,1,1,0,0,1053.0
6.4,146302.0,SUV,Petrol,85.4,2964.0,75.8,12.44,69.9,27.7,30.7,13,4723.0,71.4,2,2,1.7,72.1,0,0,0,0,5443.0
3.1,60685.0,Sedan,Diesel,97.5,2685.0,55.9,12.75,34.4,31.5,29.3,6,10636.0,57.0,2,2,1.0,50.4,0,0,0,0,648.0
1.4,12787.0,Sedan,Diesel,93.7,1904.0,43.1,12.51,69.1,36.4,33.9,2,6246.0,45.9,3,2,2.5,67.0,0,0,0,0,3796.0
7.8,77540.0,Hatchback,Diesel,92.8,2556.0,39.4,12.0,61.0,53.3,33.8,6,5694.0,69.9,0,0,8.9,56.8,1,1,0,0,3652.0
10.9,169974.0,Coupe,Petrol,105.5,2740.0,41.6,12.27,70.2,74.4,31.1,13,3509.0,49.5,9,7,4.0,32.7,0,1,1,0,1681.0
3.9,42016.0,Hatchback,Petrol,93.6,2929.0,27.7,12.44,90.2,64.1,33.4,3,2935.0,31.8,3,6,2.2,68.4,0,0,0,0,3927.0
2.9,35021.0,Sedan,Diesel,88.3,3188.0,57.1,10.96,47.0,80.3,29.6,4,8896.0,47.6,14,11,3.1,17.6,0,1,1,1,631.0
2.2,35696.0,Sedan,Electric,59.5,2693.0,39.7,11.82,100.0,65.3,22.4,3,16418.0,59.4,6,5,3.8,27.2,0,0,1,1,150.0
5.7,71423.0,Truck,Diesel,94.7,2619.0,65.6,12.11,86.6,65.4,34.6,5,568.0,42.0,5,6,3.8,61.1,0,0,0,0,3243.0
6.6,120478.0,SUV,Electric,53.4,1859.0,48.7,12.8,100.0,60.9,34.2,9,4602.0,25.8,3,2,2.6,67.8,1,1,0,0,4182.0
2.9,60681.0,Sedan,Hybrid,90.4,2060.0,43.2,12.62,63.0,26.0,25.6,6,5840.0,72.6,2,1,1.9,61.5,0,0,0,0,3694.0
8.7,135753.0,SUV,Diesel,82.9,3098.0,51.0,12.69,76.0,31.9,35.1,10,2569.0,93.9,6,6,5.3,71.3,0,1,0,0,6902.0
5.4,59150.0,Sedan,Petrol,84.6,2639.0,39.6,12.3,95.9,30.1,31.1,4,1000.0,45.3,2,1,1.3,78.0,0,0,0,0,8678.0
3.9,61298.0,Hatchback,Diesel,93.7,2544.0,50.8,12.37,90.8,22.5,31.8,4,1599.0,43.2,3,4,5.4,85.1,0,0,0,0,8964.0
4.5,57056.0,Sedan,Diesel,95.1,2190.0,34.8,11.41,59.9,33.8,28.4,4,8382.0,33.1,6,4,2.3,40.8,0,1,0,0,1464.0
1.9,38671.0,Truck,Diesel,95.8,2559.0,77.0,11.8,89.2,70.1,35.1,4,2003.0,40.5,3,1,6.6,50.7,0,0,1,0,2235.0
5.6,90543.0,Sedan,Diesel,86.1,2706.0,32.7,12.47,85.9,21.2,32.1,7,3694.0,30.6,3,2,1.5,79.4,0,0,0,0,6608.0
2.0,34184.0,SUV,Diesel,100.7,1877.0,54.4,12.53,100.0,63.1,28.1,1,504.0,33.7,2,1,1.5,56.0,1,0,0,1,3069.0
2.7,45750.0,SUV,Petrol,95.5,2861.0,76.6,11.64,89.1,41.5,31.7,5,1613.0,52.0,13,10,3.3,59.2,0,0,0,1,5233.0
3.6,51121.0,Sedan,Diesel,89.2,2881.0,70.6,12.44,42.7,60.3,31.2,5,11416.0,29.9,21,19,1.7,53.0,0,0,1,0,296.0
9.9,181756.0,Coupe,Petrol,92.2,2368.0,46.8,12.47,61.1,20.8,33.6,17,5259.0,31.4,5,4,9.1,75.8,0,0,0,0,4837.0
4.3,49977.0,Truck,Hybrid,84.7,2570.0,59.2,12.47,93.5,33.5,32.4,7,1069.0,54.9,6,5,1.9,81.6,0,0,0,0,8877.0
2.1,30896.0,Hatchback,Petrol,89.0,3109.0,40.4,12.27,92.4,47.7,32.4,2,962.0,43.4,0,2,1.6,77.1,0,0,0,0,6643.0
4.5,90648.0,Hatchback,Petrol,106.2,2589.0,56.7,11.48,5.0,10.8,30.5,9,16885.0,57.0,2,3,4.2,12.7,1,1,0,0,150.0
5.2,57259.0,SUV,Petrol,91.8,2531.0,65.1,11.39,74.1,36.9,32.1,4,3420.0,47.2,4,2,1.0,52.3,0,1,0,0,4369.0
7.2,108322.0,Hatchback,Diesel,98.5,2480.0,51.9,11.93,36.0,28.2,32.0,9,9860.0,49.4,1,1,9.4,43.1,0,1,0,0,1053.0
3.7,49944.0,Sedan,Petrol,102.9,2377.0,60.0,12.57,69.0,15.7,28.3,3,4130.0,62.9,2,3,4.8,62.2,0,0,0,1,5318.0
2.3,23921.0,Sedan,Petrol,91.0,2517.0,45.9,12.69,91.6,40.4,31.8,2,1260.0,44.3,1,3,3.8,82.6,0,0,0,0,7816.0
11.4,99524.0,Sedan,Diesel,87.0,2355.0,36.3,11.25,58.6,21.1,31.3,10,5243.0,61.9,3,4,1.8,43.2,0,1,0,1,3104.0
4.5,46835.0,Sedan,Petrol,97.6,2894.0,43.8,12.49,91.3,7.8,38.4,6,1080.0,46.1,1,2,2.9,72.2,0,0,0,1,7746.0
2.1,32188.0,SUV,Electric,55.9,2647.0,55.1,11.43,100.0,69.6,27.5,3,13325.0,40.5,3,3,2.0,36.2,0,1,1,0,209.0
3.7,57477.0,Sedan,Electric,64.9,2370.0,40.5,11.95,100.0,30.3,31.9,4,728.0,37.0,6,6,2.3,71.8,0,0,0,0,8087.0
2.7,33886.0,Hatchback,Diesel,91.0,2194.0,34.7,12.08,58.1,45.2,32.2,4,8227.0,28.8,2,2,5.7,58.5,0,0,1,0,2099.0
7.5,152773.0,SUV,Petrol,107.8,2562.0,60.2,12.69,5.0,35.7,27.0,14,24000.0,34.6,1,2,4.0,8.0,1,1,0,1,150.0
5.2,89286.0,Sedan,Diesel,96.3,2240.0,46.5,12.09,14.2,81.2,28.8,8,14502.0,27.2,6,1,2.4,19.0,1,0,1,0,150.0
3.1,54653.0,SUV,Petrol,92.2,2114.0,48.4,13.05,6.3,36.5,30.0,4,15794.0,38.1,6,6,1.0,45.9,1,0,0,0,211.0
6.6,85576.0,Sedan,Diesel,92.5,2739.0,44.2,11.24,81.5,64.5,32.9,6,2318.0,63.5,3,3,10.0,41.1,0,1,1,0,2365.0
3.5,48007.0,Hatchback,Petrol,93.8,2874.0,60.7,12.57,74.8,10.2,36.0,4,4497.0,51.9,4,4,1.4,75.3,0,0,0,1,5749.0
3.6,63857.0,Sedan,Electric,75.3,1821.0,29.8,12.44,100.0,34.1,36.1,6,2111.0,46.6,2,1,5.7,79.6,0,0,1,0,7833.0
2.3,40595.0,Coupe,Petrol,99.5,2432.0,56.0,11.82,55.6,73.3,33.0,3,7981.0,42.3,5,2,1.9,40.1,0,0,1,0,1465.0
2.3,41271.0,Truck,Diesel,97.8,2292.0,43.1,12.64,65.7,75.0,32.9,4,7327.0,50.9,3,2,3.6,60.5,0,0,1,0,2573.0
11.0,142212.0,Sedan,Diesel,91.4,2836.0,43.9,10.8,67.4,15.7,37.8,12,2685.0,52.4,1,2,1.6,32.1,1,1,0,1,2898.0
6.4,70806.0,Sedan,Diesel,90.3,2259.0,19.0,12.23,59.4,51.2,32.2,8,3826.0,36.4,3,3,1.9,61.1,0,1,0,1,5075.0
0.9,7978.0,Hatchback,Petrol,94.1,2633.0,50.5,12.53,76.4,18.9,29.9,2,3512.0,58.5,5,6,1.8,76.3,0,1,0,0,6315.0
2.0,31330.0,Truck,Electric,65.3,2621.0,50.2,12.1,100.0,63.2,31.7,5,8173.0,47.4,4,1,3.4,60.6,0,0,1,0,2473.0
1.7,22994.0,Truck,Diesel,98.5,2475.0,35.1,12.26,92.5,54.8,34.6,1,523.0,56.2,5,5,1.8,70.2,0,0,0,1,5293.0
3.9,65155.0,Truck,Diesel,94.1,2440.0,46.3,12.82,5.0,38.2,26.7,6,17262.0,51.6,0,0,3.3,34.6,1,0,0,0,150.0
2.9,38903.0,Sedan,Petrol,92.0,2435.0,62.4,11.96,100.0,58.8,34.4,3,1389.0,32.1,2,4,7.2,65.9,0,0,0,0,4356.0
8.3,119954.0,SUV,Diesel,92.0,2774.0,62.0,12.4,76.8,60.5,29.0,10,2860.0,70.2,2,4,1.3,63.5,1,1,0,0,4227.0
3.0,56954.0,Sedan,Petrol,84.0,2501.0,46.6,12.29,78.5,34.4,33.3,4,713.0,51.8,8,9,1.3,79.3,0,0,0,0,8263.0
10.4,188079.0,Hatchback,Petrol,89.8,2280.0,46.8,12.45,58.9,19.5,38.3,15,4159.0,46.9,1,3,8.2,64.3,1,1,0,1,4888.0
3.5,55473.0,SUV,Petrol,92.9,2760.0,68.9,12.65,53.2,36.4,32.3,4,9093.0,60.2,5,6,4.8,65.6,0,0,0,0,2062.0
11.6,124866.0,Sedan,Hybrid,82.5,1846.0,57.9,11.8,40.7,49.2,31.7,12,10373.0,35.8,1,2,3.2,38.4,0,1,0,0,719.0
3.3,48144.0,Sedan,Petrol,92.2,2316.0,36.9,12.65,79.4,10.3,29.4,4,3319.0,30.0,2,3,1.0,80.6,0,0,0,0,6724.0
3.3,31265.0,Sedan,Petrol,88.3,2542.0,46.7,12.21,77.7,56.2,28.3,3,3528.0,59.8,1,2,1.0,57.8,0,0,0,0,4119.0
6.4,73798.0,Sedan,Diesel,97.8,2760.0,43.7,12.87,82.8,47.2,30.5,4,3098.0,68.1,2,0,1.6,64.2,0,0,0,0,5610.0
5.8,90817.0,Truck,Hybrid,102.9,2904.0,58.1,12.34,92.7,26.3,35.3,7,2013.0,56.0,6,6,3.5,63.7,0,0,1,1,6639.0
1.5,15770.0,SUV,Petrol,90.4,2414.0,52.2,12.37,39.4,48.5,33.3,2,8549.0,63.3,4,3,6.0,60.9,0,0,0,0,2138.0
3.9,46506.0,Hatchback,Diesel,91.0,2127.0,58.0,12.23,10.9,5.0,31.4,3,14962.0,34.3,2,1,3.4,53.5,0,0,0,1,154.0
2.8,30063.0,SUV,Petrol,91.5,2312.0,58.4,12.3,73.3,66.7,36.9,2,3792.0,47.0,5,4,3.5,55.7,0,0,0,0,3258.0
2.7,39004.0,Sedan,Petrol,94.7,2362.0,26.6,12.33,48.0,59.6,33.0,4,8684.0,42.8,2,4,6.5,60.3,0,1,0,0,1965.0
3.9,56636.0,Truck,Petrol,90.1,2759.0,21.1,12.63,75.3,31.8,30.2,5,4764.0,66.4,5,5,4.2,68.5,0,0,0,0,4990.0
3.1,15216.0,Truck,Hybrid,91.6,3057.0,68.3,11.58,83.7,38.5,31.7,2,1292.0,58.9,3,6,2.1,59.8,0,1,0,0,5703.0
4.2,82973.0,SUV,Petrol,94.7,2448.0,46.8,10.98,57.3,68.2,31.1,7,5061.0,66.4,1,0,3.0,25.9,0,1,1,0,1297.0
1.9,35839.0,Truck,Petrol,91.5,2811.0,55.0,12.84,79.2,68.4,27.1,4,2420.0,43.3,7,6,6.1,51.9,0,0,1,1,2565.0
1.2,11067.0,SUV,Petrol,94.1,2299.0,56.9,12.97,56.8,20.1,27.4,1,7591.0,36.2,2,0,3.8,62.6,0,0,0,1,2694.0
6.5,110819.0,SUV,Hybrid,89.7,2994.0,81.5,12.0,72.8,39.0,32.1,10,4276.0,70.6,1,0,8.6,67.9,0,1,0,0,5172.0
7.1,130868.0,SUV,Petrol,92.9,2745.0,75.4,12.14,49.6,86.8,29.2,12,7749.0,52.4,7,9,1.8,37.5,0,1,1,1,678.0
6.3,80419.0,Sedan,Petrol,96.7,2489.0,36.9,12.71,77.2,55.3,32.4,7,4666.0,66.9,2,2,1.4,64.6,1,0,0,1,4830.0
3.8,55726.0,Sedan,Petrol,93.9,2584.0,49.2,12.55,59.0,23.7,29.8,5,9709.0,51.1,0,3,4.0,67.9,0,0,0,0,1532.0
3.0,40578.0,Sedan,Petrol,84.0,2528.0,33.2,12.98,5.0,62.8,27.5,2,24000.0,82.9,2,3,3.3,25.8,1,1,0,1,150.0
2.5,44576.0,SUV,Diesel,93.7,2931.0,66.1,12.69,31.7,93.7,31.9,4,13192.0,68.5,9,6,1.3,43.1,1,0,1,1,150.0
2.2,36699.0,Sedan,Diesel,86.9,2584.0,28.9,12.62,55.3,60.4,30.2,3,8384.0,49.8,3,1,2.0,57.4,0,0,0,0,2444.0
3.5,30789.0,SUV,Petrol,87.8,2792.0,55.8,12.27,85.0,63.1,29.8,2,2230.0,52.3,2,2,7.2,61.0,0,0,0,0,3781.0
7.0,78512.0,Hatchback,Petrol,93.5,2664.0,43.0,11.9,60.9,49.7,32.8,7,5881.0,52.3,2,3,4.3,56.7,0,0,0,0,3087.0
2.4,43492.0,Sedan,Petrol,110.8,2287.0,27.0,12.02,62.8,68.2,34.8,4,6923.0,36.1,1,2,2.1,21.6,1,0,1,1,1091.0
7.0,111602.0,SUV,Petrol,87.1,3009.0,48.1,11.55,43.7,53.1,28.4,11,8970.0,45.3,4,4,1.5,28.1,0,1,0,0,567.0
1.3,19376.0,Truck,Petrol,91.5,2418.0,27.5,12.37,88.1,44.1,31.4,2,1799.0,44.2,4,2,2.4,77.2,0,0,0,0,6968.0
4.3,62442.0,Sedan,Hybrid,89.0,2379.0,36.6,10.98,64.3,39.4,29.2,6,5129.0,55.3,4,4,5.9,30.9,0,1,0,0,2276.0
4.8,50091.0,Sedan,Electric,54.1,2414.0,53.8,12.3,100.0,20.3,29.6,4,4435.0,40.6,4,3,3.3,75.2,0,0,0,1,5673.0
2.7,50929.0,Sedan,Electric,66.1,2153.0,63.6,11.85,100.0,21.3,28.0,6,2381.0,49.9,3,2,3.0,67.0,0,0,0,0,6715.0
1.8,11988.0,Sedan,Hybrid,95.4,2144.0,57.5,12.96,68.5,25.5,31.6,1,5433.0,46.9,2,2,6.1,71.2,0,0,0,0,4823.0
6.0,75088.0,Hatchback,Diesel,95.1,2678.0,36.6,12.01,14.2,57.4,31.0,6,15984.0,53.1,3,4,1.3,30.4,1,0,0,0,150.0
3.8,57515.0,Hatchback,Diesel,87.9,2475.0,40.3,13.18,47.6,26.0,33.3,6,9926.0,72.6,2,3,1.7,66.6,0,0,0,0,1494.0
13.6,212186.0,SUV,Petrol,115.5,2768.0,56.7,11.14,52.3,61.7,29.9,17,5705.0,67.3,6,7,3.5,8.0,1,1,0,0,385.0
7.0,93303.0,Hatchback,Diesel,89.5,2182.0,40.3,12.79,38.0,10.6,31.7,9,8904.0,33.7,7,6,3.0,66.6,0,1,0,1,2173.0
7.1,115868.0,Hatchback,Diesel,86.4,2631.0,52.9,11.63,32.8,56.5,26.5,12,10510.0,51.3,8,4,2.5,21.4,1,1,0,1,418.0
0.5,10403.0,Sedan,Diesel,88.5,2691.0,40.2,11.66,43.8,45.7,31.1,1,8743.0,47.8,11,11,6.2,46.6,0,1,0,0,1323.0
2.4,26442.0,Hatchback,Hybrid,97.8,2583.0,57.8,12.31,33.5,38.1,21.6,4,13209.0,42.9,3,3,1.0,30.5,1,0,0,1,150.0
1.7,29406.0,SUV,Petrol,87.3,2898.0,53.7,11.36,30.0,58.5,30.7,3,10153.0,82.1,2,0,1.4,28.2,0,1,0,1,556.0
0.8,6832.0,Hatchback,Petrol,85.6,2099.0,25.6,12.73,35.3,20.0,28.6,1,11832.0,44.6,2,2,1.4,66.9,0,0,0,0,150.0
3.6,42043.0,Hatchback,Electric,61.8,2667.0,38.4,12.93,100.0,57.8,29.5,2,5159.0,45.6,1,2,4.6,70.5,0,0,0,0,4589.0
5.9,48459.0,Sedan,Petrol,92.7,2811.0,46.1,12.19,68.4,15.2,35.8,2,4945.0,76.6,5,3,2.3,70.4,0,1,0,0,4964.0
1.9,19117.0,Sedan,Diesel,84.7,2416.0,52.1,12.32,86.3,36.5,30.8,1,3282.0,65.6,3,3,10.0,72.4,0,0,0,0,6258.0
0.8,9935.0,Sedan,Electric,54.6,2623.0,50.3,12.44,100.0,17.0,31.2,1,4818.0,45.8,4,4,6.4,84.5,0,0,0,0,6026.0
2.0,35043.0,SUV,Diesel,89.1,3036.0,49.0,12.59,43.5,71.2,27.1,2,8164.0,62.6,2,1,2.3,46.1,0,0,1,1,1597.0
3.4,45025.0,Hatchback,Diesel,109.1,2379.0,32.6,11.97,89.8,7.4,30.9,3,2822.0,48.6,3,1,4.5,51.1,0,1,0,1,4761.0
3.2,35418.0,Hatchback,Petrol,84.3,2118.0,61.2,11.78,80.6,57.3,31.3,2,2042.0,49.6,3,3,4.4,60.1,0,0,0,0,4079.0
3.8,36533.0,Sedan,Petrol,88.3,2609.0,39.9,12.5,12.0,49.4,30.5,3,14238.0,40.7,2,2,7.6,41.7,1,0,0,0,411.0
4.8,33705.0,SUV,Hybrid,90.9,2674.0,41.6,11.87,95.7,70.7,37.6,2,580.0,25.0,5,4,2.6,48.4,0,0,0,1,2226.0
3.7,50772.0,SUV,Diesel,95.5,2005.0,46.6,12.79,5.0,18.1,29.7,4,18137.0,32.1,2,2,2.1,39.7,1,0,0,0,150.0
6.1,142948.0,Sedan,Diesel,91.1,2264.0,18.5,11.51,28.4,27.9,32.8,13,12753.0,36.5,5,5,4.2,42.6,1,1,1,0,150.0
2.0,29734.0,Sedan,Petrol,90.2,2729.0,22.5,12.19,47.2,62.1,34.3,4,7387.0,57.9,8,5,2.6,54.8,0,0,1,0,2556.0
3.1,33859.0,Sedan,Petrol,93.8,2101.0,34.0,11.94,43.6,51.6,29.3,1,9668.0,54.1,4,3,4.9,44.3,0,0,0,1,1294.0
5.2,64160.0,Hatchback,Electric,67.6,3217.0,30.1,12.09,100.0,29.1,34.7,5,6352.0,67.2,3,2,7.1,70.6,0,1,0,0,4005.0
4.4,50908.0,Sedan,Petrol,85.5,2390.0,33.0,12.05,70.1,23.6,31.2,4,5931.0,35.2,7,4,1.6,60.9,0,0,0,0,3702.0
9.7,175460.0,SUV,Diesel,111.4,2734.0,61.2,11.53,54.1,75.9,27.7,13,7202.0,77.0,2,0,1.9,8.0,1,1,1,0,352.0
2.0,42486.0,Truck,Petrol,89.2,3068.0,67.3,13.45,87.9,81.9,32.4,3,435.0,75.7,3,6,6.7,67.1,0,0,1,0,1706.0
5.3,78932.0,SUV,Diesel,90.9,2410.0,38.8,11.89,36.9,55.7,27.9,6,12092.0,52.5,2,1,3.1,29.2,0,1,0,0,150.0
2.5,40976.0,Coupe,Electric,55.0,2360.0,63.9,12.2,100.0,66.4,31.8,4,11412.0,42.4,4,4,3.2,61.1,0,0,1,0,224.0
2.3,36212.0,Coupe,Diesel,88.3,2307.0,43.2,12.4,70.6,69.2,30.6,2,4730.0,43.1,10,5,6.0,58.9,0,0,1,1,2788.0
6.8,92329.0,Sedan,Petrol,116.1,2298.0,40.5,11.88,82.8,15.0,33.7,7,2158.0,54.8,3,3,2.9,36.4,1,1,0,0,3759.0
3.7,58390.0,SUV,Diesel,91.3,2977.0,44.9,12.59,83.6,39.8,33.1,6,3045.0,78.4,5,3,5.3,75.3,0,1,0,0,6736.0
4.4,57794.0,Sedan,Hybrid,111.7,2837.0,36.0,11.87,80.9,19.3,31.9,4,4021.0,50.7,2,2,1.7,38.9,1,1,0,0,3362.0
2.6,35330.0,Sedan,Petrol,91.0,2621.0,66.3,12.65,88.8,71.7,33.0,3,1526.0,29.9,6,5,2.4,73.4,0,0,1,1,2956.0
2.7,18530.0,Sedan,Hybrid,94.8,2715.0,25.8,12.46,54.3,43.4,31.0,1,6488.0,78.5,6,1,7.9,63.4,1,0,0,0,3465.0
1.2,20972.0,SUV,Diesel,91.1,2354.0,56.0,12.76,87.0,48.8,29.8,1,1470.0,46.4,4,1,3.2,73.4,0,0,0,0,6084.0
4.2,47740.0,SUV,Hybrid,95.4,3163.0,47.1,11.61,46.4,17.7,29.4,4,7874.0,72.4,3,2,1.6,42.5,0,1,0,0,1736.0
1.8,24276.0,Sedan,Diesel,80.0,2375.0,17.1,12.73,67.1,37.5,33.2,2,5794.0,60.8,6,1,1.6,71.8,0,0,0,0,4679.0
3.4,36502.0,Sedan,Petrol,111.7,2072.0,21.2,12.59,29.8,53.2,26.3,2,12144.0,49.9,1,2,3.0,11.1,1,0,0,1,150.0
6.1,61725.0,Hatchback,Petrol,113.2,2784.0,47.7,12.22,84.9,31.6,32.6,5,3700.0,65.5,4,3,5.5,41.3,1,0,0,0,3503.0
1.0,5000.0,Sedan,Petrol,92.7,2694.0,20.5,12.7,20.1,21.6,28.8,1,15759.0,41.7,4,4,1.0,53.5,0,0,0,0,298.0
15.0,240071.0,Sedan,Electric,89.2,1798.0,24.0,11.25,100.0,24.2,28.0,20,7279.0,47.9,4,1,2.2,42.7,0,1,0,1,1906.0
2.3,28628.0,SUV,Hybrid,88.6,2435.0,61.9,11.83,100.0,55.4,35.7,4,405.0,44.6,1,0,4.4,63.7,0,0,0,0,4245.0
3.5,52071.0,Coupe,Diesel,87.3,2198.0,48.0,11.69,74.9,20.2,33.5,5,4138.0,49.2,3,2,3.7,62.0,0,1,0,0,4848.0
4.4,84193.0,Sedan,Petrol,93.4,2432.0,43.5,12.81,5.0,67.9,23.5,8,22569.0,59.7,6,6,4.1,17.1,1,1,1,1,150.0
2.2,32024.0,Truck,Petrol,95.1,2623.0,41.1,12.77,5.0,60.5,24.1,1,21429.0,59.6,2,4,1.8,20.6,1,0,0,1,326.0
2.8,30558.0,Truck,Hybrid,103.8,2009.0,40.2,12.93,62.5,62.9,31.9,2,5910.0,30.2,3,3,3.4,46.1,0,0,1,0,2951.0
6.9,71415.0,Sedan,Diesel,92.3,2206.0,27.7,12.21,52.7,48.5,25.7,6,7452.0,44.5,5,7,6.2,44.7,0,0,1,1,2123.0
5.7,81932.0,Truck,Petrol,88.0,2390.0,50.4,12.92,92.5,78.0,31.2,6,2156.0,46.9,2,0,2.3,67.1,0,0,0,0,2319.0
3.2,42700.0,SUV,Diesel,98.5,2556.0,60.5,13.42,76.5,79.8,31.5,3,2919.0,60.2,1,1,3.3,59.4,0,0,1,0,1692.0
3.7,65831.0,SUV,Petrol,93.8,2029.0,51.7,12.79,79.8,59.6,31.7,6,3672.0,32.4,8,6,1.0,65.5,0,0,0,0,4261.0
4.1,26978.0,SUV,Petrol,90.1,2191.0,62.6,12.58,69.4,51.1,34.3,2,3869.0,61.9,1,0,4.3,66.2,0,0,0,0,5230.0
5.2,97512.0,SUV,Diesel,111.9,2531.0,74.5,12.58,46.9,33.6,29.7,8,8377.0,36.2,4,4,1.9,30.9,1,0,0,1,1231.0
5.4,36652.0,Sedan,Petrol,96.7,2778.0,45.9,12.37,92.1,61.4,34.1,4,914.0,55.5,4,4,1.2,66.9,0,1,1,1,4325.0
5.3,61242.0,Hatchback,Electric,76.1,1950.0,23.0,12.43,100.0,22.0,32.8,8,705.0,67.6,2,0,2.1,90.2,0,0,0,0,10212.0
2.9,59445.0,Sedan,Petrol,105.3,1947.0,39.8,12.58,71.2,32.4,31.0,5,5179.0,34.8,4,1,4.5,50.6,0,0,0,0,3754.0
4.0,25233.0,Sedan,Petrol,97.6,2534.0,55.8,13.17,62.6,45.6,30.8,3,6016.0,55.4,5,2,1.9,60.0,0,0,0,1,3665.0
6.5,84867.0,Sedan,Petrol,94.8,2814.0,36.0,12.0,79.5,67.9,29.7,8,3586.0,49.4,4,7,1.3,50.5,0,1,0,0,2629.0
11.4,151143.0,SUV,Hybrid,102.0,2407.0,44.9,11.98,34.1,35.8,28.4,14,9331.0,38.3,2,1,5.0,24.0,1,1,0,0,402.0
3.9,52073.0,Truck,Petrol,93.9,2550.0,68.9,11.24,83.9,24.2,32.9,4,1599.0,34.9,4,4,1.6,58.0,0,1,0,0,6040.0
2.6,49792.0,Sedan,Diesel,89.0,2260.0,23.2,12.66,5.0,22.1,25.2,5,24000.0,42.1,2,3,10.0,38.5,1,0,1,1,195.0
2.2,33312.0,SUV,Petrol,88.9,2468.0,56.8,11.38,78.5,58.1,33.2,3,3205.0,40.7,2,3,6.0,48.8,0,1,0,1,3450.0
5.3,45652.0,Sedan,Petrol,110.9,2381.0,32.2,11.87,77.1,14.2,29.0,3,3019.0,49.1,5,2,7.9,33.6,1,1,0,0,3249.0
1.2,20733.0,SUV,Petrol,93.9,2257.0,47.6,12.52,71.7,49.6,34.1,1,3649.0,46.0,2,1,3.5,70.9,0,0,1,0,5677.0
5.3,80319.0,Sedan,Hybrid,93.4,2207.0,60.0,11.24,32.4,59.7,27.8,7,12178.0,57.9,3,2,1.8,16.2,1,1,0,0,150.0
5.4,74438.0,Truck,Hybrid,95.3,2769.0,48.6,12.31,78.1,69.8,38.7,5,2018.0,63.3,5,3,6.3,55.4,0,0,0,1,2835.0
2.7,54441.0,SUV,Petrol,93.4,1935.0,56.7,12.73,77.8,33.3,30.8,5,4360.0,30.6,3,4,1.3,76.0,0,0,0,0,5725.0
4.3,80506.0,Hatchback,Diesel,97.3,2134.0,51.2,12.78,86.4,43.9,33.6,7,2409.0,48.5,2,1,1.0,72.9,1,0,0,0,6547.0
3.3,64852.0,Sedan,Electric,57.5,2571.0,25.0,12.11,100.0,30.9,32.2,4,682.0,38.7,4,3,4.1,77.7,0,1,1,0,8692.0
1.4,20253.0,Sedan,Petrol,92.7,2335.0,50.4,13.16,83.5,41.0,28.4,1,3375.0,36.8,5,3,1.1,71.9,0,0,0,0,6057.0
5.1,97713.0,Sedan,Hybrid,90.2,2513.0,34.2,11.81,88.3,16.7,29.3,9,914.0,30.0,5,2,3.0,67.0,0,1,0,1,7168.0
4.9,57420.0,Hatchback,Petrol,90.8,2289.0,26.6,12.09,5.0,40.1,23.5,4,23252.0,29.0,9,5,2.8,18.8,1,0,1,1,150.0
2.8,31082.0,Hatchback,Electric,71.2,2918.0,44.9,11.23,100.0,83.4,30.4,4,1386.0,44.7,13,16,5.3,41.1,0,1,1,0,1118.0
11.3,137688.0,Sedan,Hybrid,91.6,2912.0,41.1,12.31,5.0,17.3,23.6,13,24000.0,57.5,5,3,1.2,24.1,0,1,0,1,150.0
3.7,44162.0,Truck,Electric,64.0,2435.0,55.7,11.04,100.0,79.1,32.0,4,4406.0,57.5,2,1,1.0,40.8,0,1,1,1,1311.0
0.9,13622.0,Hatchback,Diesel,88.7,2498.0,32.2,13.29,84.8,35.2,31.7,2,1578.0,37.3,4,4,2.7,84.1,0,0,0,0,8558.0
6.7,96684.0,SUV,Petrol,91.3,2279.0,51.0,11.63,85.6,31.4,31.6,8,2408.0,35.8,2,2,1.0,59.0,0,1,0,0,5745.0
5.8,90734.0,SUV,Electric,68.1,2674.0,38.5,12.84,100.0,19.2,34.4,7,3581.0,55.3,2,4,3.9,85.1,0,1,0,1,6968.0
6.2,126390.0,Sedan,Petrol,90.8,2387.0,31.1,12.14,37.7,59.1,34.7,10,7775.0,46.0,4,2,3.7,44.7,0,0,0,0,1670.0
1.9,15058.0,Sedan,Petrol,92.3,3198.0,28.9,12.5,68.0,45.3,33.7,1,8528.0,64.5,11,9,3.7,68.1,0,0,0,1,2380.0
4.2,34165.0,Hatchback,Diesel,85.4,2749.0,45.8,11.59,99.3,76.8,31.8,4,2000.0,36.4,14,11,2.6,45.6,0,0,1,1,1690.0
3.7,23548.0,Hatchback,Hybrid,96.9,2209.0,31.1,12.65,85.5,41.0,31.6,1,1829.0,26.0,4,4,9.2,73.9,0,0,0,1,6815.0
3.3,38038.0,SUV,Electric,64.2,2636.0,77.7,12.35,100.0,77.2,27.1,4,16294.0,60.6,4,1,4.2,49.8,0,0,1,1,150.0
7.7,90099.0,Sedan,Petrol,96.7,1809.0,44.2,12.63,80.3,9.6,31.3,6,4311.0,25.5,3,2,5.0,74.9,0,0,0,1,5764.0
3.8,39987.0,Sedan,Hybrid,93.2,2525.0,20.1,11.9,74.6,62.6,30.9,4,3291.0,31.8,2,2,2.0,55.0,0,0,1,0,3327.0
2.9,27648.0,Truck,Diesel,92.9,2160.0,47.0,12.92,66.2,62.9,36.0,3,6795.0,42.6,5,5,2.7,55.6,0,0,0,0,2890.0
2.9,32325.0,Hatchback,Petrol,97.6,2390.0,49.6,11.82,75.2,59.0,33.7,3,5574.0,48.0,4,4,1.6,48.0,0,0,0,0,3303.0
1.8,25596.0,Hatchback,Petrol,96.8,2592.0,44.1,12.56,26.5,45.6,27.4,3,15015.0,60.4,4,4,3.4,36.7,0,0,0,0,150.0
4.0,41658.0,Truck,Petrol,99.3,2361.0,33.9,11.87,89.3,75.7,32.7,1,1522.0,37.8,2,1,1.6,45.0,0,0,1,0,1559.0
8.0,117384.0,SUV,Petrol,91.0,3185.0,45.0,12.89,56.2,57.3,33.4,10,4303.0,70.4,2,3,5.1,64.4,1,1,0,0,4294.0
3.0,31732.0,Sedan,Electric,60.9,2562.0,48.1,12.75,100.0,46.9,30.2,2,1846.0,30.8,2,3,3.1,78.6,0,0,0,0,6914.0
4.4,87480.0,Sedan,Diesel,86.9,1994.0,42.5,12.92,85.2,66.6,35.5,5,1133.0,46.8,1,0,1.0,65.8,0,0,0,1,3745.0
3.3,38628.0,Hatchback,Diesel,87.6,2387.0,45.7,12.31,74.0,54.0,32.2,2,2611.0,63.6,4,1,1.5,69.3,0,0,0,0,4995.0
3.5,42719.0,SUV,Electric,78.2,2268.0,49.4,12.29,100.0,77.1,32.1,5,855.0,64.4,2,1,7.4,71.7,0,0,1,0,2387.0
6.0,94289.0,Sedan,Petrol,102.4,2180.0,34.9,12.28,41.0,27.7,25.0,9,6398.0,25.0,11,9,7.8,34.7,0,0,0,1,2049.0
1.8,7966.0,Sedan,Hybrid,97.5,2866.0,25.1,12.42,30.9,10.1,27.9,2,12799.0,89.9,5,3,4.6,54.8,0,0,0,0,150.0
1.3,24086.0,Truck,Petrol,90.8,2832.0,65.8,12.36,80.7,55.8,34.0,3,2739.0,47.5,4,3,2.7,69.6,0,0,0,0,5082.0
6.7,114713.0,Sedan,Hybrid,94.6,2499.0,62.9,12.18,53.7,42.9,29.8,9,6913.0,55.9,4,2,6.8,51.5,0,1,0,0,2667.0
2.6,23157.0,Sedan,Petrol,89.3,2429.0,42.9,12.85,93.5,28.7,36.5,3,1304.0,47.3,1,2,2.9,79.1,0,0,0,0,8408.0
2.9,26449.0,SUV,Electric,61.1,2975.0,65.6,12.76,100.0,58.0,32.6,4,2140.0,81.9,3,3,6.6,75.7,0,0,0,0,5084.0
12.7,133666.0,Truck,Petrol,111.0,2496.0,44.0,11.59,49.3,77.4,27.5,11,7723.0,70.1,4,2,3.4,8.0,1,1,1,1,378.0
5.8,54391.0,Truck,Petrol,87.6,3030.0,56.5,11.6,5.0,33.7,25.0,3,16772.0,81.5,5,6,2.5,12.3,1,0,0,1,150.0
2.1,13640.0,Sedan,Hybrid,93.7,2700.0,39.6,11.97,100.0,26.1,30.8,1,525.0,58.6,0,3,5.0,74.1,0,0,0,0,8549.0
7.0,70023.0,Truck,Petrol,97.4,3237.0,57.4,12.77,52.7,48.1,34.0,6,7091.0,64.8,0,1,1.4,50.3,0,1,0,0,2428.0
5.9,37324.0,Sedan,Diesel,112.7,2705.0,42.9,11.2,35.0,53.3,31.4,4,8326.0,37.4,2,5,1.6,8.0,1,1,0,0,154.0
0.5,9470.0,Sedan,Petrol,97.3,2971.0,74.5,12.81,78.2,24.8,37.1,1,6315.0,48.3,4,4,1.0,68.2,1,0,0,0,3786.0
4.1,58312.0,Truck,Diesel,94.6,2900.0,67.2,11.8,83.1,53.1,30.8,5,4026.0,64.8,8,7,4.2,50.9,0,0,0,0,3874.0
1.8,27018.0,SUV,Petrol,91.4,2745.0,70.0,12.37,5.0,56.6,25.5,2,24000.0,56.5,3,3,3.0,26.2,1,0,1,0,150.0
3.5,60633.0,Hatchback,Petrol,89.4,2642.0,43.6,12.26,87.5,31.3,29.1,5,2470.0,53.5,3,3,10.0,69.1,0,0,0,1,6616.0
11.4,130249.0,Truck,Petrol,93.8,1936.0,28.1,11.98,68.9,71.2,34.0,11,4483.0,41.1,0,2,4.3,48.4,0,1,1,0,2386.0
6.1,79095.0,SUV,Diesel,84.8,2229.0,61.4,12.46,47.0,75.2,34.5,7,7680.0,68.3,7,5,2.5,50.0,0,0,1,1,1610.0
6.6,118711.0,Sedan,Petrol,102.5,2336.0,51.1,12.56,93.5,52.3,28.6,10,400.0,68.1,5,0,2.8,54.8,0,1,0,0,3972.0
3.3,32591.0,SUV,Petrol,88.3,3045.0,71.1,13.18,69.7,63.4,29.7,2,3313.0,66.6,2,3,3.7,65.4,0,0,0,1,3944.0
6.6,96853.0,Sedan,Petrol,96.5,2464.0,38.8,11.78,69.2,13.9,30.4,8,3645.0,56.1,1,2,2.0,60.1,0,1,0,0,5001.0
2.3,26109.0,Sedan,Petrol,86.0,2755.0,23.2,11.63,87.0,46.6,34.2,2,469.0,52.1,3,3,1.0,62.3,0,0,0,0,5364.0
4.1,49499.0,Coupe,Diesel,95.2,3029.0,36.1,12.47,81.6,12.2,31.4,3,572.0,67.7,1,2,1.0,84.9,0,0,0,0,9720.0
6.0,87447.0,SUV,Hybrid,93.0,2485.0,38.6,12.1,5.0,76.2,20.0,8,24000.0,65.1,9,5,2.2,8.0,1,1,1,1,150.0
5.9,70670.0,Hatchback,Petrol,93.1,2643.0,53.4,11.37,81.8,38.3,34.5,6,1150.0,39.5,0,0,1.0,52.1,0,1,0,1,5255.0
1.3,21528.0,SUV,Diesel,89.6,2411.0,61.4,12.97,93.2,58.3,31.4,1,2152.0,56.4,8,5,3.1,73.4,0,0,0,0,5022.0
10.0,108732.0,Truck,Diesel,85.6,2663.0,49.1,12.52,87.7,64.9,32.7,9,1370.0,61.2,9,4,5.9,62.7,0,1,1,1,3487.0
2.0,21423.0,SUV,Petrol,93.5,2176.0,63.3,12.56,66.6,46.5,34.0,2,5086.0,42.6,3,3,1.7,68.3,0,0,0,0,4836.0
13.9,274430.0,SUV,Diesel,111.1,2634.0,69.6,11.74,28.8,20.1,34.2,23,9058.0,64.6,1,0,2.3,12.9,1,1,0,0,418.0
6.1,94228.0,SUV,Petrol,93.5,2594.0,63.0,12.33,98.7,23.6,33.9,6,921.0,62.0,5,2,2.8,78.1,0,0,1,1,8543.0
5.8,62615.0,Sedan,Diesel,90.9,2734.0,65.2,12.55,55.2,42.4,31.0,7,6132.0,46.2,6,4,2.5,60.2,0,0,0,0,3509.0
2.1,30383.0,Truck,Petrol,86.9,2491.0,42.2,12.87,71.1,56.2,32.9,4,3230.0,33.0,3,1,3.2,70.1,0,0,0,0,5062.0
2.7,61074.0,Sedan,Diesel,89.0,3142.0,53.7,12.52,72.6,33.9,28.6,4,4784.0,60.2,5,5,1.0,67.1,0,0,0,0,4729.0
9.6,128685.0,Sedan,Diesel,110.3,3077.0,22.9,11.4,79.0,79.3,30.0,10,2410.0,79.5,3,3,6.3,12.5,0,1,1,0,651.0
8.9,147690.0,SUV,Petrol,88.3,3166.0,83.5,12.54,20.8,50.2,29.1,13,13355.0,55.6,11,11,2.6,44.2,1,1,1,1,150.0
3.4,47219.0,Sedan,Petrol,87.7,2645.0,50.7,12.3,65.1,13.7,30.2,5,4314.0,61.0,6,5,1.5,75.6,0,0,0,0,5970.0
3.2,54943.0,Hatchback,Electric,62.8,2274.0,35.1,12.21,100.0,13.8,32.6,4,1537.0,35.7,2,2,3.8,91.2,0,0,0,0,9587.0
3.3,41615.0,Coupe,Petrol,93.6,2539.0,24.9,13.0,31.4,62.8,28.9,4,10601.0,51.3,2,1,5.8,45.3,1,0,0,0,547.0
7.0,76213.0,Hatchback,Diesel,93.6,2140.0,32.3,12.5,50.9,42.5,29.9,7,9459.0,50.4,2,1,1.3,58.3,0,1,1,0,1341.0
6.6,101031.0,SUV,Electric,66.1,2556.0,48.9,12.46,100.0,25.5,31.3,8,4712.0,39.6,2,0,3.9,80.9,0,0,0,0,5821.0
4.7,41139.0,Sedan,Diesel,82.9,2645.0,43.8,12.16,48.2,70.1,27.4,5,8713.0,58.2,4,4,7.0,37.9,0,1,1,1,1431.0
4.1,50385.0,Hatchback,Diesel,96.2,2765.0,41.8,11.65,65.2,32.5,31.2,3,6390.0,57.6,9,5,7.0,48.7,0,1,1,0,2928.0
3.4,73814.0,SUV,Hybrid,96.0,2400.0,51.6,12.57,90.2,62.5,36.9,6,1571.0,47.9,10,9,5.1,64.9,0,0,1,0,3687.0
13.3,185958.0,Coupe,Hybrid,117.6,2466.0,54.3,11.37,5.0,22.1,20.0,14,24000.0,51.8,5,3,2.1,8.0,1,1,0,1,150.0
1.4,12995.0,Coupe,Diesel,92.0,3029.0,18.4,12.73,54.0,29.3,31.3,1,10020.0,80.7,2,1,1.4,64.4,0,0,0,0,1324.0
2.9,44420.0,Hatchback,Diesel,92.4,2559.0,47.3,12.42,55.7,68.2,33.7,4,7537.0,43.3,4,3,1.6,56.9,0,0,1,1,2518.0
4.5,50133.0,Sedan,Petrol,92.4,2667.0,44.2,12.16,33.5,18.4,30.2,6,11961.0,36.2,1,5,6.9,56.0,0,0,0,0,150.0
1.2,16550.0,SUV,Electric,74.3,2235.0,53.5,12.59,100.0,44.9,26.2,2,17513.0,35.8,2,2,4.5,59.8,0,1,0,1,463.0
2.6,23975.0,Hatchback,Diesel,88.0,2768.0,50.4,12.88,68.0,44.2,32.0,3,6005.0,55.5,6,6,5.2,67.0,0,0,0,0,4079.0
11.3,192763.0,Sedan,Petrol,92.4,2299.0,34.0,11.12,51.0,27.7,31.1,17,6171.0,25.0,4,5,3.0,35.9,0,1,0,0,2222.0
6.4,94243.0,Sedan,Hybrid,90.5,2775.0,33.6,11.8,91.5,24.3,30.1,8,554.0,44.9,6,6,1.0,67.3,0,1,0,0,7817.0
2.6,24578.0,SUV,Diesel,94.4,2506.0,51.7,12.37,69.1,56.6,29.9,2,3884.0,38.4,3,4,3.9,62.5,0,0,0,0,4302.0
2.5,35842.0,Hatchback,Petrol,90.1,2499.0,34.9,12.21,61.5,61.7,32.5,2,5020.0,51.2,5,4,1.5,63.5,0,0,0,0,3968.0
1.5,31043.0,Truck,Diesel,85.6,1911.0,51.6,13.04,78.3,60.0,36.1,1,2134.0,51.3,4,3,6.1,66.0,0,0,0,1,4361.0
2.8,30755.0,SUV,Petrol,85.8,2569.0,61.4,12.35,82.7,64.4,27.6,3,3296.0,56.8,2,1,1.7,62.7,0,0,0,1,3590.0
5.2,85471.0,Sedan,Hybrid,88.5,2288.0,42.5,12.85,78.2,67.4,33.7,7,3365.0,60.6,4,4,3.6,60.6,0,0,1,0,3393.0
4.7,71267.0,SUV,Petrol,94.4,2788.0,52.4,12.42,88.3,49.5,29.7,7,3381.0,68.0,3,0,4.6,67.3,0,0,0,0,5569.0
2.9,50210.0,Coupe,Hybrid,89.4,2887.0,46.4,12.28,5.0,5.0,23.2,5,20671.0,47.0,6,7,10.0,33.3,1,0,1,1,150.0
2.0,32494.0,Sedan,Diesel,92.7,1876.0,36.4,12.13,60.3,54.8,29.0,2,6156.0,42.7,5,3,2.9,51.9,0,0,0,1,3149.0
3.3,44201.0,SUV,Petrol,84.8,2822.0,66.0,12.28,86.8,81.3,32.8,5,2849.0,63.9,3,4,3.0,62.8,0,0,1,0,1724.0
3.3,57650.0,Hatchback,Electric,64.6,2394.0,48.0,12.41,100.0,37.5,31.0,4,2762.0,28.8,6,4,6.1,82.0,0,0,1,1,7376.0
5.9,81243.0,Truck,Diesel,105.7,2690.0,52.9,11.9,14.4,60.0,28.1,6,12597.0,62.6,2,1,2.7,9.4,1,0,0,1,150.0
4.3,48092.0,Truck,Petrol,96.3,2230.0,40.0,12.59,59.8,17.1,30.2,3,7072.0,54.0,2,2,2.3,65.9,0,0,0,0,3220.0
3.9,61840.0,Truck,Diesel,106.8,2754.0,70.1,12.08,26.7,45.3,31.6,5,12777.0,58.3,5,3,1.9,23.8,1,0,0,1,150.0
7.4,94168.0,SUV,Hybrid,94.6,2395.0,64.0,11.72,54.9,35.8,28.5,9,7107.0,57.1,5,5,3.3,45.1,0,1,0,1,1857.0
8.8,179735.0,Sedan,Petrol,99.3,3069.0,52.8,11.71,5.0,82.6,31.1,15,16403.0,53.9,12,10,2.1,8.0,1,1,1,1,150.0
4.6,52708.0,Hatchback,Petrol,91.7,2652.0,60.0,12.18,76.9,13.5,36.5,5,3745.0,54.5,1,2,7.3,71.0,0,0,0,0,6087.0
4.7,45516.0,Hatchback,Petrol,97.6,2246.0,47.9,12.54,24.3,18.4,28.8,4,12413.0,36.5,9,2,5.1,44.5,1,0,0,1,190.0
3.5,55376.0,Hatchback,Petrol,92.0,2691.0,42.2,12.97,93.2,26.2,32.9,4,1658.0,42.9,7,6,3.5,86.1,0,0,0,0,8854.0
2.1,31121.0,Hatchback,Hybrid,89.4,2621.0,34.3,12.38,46.5,54.0,34.3,3,7596.0,76.9,3,3,3.2,62.3,0,0,0,0,2655.0
6.2,67324.0,SUV,Diesel,91.1,2667.0,50.2,12.4,75.4,61.4,33.0,5,3339.0,61.4,6,6,1.8,68.1,0,0,0,0,4262.0
5.5,83143.0,SUV,Petrol,89.5,2983.0,56.9,12.29,71.3,62.8,33.2,7,5239.0,66.8,2,2,3.0,62.9,0,0,0,0,3801.0
3.6,71396.0,Truck,Petrol,89.6,2873.0,67.6,11.65,49.9,60.9,33.2,6,9070.0,47.2,8,5,2.8,44.1,0,1,0,0,1355.0
4.3,70124.0,SUV,Petrol,89.2,2388.0,67.7,12.5,65.3,53.3,31.1,7,5803.0,53.1,7,5,9.4,64.9,0,0,0,0,4076.0
7.1,85231.0,Truck,Electric,70.4,2583.0,39.4,12.23,100.0,80.6,31.5,7,8911.0,59.4,6,5,2.7,52.0,0,1,1,0,1818.0
7.8,109986.0,Truck,Petrol,94.3,2713.0,67.1,11.66,88.9,56.9,30.9,8,642.0,68.9,8,5,4.3,51.9,0,1,0,0,3434.0
0.5,9776.0,Hatchback,Electric,62.8,2639.0,38.4,13.12,100.0,24.2,32.8,1,3717.0,49.9,3,5,4.5,95.3,0,0,0,0,7402.0
2.5,47207.0,Sedan,Diesel,92.6,2606.0,33.3,12.65,5.0,16.3,24.3,5,20441.0,58.7,6,3,1.5,36.3,1,0,1,1,150.0
3.6,48031.0,SUV,Petrol,92.0,2911.0,57.2,11.81,40.9,14.5,29.2,5,9723.0,61.9,0,1,2.6,51.4,0,0,0,0,1357.0
1.8,25656.0,Sedan,Hybrid,97.0,3010.0,48.3,12.66,73.4,49.1,34.1,2,4689.0,65.1,2,1,5.0,63.3,0,0,0,0,4817.0
4.4,64137.0,SUV,Diesel,90.0,2976.0,39.6,13.42,46.5,50.5,30.8,6,8415.0,49.2,4,3,1.4,53.1,0,0,0,0,2075.0
2.6,19877.0,Sedan,Diesel,96.0,3539.0,47.0,12.44,99.1,38.3,36.5,3,578.0,69.9,9,8,10.0,74.4,0,0,0,1,7720.0
4.4,58868.0,SUV,Electric,67.0,1970.0,35.7,12.6,100.0,42.6,29.8,5,2650.0,32.1,4,4,3.4,72.1,0,0,0,0,6713.0
2.6,30210.0,SUV,Petrol,89.7,2412.0,65.5,12.24,16.2,64.2,28.9,4,15569.0,36.2,6,5,2.1,28.8,1,0,0,1,233.0
2.7,51057.0,Sedan,Petrol,93.2,2601.0,29.5,12.28,66.6,22.8,27.6,6,4859.0,58.7,7,6,1.1,62.6,0,0,0,0,4474.0
4.4,72364.0,SUV,Diesel,93.9,2321.0,55.1,12.91,5.0,53.4,23.0,8,20226.0,58.4,2,1,8.1,19.1,1,0,1,1,150.0
6.3,74300.0,Sedan,Petrol,90.4,2737.0,33.6,12.5,79.7,44.9,34.3,6,2401.0,48.7,3,0,2.7,71.3,0,0,0,0,6603.0
5.3,70920.0,Sedan,Petrol,115.5,2545.0,32.8,12.69,28.2,45.0,28.1,5,12088.0,45.8,2,2,4.3,8.0,1,0,0,0,150.0
3.7,48391.0,Hatchback,Petrol,90.8,2135.0,17.2,12.31,95.3,5.0,33.7,5,528.0,46.0,2,4,1.3,91.4,0,0,0,0,10564.0
1.0,9703.0,SUV,Petrol,94.7,2966.0,36.0,12.66,100.0,31.0,36.0,1,426.0,39.4,1,1,1.9,85.8,0,0,0,0,9464.0
2.6,41675.0,Sedan,Hybrid,90.9,2143.0,40.3,12.41,92.0,79.9,34.0,4,1356.0,51.4,6,4,5.9,72.6,0,0,1,1,2376.0
2.5,49447.0,SUV,Petrol,90.6,2164.0,42.4,12.01,87.4,26.9,35.3,3,2371.0,30.2,4,2,8.0,67.7,0,0,0,0,6581.0
5.7,66981.0,Truck,Diesel,95.5,2636.0,48.2,12.26,88.4,46.7,34.9,6,683.0,67.8,1,0,1.6,64.3,0,1,0,0,5211.0
4.1,68540.0,Sedan,Diesel,92.3,2385.0,31.8,12.99,80.0,32.4,36.0,5,1944.0,57.3,3,4,4.2,76.8,0,0,0,1,7732.0
4.2,71448.0,SUV,Petrol,94.2,2869.0,50.3,11.64,10.6,48.6,27.8,6,13811.0,70.1,3,2,4.1,23.7,1,0,0,0,150.0
2.2,26718.0,Sedan,Petrol,115.4,2567.0,28.4,12.6,13.3,54.4,30.4,1,16457.0,54.3,7,6,5.9,9.2,1,0,1,0,150.0
7.9,67132.0,Sedan,Hybrid,83.6,2939.0,37.9,11.58,92.2,48.3,30.6,6,1219.0,51.5,9,7,4.4,47.1,1,1,0,0,3959.0
4.2,53729.0,SUV,Petrol,87.4,2815.0,53.6,12.78,74.9,30.0,32.8,6,2863.0,53.8,6,6,4.9,78.1,0,0,0,0,7168.0
2.1,35326.0,SUV,Hybrid,87.8,1680.0,52.4,12.05,58.1,71.2,29.6,3,6517.0,42.2,2,0,1.0,43.3,0,0,1,0,2040.0
2.2,39466.0,SUV,Hybrid,88.1,2053.0,34.1,11.46,69.3,71.6,30.5,5,7430.0,34.6,3,5,4.1,36.2,0,1,0,1,1644.0
4.5,70577.0,Truck,Petrol,97.2,2516.0,53.4,11.92,100.0,54.2,35.0,6,583.0,38.2,1,1,1.1,60.3,0,1,0,0,4014.0
2.1,40235.0,Coupe,Diesel,80.8,2453.0,24.7,11.96,10.4,53.4,28.0,2,16205.0,46.0,1,0,3.8,24.5,1,0,0,1,150.0
2.5,24115.0,SUV,Diesel,93.4,2154.0,38.0,12.78,71.6,43.8,31.4,2,4021.0,39.6,2,3,6.4,69.3,0,0,0,0,5450.0
1.7,40307.0,Sedan,Petrol,85.4,2618.0,55.2,12.2,70.0,66.2,31.0,2,4183.0,70.9,2,3,3.6,60.9,0,0,0,1,3292.0
5.7,96296.0,Truck,Hybrid,91.6,2373.0,62.4,11.79,89.8,25.6,35.0,9,981.0,42.1,3,2,5.0,70.1,0,0,0,0,7572.0
2.1,33871.0,Sedan,Hybrid,92.5,1984.0,44.6,11.93,69.4,58.6,27.8,3,5240.0,57.5,2,0,5.7,52.7,0,0,0,0,3481.0
8.7,177506.0,SUV,Petrol,112.1,3540.0,57.4,12.56,62.9,96.7,28.4,15,6157.0,60.2,11,10,5.4,13.6,1,1,1,1,150.0
4.9,76466.0,Sedan,Diesel,90.4,2567.0,34.2,12.21,74.0,60.4,30.9,7,4370.0,69.3,3,4,3.8,61.8,0,1,0,0,3803.0
1.7,38788.0,Sedan,Electric,62.2,2636.0,57.4,12.46,100.0,64.0,26.7,3,14611.0,61.5,1,2,4.0,56.5,0,0,0,1,150.0
5.3,76212.0,Coupe,Electric,61.5,3128.0,45.2,12.64,100.0,67.4,28.3,7,1148.0,49.6,9,7,6.2,64.5,0,0,1,1,3239.0
7.9,132666.0,Hatchback,Diesel,100.6,2980.0,32.8,12.41,80.8,76.3,28.5,11,1728.0,75.9,9,7,10.0,43.3,0,1,1,0,1448.0
3.6,64936.0,Truck,Diesel,92.7,2566.0,44.9,12.46,85.4,47.0,32.7,6,3457.0,34.6,6,6,1.7,77.0,0,0,0,0,6634.0
8.5,151544.0,SUV,Petrol,93.3,2206.0,58.9,12.63,49.3,36.3,27.5,13,6507.0,38.8,5,4,2.3,58.0,0,1,0,0,3332.0
4.9,41474.0,Sedan,Electric,61.4,2369.0,34.6,11.89,100.0,67.9,26.3,4,3986.0,55.1,2,1,5.4,47.0,0,1,1,1,2649.0
2.6,31065.0,Sedan,Petrol,108.1,2297.0,52.0,12.33,38.5,50.2,30.9,2,12771.0,53.2,3,2,9.6,29.8,1,0,0,1,150.0
11.4,206685.0,Sedan,Diesel,93.2,2926.0,39.7,12.37,76.7,38.3,29.6,17,1954.0,63.4,4,1,1.0,65.8,0,1,0,0,6551.0
1.4,15037.0,SUV,Petrol,94.4,2734.0,45.6,13.14,95.5,50.4,34.9,2,2182.0,54.2,9,10,1.1,73.9,0,0,0,0,5946.0
3.0,39291.0,Truck,Petrol,85.6,2481.0,77.5,12.02,21.6,79.5,28.6,3,14845.0,57.2,6,4,3.3,24.7,1,0,1,1,150.0
3.7,50370.0,Truck,Petrol,93.6,2465.0,41.4,11.97,62.4,25.6,32.3,3,4504.0,65.9,4,2,5.6,66.2,0,0,0,0,4964.0
10.4,103455.0,Sedan,Electric,54.0,2679.0,25.7,12.13,100.0,25.5,33.3,9,7262.0,54.0,3,3,3.3,75.2,0,1,0,0,3847.0
5.7,91697.0,Coupe,Petrol,112.0,2863.0,40.2,12.48,76.8,21.3,31.6,7,3462.0,61.5,5,4,3.6,48.7,1,1,0,0,4087.0
5.2,82068.0,Truck,Diesel,97.6,2022.0,61.6,11.11,62.4,73.9,33.2,9,3458.0,41.4,5,5,1.6,28.1,0,1,1,1,934.0
2.3,29945.0,SUV,Petrol,99.1,2370.0,42.0,12.69,89.7,48.0,30.4,4,1417.0,42.3,1,1,3.1,64.5,0,0,0,1,5581.0
3.5,45346.0,SUV,Petrol,86.5,2872.0,64.3,13.19,16.4,18.0,29.3,6,14590.0,64.3,4,5,2.1,49.8,1,0,0,1,226.0
2.6,29911.0,SUV,Petrol,89.4,2976.0,49.3,12.12,41.0,64.6,25.0,2,11782.0,53.7,4,4,3.9,34.3,0,0,0,1,260.0
5.1,70594.0,Sedan,Diesel,87.9,2282.0,69.7,11.89,65.7,33.1,33.0,6,5389.0,54.4,0,3,2.7,65.3,0,1,0,0,4107.0
7.2,88293.0,SUV,Petrol,105.5,2252.0,60.0,12.46,93.5,85.5,28.8,7,658.0,42.3,5,5,1.7,40.3,0,1,1,0,707.0
12.9,259437.0,Truck,Petrol,92.5,2606.0,40.6,10.84,63.9,64.3,37.2,23,2057.0,46.3,2,2,8.3,15.3,1,1,0,1,886.0
2.8,26764.0,Sedan,Petrol,85.8,2682.0,33.6,12.67,83.2,55.1,28.6,2,1781.0,56.0,5,5,5.0,64.9,0,0,0,1,4508.0
1.4,15054.0,Sedan,Petrol,100.4,2853.0,46.3,12.56,71.8,27.7,29.6,1,5404.0,47.8,1,3,4.0,64.2,0,0,0,0,4244.0
3.1,47436.0,Sedan,Electric,63.4,3094.0,37.9,11.19,100.0,32.0,34.9,4,1516.0,39.9,14,12,1.9,56.6,0,1,0,1,5731.0
6.7,67305.0,Sedan,Electric,82.3,2531.0,40.3,11.06,100.0,39.1,35.0,7,4085.0,40.1,4,4,5.0,40.8,0,1,0,0,2961.0
2.1,10079.0,Hatchback,Petrol,99.0,2391.0,63.2,12.49,88.7,14.3,35.0,2,1808.0,43.1,2,2,1.5,74.7,0,0,0,0,7516.0
3.7,65864.0,Truck,Diesel,94.7,2463.0,62.1,11.09,88.2,51.7,34.3,6,2592.0,47.3,5,3,1.8,43.2,0,1,0,0,3246.0
5.2,92596.0,SUV,Electric,61.5,2415.0,59.9,12.72,100.0,13.3,33.4,9,2731.0,48.1,0,1,3.1,91.6,0,0,0,0,8450.0
2.8,22321.0,Sedan,Petrol,87.3,2838.0,64.2,12.47,84.5,34.5,31.7,2,2077.0,74.0,5,3,3.5,79.2,0,0,0,1,7828.0
4.3,33321.0,SUV,Hybrid,108.3,2934.0,42.9,11.92,95.4,57.7,33.4,4,2384.0,64.9,1,0,2.3,39.2,0,0,0,0,2781.0
2.0,16575.0,SUV,Electric,66.7,2145.0,55.0,12.95,100.0,43.8,31.9,1,1489.0,56.2,4,4,1.0,76.0,0,0,0,0,6920.0
7.5,94702.0,Sedan,Petrol,92.0,3037.0,41.6,12.18,38.3,33.4,30.0,10,10045.0,78.1,14,9,2.6,50.5,0,1,1,1,959.0
3.2,63765.0,SUV,Petrol,86.4,2456.0,44.5,13.14,5.0,47.7,24.9,5,23808.0,50.4,2,0,7.7,22.4,1,0,0,1,150.0
4.2,47715.0,SUV,Electric,57.9,2579.0,52.9,12.27,100.0,19.3,27.7,5,10298.0,58.7,2,5,1.0,70.3,0,0,0,1,1296.0
1.0,13316.0,SUV,Diesel,91.3,2408.0,46.5,12.23,85.1,29.1,31.8,1,3367.0,56.6,2,0,4.5,75.7,0,0,0,0,6493.0
1.8,29678.0,SUV,Petrol,94.5,2528.0,46.5,12.37,59.6,68.3,29.2,1,9579.0,58.6,7,3,2.8,52.9,0,0,1,0,1266.0
6.6,123396.0,Sedan,Petrol,99.9,2714.0,36.1,11.37,85.5,55.1,35.7,10,822.0,41.5,3,2,1.1,40.1,0,1,0,0,2910.0
2.8,34303.0,SUV,Petrol,83.2,2312.0,44.9,12.34,83.7,66.2,33.4,3,3237.0,47.7,2,1,7.0,73.3,0,0,0,0,3945.0
2.1,32971.0,SUV,Diesel,94.7,2152.0,56.7,12.24,79.5,59.6,30.4,2,3686.0,40.6,2,1,2.0,60.9,0,0,0,0,3895.0
1.3,10519.0,SUV,Diesel,88.7,2778.0,42.1,12.33,100.0,30.3,26.1,1,483.0,57.7,2,2,8.6,68.9,0,1,0,1,7696.0
7.4,121363.0,Hatchback,Electric,61.5,2560.0,55.0,12.81,100.0,60.0,26.5,8,19887.0,52.0,9,6,3.6,45.6,0,1,0,1,150.0
5.6,98576.0,Truck,Petrol,92.0,2335.0,65.5,12.22,62.2,30.5,32.5,7,4459.0,25.6,6,6,3.9,66.3,0,0,0,1,4849.0
5.4,118379.0,Sedan,Diesel,93.5,2504.0,48.2,13.07,5.0,53.1,22.9,9,24000.0,59.2,5,6,2.7,14.5,1,0,1,1,150.0
9.1,121843.0,Sedan,Diesel,86.5,2494.0,34.9,11.34,80.3,41.1,31.0,8,2527.0,55.0,1,3,6.1,44.5,0,1,0,0,4161.0
3.0,40291.0,SUV,Petrol,95.4,2792.0,54.1,12.4,5.0,71.0,23.6,4,24000.0,75.9,2,2,2.9,14.2,1,0,1,1,150.0
1.4,20488.0,Sedan,Petrol,91.7,2399.0,38.9,12.72,61.2,59.3,35.0,4,6574.0,65.0,8,3,6.3,58.9,0,0,0,0,3113.0
3.9,58854.0,SUV,Electric,61.0,3036.0,60.3,12.2,100.0,58.5,34.3,6,3899.0,67.6,11,10,4.0,70.6,0,0,1,0,4844.0
10.1,200676.0,Hatchback,Hybrid,97.9,2498.0,24.3,12.49,23.3,38.6,24.8,16,12013.0,36.2,2,3,2.6,28.6,1,1,0,0,150.0
3.9,58189.0,SUV,Diesel,92.4,2160.0,54.1,12.12,68.0,44.9,32.9,5,5472.0,67.7,3,1,1.0,65.2,0,0,0,0,4098.0
7.1,85066.0,SUV,Diesel,95.5,2409.0,59.1,12.45,34.3,75.4,31.5,7,11795.0,49.3,5,4,7.4,40.4,0,1,1,1,150.0
1.4,24369.0,SUV,Petrol,95.1,2946.0,69.3,12.31,71.1,51.0,31.9,2,4981.0,42.3,2,0,3.5,67.0,0,0,0,0,4747.0
2.3,38543.0,SUV,Diesel,96.9,2274.0,43.9,12.66,72.3,86.3,35.3,3,3925.0,25.0,7,5,2.1,57.5,0,0,1,0,1255.0
6.3,102608.0,SUV,Diesel,96.6,3424.0,46.6,12.03,57.4,46.1,30.4,8,6490.0,70.4,12,11,5.1,46.4,0,1,0,0,2697.0
4.2,55733.0,Hatchback,Diesel,110.0,2774.0,57.0,11.88,46.8,38.0,30.1,4,9578.0,48.0,10,9,4.0,20.4,1,1,1,0,243.0
3.5,59513.0,SUV,Electric,61.2,2366.0,34.7,12.49,100.0,28.2,36.3,6,714.0,50.3,0,1,4.0,80.2,0,0,0,0,9200.0
7.1,81566.0,Coupe,Diesel,85.9,2846.0,57.9,10.93,70.0,64.1,31.2,8,3753.0,56.5,4,3,10.0,31.2,0,1,0,0,1780.0
6.3,84422.0,Hatchback,Petrol,105.2,3261.0,56.2,12.13,83.1,64.2,36.4,6,1601.0,78.1,4,5,1.8,40.2,0,1,0,0,2256.0
4.2,32004.0,Sedan,Hybrid,89.6,2208.0,45.8,12.5,5.0,66.9,29.0,1,19851.0,48.8,6,1,5.2,24.2,1,0,1,0,150.0
0.5,11421.0,Sedan,Petrol,93.8,2372.0,23.8,13.08,5.0,21.7,26.4,2,23652.0,51.8,4,5,7.3,36.7,1,0,0,0,307.0
3.8,62910.0,Sedan,Petrol,90.6,2425.0,39.3,12.16,5.8,44.0,28.5,5,16037.0,65.6,6,4,2.7,34.0,1,0,1,0,291.0
4.8,75254.0,Sedan,Petrol,90.9,2248.0,39.0,11.99,71.0,56.5,33.1,5,5077.0,48.1,3,2,1.8,55.2,0,1,0,0,4004.0
1.0,7811.0,Sedan,Petrol,95.5,2659.0,43.1,12.78,44.5,14.8,25.9,1,9567.0,40.4,2,2,2.7,60.7,0,0,0,1,1535.0
4.8,84610.0,Truck,Hybrid,95.0,2153.0,59.4,12.42,5.0,64.4,26.6,9,16991.0,25.0,1,1,3.9,25.7,1,0,1,1,353.0
7.3,106188.0,Sedan,Diesel,92.6,3349.0,36.2,12.26,27.8,34.6,31.9,9,13742.0,70.7,9,9,6.6,52.0,0,1,1,1,150.0
3.8,81632.0,Sedan,Hybrid,94.5,2430.0,54.7,11.86,61.8,77.7,28.9,8,5387.0,55.3,7,5,1.9,39.2,0,0,1,1,1236.0
1.9,34951.0,Hatchback,Diesel,94.1,2489.0,48.2,12.85,92.5,66.5,28.4,1,1448.0,59.6,5,5,2.7,63.2,0,0,1,0,3660.0
0.6,8500.0,Sedan,Petrol,99.4,2244.0,44.1,11.79,9.9,14.5,24.5,1,16036.0,45.2,0,0,5.2,19.4,1,0,0,0,150.0
4.8,99194.0,Hatchback,Hybrid,90.7,2927.0,40.9,11.66,28.8,13.8,32.9,10,11567.0,61.5,3,7,5.8,45.9,1,1,0,0,303.0
1.1,16086.0,Sedan,Petrol,88.5,2381.0,44.3,12.93,78.4,37.2,32.1,1,3734.0,43.8,3,2,6.1,72.9,0,0,0,0,6283.0
5.4,55497.0,Sedan,Petrol,92.3,2851.0,16.3,12.36,76.6,23.5,27.9,5,4456.0,54.3,4,5,1.0,70.6,0,1,0,0,5368.0
9.8,190876.0,Truck,Diesel,87.7,2636.0,58.4,11.34,5.0,38.9,27.0,17,24000.0,53.5,6,2,10.0,8.0,1,1,1,1,205.0
2.4,35715.0,SUV,Petrol,90.0,2960.0,75.9,12.08,76.3,83.5,32.6,3,6379.0,67.8,5,5,2.3,57.8,0,0,1,1,1357.0
3.3,62748.0,Hatchback,Petrol,93.3,2749.0,48.2,12.21,86.8,33.7,31.8,5,1607.0,61.1,3,1,10.0,75.7,0,0,0,0,8099.0
10.1,172066.0,Truck,Diesel,89.5,2592.0,60.0,11.98,84.8,73.1,33.6,14,1561.0,43.2,2,0,10.0,54.5,0,1,0,0,2452.0
4.1,80998.0,Hatchback,Diesel,90.6,2270.0,53.7,12.18,86.8,62.6,34.3,5,836.0,60.4,8,8,1.0,68.1,0,1,0,0,4021.0
2.8,38371.0,Sedan,Petrol,90.4,2630.0,57.3,11.66,67.6,74.5,29.9,4,6160.0,46.9,9,6,5.1,44.3,0,1,1,0,1519.0
6.7,88386.0,Sedan,Electric,59.8,2543.0,36.4,11.97,100.0,75.8,36.4,9,577.0,40.6,7,1,2.5,56.2,0,0,1,1,2319.0
2.9,37746.0,Truck,Diesel,87.1,3237.0,65.4,12.32,35.9,67.0,28.4,2,11435.0,59.7,2,2,3.3,36.8,0,0,0,0,150.0
2.2,30130.0,Hatchback,Hybrid,95.5,2611.0,46.7,11.88,88.7,50.5,28.4,4,2891.0,54.7,3,4,5.8,54.3,0,0,0,0,4335.0
5.3,55635.0,Coupe,Petrol,97.0,1809.0,41.2,11.24,69.1,26.3,30.5,5,3125.0,35.3,4,3,1.5,38.3,0,1,0,0,3375.0
7.0,97637.0,SUV,Diesel,95.3,2919.0,72.2,11.34,39.5,32.5,28.1,6,9699.0,44.8,5,5,2.4,30.0,0,1,0,1,755.0
2.2,41259.0,SUV,Hybrid,95.3,2379.0,46.1,12.93,85.5,80.0,33.6,2,1126.0,62.4,5,3,5.0,65.8,0,0,1,1,2201.0
4.3,48762.0,Truck,Diesel,108.2,2649.0,45.0,12.07,74.3,20.5,27.7,1,5285.0,57.4,3,1,4.1,38.5,0,0,0,1,2591.0
3.4,36483.0,Sedan,Diesel,92.2,2810.0,15.0,11.11,78.3,63.8,24.2,4,3402.0,58.0,3,4,5.7,20.8,0,1,0,1,1275.0
3.7,44791.0,Hatchback,Petrol,88.4,2810.0,27.7,12.71,100.0,74.1,31.0,3,1091.0,77.8,2,1,2.4,68.8,0,0,1,0,3024.0
1.9,39339.0,Hatchback,Petrol,91.0,2057.0,32.7,12.46,96.0,57.0,33.9,3,2694.0,65.9,1,0,1.4,78.3,0,0,0,1,5227.0
5.6,58207.0,SUV,Diesel,91.3,2449.0,53.8,12.25,51.1,47.2,33.6,4,6843.0,50.4,3,3,10.0,57.1,0,1,0,0,2947.0
8.7,195545.0,Truck,Petrol,86.0,2008.0,58.2,11.01,37.2,18.5,32.0,16,7473.0,46.3,0,1,1.8,33.2,0,1,0,0,1548.0
2.2,14801.0,Truck,Hybrid,92.0,2603.0,65.8,12.11,84.8,44.9,34.1,2,1277.0,42.5,5,4,1.6,70.3,0,0,0,0,6092.0
5.6,64645.0,Sedan,Petrol,89.4,2216.0,23.6,12.16,5.0,26.5,30.2,7,18541.0,45.6,3,2,1.9,36.2,1,1,1,0,150.0
6.6,120247.0,Hatchback,Electric,60.1,1714.0,40.9,12.29,100.0,55.4,32.1,9,1717.0,29.6,3,2,3.7,71.6,0,1,0,1,5025.0
4.2,72379.0,SUV,Electric,70.4,2533.0,42.6,10.91,100.0,63.0,29.8,5,7473.0,35.0,2,3,3.9,31.1,0,1,0,0,1557.0
5.4,94018.0,Hatchback,Petrol,108.0,2668.0,30.0,10.8,82.8,37.4,26.7,8,2959.0,61.2,13,10,1.0,8.0,1,1,1,1,772.0
2.4,36254.0,Sedan,Petrol,94.3,3031.0,47.5,12.87,62.7,77.2,31.8,3,8285.0,73.5,7,7,1.7,53.6,0,0,1,0,1808.0
8.4,105046.0,Hatchback,Hybrid,86.5,2519.0,44.0,12.36,33.9,38.4,27.8,9,11304.0,52.8,7,6,6.2,46.2,0,1,0,0,307.0
7.0,75223.0,SUV,Electric,59.9,2658.0,60.3,12.35,100.0,64.2,33.8,7,947.0,42.2,1,3,2.6,67.7,0,1,0,0,3943.0
7.5,93989.0,Sedan,Petrol,88.9,2307.0,45.0,12.03,39.1,7.2,29.2,7,10765.0,25.0,2,0,4.0,49.3,0,1,1,1,855.0
1.7,23016.0,Hatchback,Petrol,96.2,2860.0,33.8,12.55,88.8,34.8,33.9,1,1238.0,75.9,2,2,1.8,78.9,0,0,0,0,8449.0
5.0,53217.0,Sedan,Diesel,98.3,2263.0,52.7,11.49,64.0,19.1,26.3,4,5156.0,33.3,3,2,4.6,36.7,0,1,0,1,2652.0
2.5,18161.0,Sedan,Diesel,91.7,2112.0,27.8,12.02,85.1,43.8,32.7,4,3081.0,31.4,3,1,1.7,70.4,0,0,0,1,6565.0
8.8,159688.0,Coupe,Petrol,109.8,2072.0,25.3,12.39,81.1,40.3,31.1,13,2785.0,47.8,0,0,1.3,46.0,1,1,0,0,4206.0
2.2,31526.0,Coupe,Diesel,85.6,2315.0,43.6,12.22,85.0,40.2,33.7,2,1473.0,51.4,2,1,1.0,76.7,0,0,0,1,7293.0
4.3,73201.0,SUV,Petrol,92.7,2635.0,56.2,12.29,55.3,62.7,33.7,6,7738.0,52.1,3,2,3.2,54.7,0,0,0,0,2511.0
0.8,10863.0,SUV,Petrol,90.5,3039.0,47.1,12.64,95.5,36.2,28.4,2,2743.0,40.0,2,6,4.8,73.4,0,0,0,0,6704.0
4.3,69174.0,SUV,Petrol,96.9,2816.0,45.2,12.1,69.7,48.9,31.8,5,4977.0,57.8,4,4,4.9,56.5,0,0,0,1,3939.0
1.7,47784.0,Sedan,Petrol,112.1,2560.0,43.4,12.26,82.9,15.9,31.8,7,499.0,44.7,4,1,3.6,54.5,1,0,0,0,6549.0
5.2,49102.0,Sedan,Petrol,88.2,2358.0,41.8,12.2,70.4,16.4,31.7,3,6426.0,45.0,4,1,6.1,73.4,0,1,0,0,3997.0
3.4,38195.0,Truck,Diesel,86.1,2644.0,41.9,12.46,56.2,71.8,30.9,2,7750.0,48.1,4,3,1.1,55.8,0,0,1,0,2457.0
3.0,25401.0,Truck,Petrol,92.2,2178.0,51.5,11.85,94.9,67.0,31.4,4,818.0,42.5,10,9,1.2,60.6,0,0,1,1,3103.0
8.9,188614.0,Truck,Petrol,89.3,2212.0,44.3,11.65,65.5,15.3,32.0,16,5343.0,34.4,1,4,1.6,53.7,1,1,0,0,3593.0
11.9,162252.0,Truck,Petrol,96.4,2581.0,29.8,12.03,48.1,53.7,28.0,16,8542.0,35.4,3,4,2.5,32.6,0,1,0,0,1029.0
1.4,21029.0,Sedan,Electric,63.4,2463.0,55.2,12.53,100.0,35.7,35.8,3,1392.0,36.5,3,1,3.1,80.5,0,0,0,0,8225.0
3.0,13257.0,SUV,Petrol,91.1,2365.0,54.9,12.16,100.0,27.8,29.7,2,691.0,58.4,0,0,6.5,78.1,0,0,0,0,8679.0
6.1,87986.0,Sedan,Petrol,94.0,2209.0,52.7,12.27,89.0,65.7,32.9,6,1798.0,57.6,2,1,2.6,67.1,0,0,0,0,3736.0
4.7,60354.0,SUV,Diesel,98.5,2496.0,50.7,12.68,72.8,50.7,33.1,5,3217.0,48.2,4,3,5.1,61.4,0,0,0,0,4782.0
5.9,114116.0,SUV,Electric,62.5,2413.0,42.7,12.53,100.0,53.3,38.6,8,4015.0,48.9,3,3,4.5,62.5,0,0,0,1,4400.0
3.6,55614.0,Hatchback,Petrol,89.0,2900.0,28.3,12.82,100.0,24.4,29.5,4,892.0,68.3,2,1,6.5,80.5,0,0,0,0,9237.0
7.2,82112.0,SUV,Diesel,99.3,2821.0,43.9,11.92,5.0,71.4,26.8,6,24000.0,59.2,2,3,4.3,8.0,1,0,1,1,150.0
4.2,82468.0,Sedan,Diesel,88.5,3164.0,33.4,12.61,60.8,61.0,31.2,6,8001.0,73.9,3,2,6.7,54.3,0,0,1,1,2099.0
4.8,97161.0,Sedan,Diesel,94.1,2649.0,20.2,12.12,91.6,32.0,31.9,10,1333.0,43.9,6,1,1.0,77.5,0,0,0,0,8372.0
1.7,35454.0,Truck,Petrol,96.2,2205.0,48.2,11.68,36.8,73.8,32.1,4,10779.0,35.7,2,1,2.7,30.7,1,1,1,0,479.0
4.0,62590.0,SUV,Diesel,109.2,2859.0,48.3,12.7,76.6,53.3,31.5,4,2906.0,66.0,6,4,1.0,43.2,1,0,0,0,3232.0
6.1,77056.0,Sedan,Petrol,94.3,2929.0,48.5,11.36,70.6,54.2,30.8,7,3457.0,51.7,3,0,1.6,41.1,0,1,0,0,3261.0
4.5,62216.0,Sedan,Diesel,90.3,2280.0,46.0,12.87,94.5,29.3,30.3,4,889.0,40.8,2,2,1.5,75.0,0,0,1,0,8516.0
4.1,48463.0,Truck,Diesel,112.1,2639.0,49.0,11.86,79.2,19.9,30.3,4,3973.0,58.8,1,2,6.7,33.2,1,0,0,1,2532.0
5.0,70714.0,Sedan,Petrol,89.7,2484.0,46.9,12.39,83.8,37.7,31.9,5,926.0,42.1,4,4,2.8,73.6,0,0,1,0,7510.0
4.2,48020.0,Hatchback,Hybrid,87.7,2768.0,28.9,11.55,48.8,20.3,36.0,4,7812.0,61.6,7,5,10.0,43.6,0,1,0,1,1603.0
3.7,48597.0,Truck,Petrol,95.1,2422.0,39.2,12.79,85.9,27.4,34.0,3,3134.0,58.8,3,3,2.6,78.9,0,0,0,0,6961.0
6.2,133774.0,Sedan,Hybrid,94.3,2848.0,39.3,11.17,83.6,65.2,33.1,12,2684.0,48.8,4,3,1.0,40.5,0,1,0,0,2338.0
3.5,49427.0,Sedan,Diesel,92.1,2002.0,40.8,12.31,59.9,5.0,32.9,3,7193.0,28.4,2,2,2.5,76.9,0,0,0,0,3722.0
1.6,19434.0,Coupe,Petrol,91.6,3049.0,41.9,12.51,53.7,40.4,32.6,1,7973.0,39.1,7,7,4.3,65.1,0,0,0,1,2742.0
8.7,84670.0,SUV,Petrol,89.5,3314.0,72.3,12.43,50.7,72.2,29.0,6,7018.0,73.3,4,5,3.8,43.7,0,1,1,1,1865.0
2.5,27106.0,SUV,Electric,74.4,2780.0,60.2,12.59,100.0,59.4,30.0,2,10504.0,76.4,3,0,3.2,67.3,0,0,0,0,1006.0
1.3,23754.0,Hatchback,Petrol,89.1,2951.0,52.0,12.48,61.9,47.4,29.5,2,7010.0,88.3,5,2,4.0,61.1,0,0,0,0,2840.0
5.4,75533.0,Hatchback,Petrol,92.8,2432.0,33.8,12.21,5.0,56.0,27.6,6,19264.0,57.6,2,3,5.7,25.6,1,0,0,0,150.0
9.3,121511.0,Coupe,Petrol,90.7,2303.0,42.8,12.12,54.1,46.4,37.6,8,5829.0,36.7,3,1,1.0,47.2,0,1,0,0,2666.0
5.5,87434.0,Truck,Diesel,85.5,3323.0,46.7,12.57,15.8,93.9,26.1,8,14452.0,70.7,10,9,3.5,19.2,1,0,1,1,150.0
8.0,122037.0,SUV,Diesel,104.7,2299.0,44.8,11.05,5.0,73.8,20.7,11,21517.0,48.3,4,2,1.5,8.0,1,1,1,1,184.0
2.1,36395.0,Sedan,Petrol,90.6,2766.0,43.6,12.38,98.4,67.1,35.7,3,1562.0,42.4,3,2,4.7,68.6,0,0,0,0,3581.0
1.6,28172.0,Truck,Petrol,93.5,2917.0,44.5,12.4,51.4,49.5,33.7,3,7741.0,56.7,3,4,1.7,60.9,0,0,0,0,2627.0
3.0,36693.0,SUV,Petrol,92.7,2762.0,43.3,11.69,57.1,55.9,32.3,3,7339.0,78.6,1,1,1.7,45.7,0,1,0,0,2185.0
6.9,96975.0,SUV,Petrol,98.5,2965.0,63.6,10.8,14.5,45.4,30.5,7,13636.0,50.5,10,8,1.1,8.0,1,1,0,1,150.0
5.2,65484.0,Hatchback,Petrol,87.6,2333.0,31.2,11.8,77.7,35.2,33.6,6,3071.0,52.2,5,3,3.3,62.3,0,1,0,0,5493.0
5.4,84600.0,Sedan,Diesel,107.9,2230.0,51.1,12.24,72.4,58.7,32.4,8,3655.0,30.5,2,2,1.0,43.8,0,0,0,0,2841.0
4.1,71635.0,SUV,Petrol,115.6,3131.0,51.8,12.55,93.8,56.3,32.5,6,714.0,53.5,2,3,1.1,43.3,1,0,0,0,2755.0
3.1,36638.0,Sedan,Petrol,92.6,3059.0,39.9,11.42,40.9,68.9,29.6,4,9849.0,61.3,7,5,3.4,25.0,0,1,1,0,448.0
4.2,61297.0,SUV,Petrol,110.3,2669.0,57.4,11.8,85.1,48.7,32.1,5,2412.0,50.8,4,3,2.7,35.4,1,0,0,0,2752.0
3.4,39125.0,Sedan,Electric,64.4,2484.0,37.2,12.73,100.0,55.0,26.6,3,17590.0,51.8,2,1,2.7,53.7,0,0,0,1,150.0
2.9,19791.0,Sedan,Electric,58.8,2579.0,43.8,12.52,100.0,40.5,36.5,3,7471.0,55.2,5,3,1.0,69.0,0,0,0,0,3174.0
4.8,41351.0,Sedan,Hybrid,84.3,2420.0,30.2,12.26,78.7,71.0,33.0,4,3029.0,37.3,6,4,3.4,63.1,0,0,1,1,2961.0
3.2,42175.0,SUV,Petrol,87.8,2312.0,26.5,12.5,28.0,98.0,27.3,4,11487.0,25.0,11,9,3.6,30.1,1,0,1,1,244.0
4.4,49440.0,Truck,Petrol,87.6,2705.0,37.4,11.99,35.6,24.8,29.0,4,11451.0,50.6,3,3,6.1,48.2,1,0,0,1,150.0
0.9,10864.0,SUV,Petrol,93.5,2692.0,47.3,12.87,92.1,30.0,39.1,1,1545.0,48.8,1,1,4.4,74.8,0,0,0,1,7950.0
4.2,47677.0,Coupe,Petrol,94.0,2502.0,44.7,11.61,59.9,19.4,27.6,4,5474.0,60.0,4,1,1.4,48.9,0,1,0,0,3254.0
3.2,37890.0,SUV,Diesel,87.2,2989.0,78.7,12.36,98.2,77.8,30.8,2,466.0,85.6,4,1,1.4,67.8,0,0,1,0,2383.0
8.2,144394.0,Sedan,Hybrid,86.3,2594.0,33.3,12.08,70.5,38.8,31.0,10,3141.0,70.1,8,3,6.4,61.9,0,1,0,1,5508.0
1.3,11233.0,Hatchback,Hybrid,85.6,2083.0,30.2,12.52,48.4,15.7,26.0,2,8105.0,25.0,0,0,5.7,59.3,0,0,0,1,2364.0
4.0,51173.0,Sedan,Hybrid,95.4,2726.0,43.6,12.55,81.8,22.3,32.6,3,3004.0,87.3,4,2,2.9,75.2,0,0,0,0,6634.0
6.1,55301.0,Coupe,Petrol,95.2,2794.0,46.3,11.68,89.2,25.7,34.7,4,1335.0,61.3,6,7,4.8,63.6,0,1,0,0,6577.0
3.5,31034.0,Sedan,Diesel,94.1,2499.0,42.7,12.12,68.3,46.9,28.9,3,5997.0,48.3,2,2,5.4,58.1,0,0,0,0,3372.0
3.1,58978.0,Coupe,Petrol,97.5,3049.0,38.9,12.3,5.0,28.2,30.0,4,21571.0,72.7,6,5,1.0,36.5,1,0,1,0,150.0
6.1,99973.0,Sedan,Petrol,120.0,2037.0,15.8,12.16,68.0,30.8,32.9,8,3862.0,25.0,2,2,1.2,25.0,1,1,0,0,2023.0
5.1,100376.0,Hatchback,Diesel,87.5,2542.0,42.0,11.34,5.0,13.0,25.7,9,16657.0,44.4,1,2,2.3,17.5,1,1,0,0,163.0
5.3,55906.0,SUV,Petrol,89.9,2264.0,52.2,12.59,5.0,31.4,27.7,6,15738.0,54.8,0,1,6.4,33.6,1,0,0,0,150.0
2.9,60862.0,Coupe,Petrol,94.6,2784.0,23.7,12.18,62.3,35.1,37.1,7,7577.0,52.9,4,6,8.7,58.0,0,0,0,0,2462.0
2.7,32503.0,Sedan,Petrol,80.5,3636.0,52.2,12.06,100.0,75.5,32.4,3,874.0,73.2,12,9,3.6,68.6,0,0,1,0,2801.0
4.4,55738.0,SUV,Diesel,90.5,2754.0,64.8,12.2,42.7,42.6,31.8,3,7296.0,68.5,7,5,1.4,58.3,0,0,0,0,2620.0
6.4,154303.0,Coupe,Hybrid,112.4,2295.0,46.3,12.8,61.8,30.5,34.7,13,6212.0,61.5,1,2,1.5,33.8,1,0,0,0,1711.0
1.5,18487.0,SUV,Petrol,90.1,2601.0,47.1,12.49,59.7,36.7,31.3,2,6060.0,48.1,1,0,2.5,67.4,0,0,0,0,4131.0
3.6,70982.0,SUV,Hybrid,94.4,2883.0,58.7,12.23,81.9,62.4,35.8,5,3085.0,65.5,3,5,2.4,63.3,0,0,0,0,3994.0
2.8,43351.0,Truck,Petrol,83.5,2528.0,42.8,12.31,43.4,70.3,29.4,4,9425.0,43.6,1,2,1.5,42.4,0,0,1,0,1100.0
3.9,38339.0,SUV,Petrol,92.6,3052.0,38.6,11.77,23.0,80.1,28.6,2,14344.0,62.8,6,4,2.6,22.9,1,0,1,0,209.0
5.8,52090.0,SUV,Diesel,89.7,2214.0,52.4,12.23,52.6,28.1,30.2,6,7701.0,41.8,3,2,1.0,61.3,0,0,0,0,2776.0
2.2,34913.0,SUV,Diesel,90.6,2393.0,35.6,12.54,89.5,68.2,33.2,2,1441.0,56.1,2,2,2.8,77.5,0,0,1,0,3871.0
5.4,51306.0,Hatchback,Electric,69.0,2585.0,41.2,11.87,100.0,21.2,28.8,2,10380.0,31.6,3,6,1.8,63.0,0,1,0,0,1556.0
3.0,44596.0,Sedan,Petrol,97.9,2993.0,39.8,12.36,100.0,74.0,36.8,4,1506.0,66.5,5,3,1.7,60.3,0,0,1,0,2483.0
7.0,52505.0,Sedan,Diesel,91.8,2544.0,30.6,11.99,30.4,17.7,28.8,5,10857.0,45.8,3,3,4.2,46.2,1,1,1,0,498.0
2.3,30457.0,Coupe,Diesel,92.1,2266.0,62.9,12.77,60.6,47.0,32.7,2,6483.0,32.8,3,2,4.3,72.6,0,0,0,1,4113.0
6.4,54275.0,Hatchback,Electric,57.4,2613.0,35.6,12.14,100.0,24.3,33.6,3,3128.0,38.5,3,6,2.3,74.1,0,1,0,0,6148.0
1.6,16520.0,SUV,Petrol,87.8,2691.0,56.9,11.0,79.9,54.4,31.6,3,5834.0,47.7,7,3,1.2,37.5,0,1,0,0,2525.0
4.3,39717.0,SUV,Hybrid,92.1,2268.0,56.1,12.09,44.6,89.5,23.9,6,11668.0,39.2,11,8,3.4,21.7,0,0,1,1,150.0
5.5,99083.0,Sedan,Diesel,107.8,2388.0,50.9,12.19,53.4,20.7,33.1,9,5059.0,62.1,2,2,2.3,47.1,0,0,0,1,3076.0
2.3,11756.0,Sedan,Petrol,88.6,2355.0,34.0,12.35,79.8,18.5,29.0,1,4607.0,48.1,0,0,5.0,72.7,0,0,0,0,5333.0
0.7,5000.0,SUV,Diesel,92.7,2934.0,40.0,12.33,91.4,23.8,34.6,1,1951.0,65.1,3,4,4.2,84.7,0,0,0,0,8302.0
2.8,41515.0,SUV,Petrol,90.4,2919.0,57.0,11.72,83.4,84.9,34.5,4,3361.0,48.0,4,0,4.6,51.2,0,1,1,0,1520.0
3.9,58776.0,SUV,Diesel,99.4,2651.0,36.4,12.35,63.7,42.6,31.6,5,5168.0,62.0,1,3,1.0,57.3,0,0,0,0,3765.0
3.1,28384.0,Sedan,Hybrid,98.6,2532.0,28.6,12.72,95.2,47.9,27.8,2,1189.0,52.1,6,1,7.9,61.7,0,0,0,0,5192.0
2.7,15679.0,Coupe,Diesel,90.9,2485.0,36.7,12.46,57.4,35.2,26.4,1,8502.0,48.4,5,6,3.5,58.4,0,0,0,1,2060.0
6.2,103842.0,Coupe,Diesel,85.3,2458.0,33.1,12.16,13.5,18.5,31.3,8,15044.0,37.4,2,1,1.0,50.6,1,1,0,0,150.0
7.4,96455.0,Truck,Diesel,90.3,2295.0,50.2,12.05,44.0,27.1,26.5,7,10556.0,52.9,6,3,2.5,36.8,0,1,0,1,494.0
7.2,77480.0,SUV,Petrol,112.7,3040.0,55.7,12.1,66.7,71.2,33.7,7,4731.0,62.3,7,11,3.0,19.7,1,1,1,1,869.0
5.0,88588.0,Sedan,Petrol,88.0,2341.0,44.3,11.96,95.5,79.9,31.5,8,454.0,42.4,9,6,6.7,55.5,0,1,1,1,1673.0
5.4,63937.0,Hatchback,Diesel,97.9,2074.0,33.0,12.23,69.1,32.4,32.8,6,4359.0,51.8,6,4,4.4,63.2,0,0,1,1,5096.0
2.1,30873.0,Truck,Petrol,93.8,3455.0,65.2,12.63,93.0,87.8,33.1,2,1259.0,44.3,12,10,3.8,71.1,0,0,1,0,1262.0
3.7,40013.0,Sedan,Petrol,86.8,3130.0,31.1,12.66,44.5,73.4,29.6,4,9207.0,79.1,7,4,3.1,49.9,0,0,1,0,1546.0
4.1,41300.0,Hatchback,Diesel,88.9,2769.0,24.4,12.43,91.3,58.7,34.1,4,1283.0,56.4,0,2,2.7,67.3,0,0,0,0,4279.0
4.5,55212.0,Hatchback,Petrol,89.4,2892.0,28.4,13.54,95.8,32.2,35.6,6,1255.0,53.3,8,5,1.0,82.1,0,0,0,0,8936.0
4.5,74627.0,Hatchback,Petrol,88.3,2744.0,33.9,12.47,68.3,54.1,29.7,6,5077.0,45.2,3,1,3.6,61.0,0,0,0,0,4358.0
3.9,79745.0,Truck,Diesel,86.9,2613.0,63.7,11.77,75.7,57.1,32.9,7,2193.0,64.4,0,0,1.5,56.3,0,0,0,0,3771.0
5.0,42502.0,SUV,Petrol,89.2,2956.0,57.3,12.48,82.5,79.2,30.7,4,2196.0,52.0,4,7,1.9,60.1,0,0,1,1,2105.0
4.4,51407.0,SUV,Electric,75.8,2558.0,51.3,12.07,100.0,15.8,28.1,4,21260.0,51.1,3,6,4.5,59.6,0,1,0,0,150.0
4.4,57672.0,Hatchback,Hybrid,96.7,2594.0,41.5,12.27,84.5,35.5,34.8,5,2663.0,51.0,8,5,1.8,70.0,0,0,0,0,6294.0
2.4,47408.0,Hatchback,Diesel,93.3,2124.0,28.3,11.93,9.9,12.2,26.2,4,16761.0,36.5,8,6,1.0,37.7,1,0,0,1,150.0
1.8,26719.0,Sedan,Petrol,93.5,2905.0,20.7,11.84,76.3,46.2,33.7,2,2121.0,72.9,2,4,2.6,57.5,0,1,0,1,5067.0
4.6,65117.0,Sedan,Hybrid,92.9,2491.0,26.9,12.32,6.4,32.3,30.9,5,15265.0,64.9,3,1,1.0,41.5,1,0,0,0,150.0
2.9,33763.0,SUV,Hybrid,88.3,2662.0,44.2,12.07,97.2,71.0,30.6,2,1879.0,52.1,6,6,3.2,63.8,0,0,1,0,2973.0
2.5,43835.0,Hatchback,Hybrid,96.1,2704.0,68.4,12.37,97.5,62.1,30.6,6,1648.0,50.6,2,2,4.8,65.9,0,1,0,0,4019.0
5.6,41214.0,Coupe,Petrol,89.8,2352.0,61.1,12.18,87.2,58.6,32.8,5,2514.0,39.7,0,0,2.7,68.9,0,0,0,0,4608.0
3.7,23037.0,Sedan,Diesel,90.2,2523.0,62.5,12.9,83.5,42.8,28.5,1,3960.0,31.3,1,2,1.0,65.8,0,0,0,0,5298.0
8.0,180938.0,SUV,Hybrid,93.0,2309.0,40.6,12.5,66.9,11.7,33.6,15,1921.0,39.7,1,4,5.2,80.4,0,1,0,0,8149.0
5.3,55849.0,SUV,Diesel,101.5,2846.0,75.5,12.12,63.5,30.7,31.8,6,6627.0,68.0,4,3,7.0,54.2,0,0,0,0,3128.0
2.3,31816.0,Coupe,Diesel,89.2,2199.0,29.4,12.3,59.8,42.3,34.8,4,4505.0,46.6,0,0,2.5,64.1,0,0,1,0,5035.0
5.6,84583.0,Hatchback,Diesel,85.0,2697.0,60.1,11.8,72.6,65.4,35.3,7,5432.0,67.2,3,3,1.9,47.7,0,0,0,1,2506.0
4.8,74189.0,Hatchback,Diesel,92.7,2433.0,44.9,12.38,60.3,60.0,29.2,6,7502.0,51.6,4,2,1.0,58.0,0,0,0,0,2476.0
2.3,39549.0,SUV,Petrol,94.2,2069.0,40.9,12.56,67.9,66.4,32.1,3,4429.0,39.8,1,1,3.3,61.1,0,0,0,0,3273.0
2.7,42845.0,SUV,Diesel,89.8,2242.0,72.7,12.85,90.1,78.0,32.6,4,1045.0,41.7,3,1,6.2,71.2,0,0,1,0,2363.0
5.5,46282.0,Sedan,Petrol,108.7,2880.0,62.2,12.04,85.4,5.0,33.0,4,3235.0,55.5,7,6,1.0,58.5,1,1,0,1,5043.0
1.1,21622.0,Sedan,Petrol,86.4,2148.0,29.3,12.84,67.9,36.1,28.3,1,5141.0,29.3,4,5,1.0,65.8,0,0,0,0,4371.0
0.8,12529.0,Hatchback,Petrol,92.8,2310.0,45.1,12.38,82.5,22.3,34.4,3,1681.0,41.3,2,4,2.6,87.8,0,0,0,0,9273.0
4.2,64510.0,Hatchback,Diesel,99.3,2883.0,18.8,10.97,82.6,41.7,33.7,6,4812.0,45.6,5,5,1.0,30.1,0,1,0,0,2145.0
4.0,60985.0,Coupe,Petrol,98.3,3096.0,36.5,11.97,95.2,22.6,32.1,6,1255.0,63.5,3,4,3.0,67.0,0,1,0,0,7325.0
4.5,26652.0,Coupe,Diesel,92.7,2860.0,36.5,12.03,84.0,52.7,27.0,1,3224.0,56.0,3,4,3.6,48.4,0,0,0,1,3780.0
4.1,54301.0,SUV,Hybrid,89.8,2972.0,48.7,12.84,32.1,22.2,27.6,5,12266.0,54.6,1,2,3.8,52.8,0,0,0,0,150.0
4.9,57780.0,Truck,Petrol,93.0,2978.0,73.7,12.29,95.9,42.4,31.8,3,713.0,58.5,4,3,4.4,76.8,0,0,0,0,6939.0
7.5,77963.0,Hatchback,Petrol,106.9,2801.0,26.0,12.12,90.6,40.8,32.7,5,642.0,66.5,2,5,7.9,51.3,0,0,0,0,4926.0
3.8,46188.0,Hatchback,Petrol,103.9,2975.0,36.1,12.91,75.8,5.0,31.5,5,3712.0,52.7,2,1,5.1,67.3,0,0,0,1,5829.0
1.4,19317.0,Sedan,Hybrid,92.2,2775.0,49.5,12.22,10.4,44.4,24.1,2,16390.0,37.5,3,3,5.4,27.8,1,0,1,1,181.0
1.0,13329.0,SUV,Diesel,96.6,2662.0,40.2,12.37,69.3,30.7,31.4,1,6595.0,54.6,3,5,1.1,70.3,0,0,0,0,3670.0
3.1,44466.0,Sedan,Diesel,90.7,2480.0,29.8,12.43,53.3,66.2,32.6,5,7954.0,40.2,2,3,3.2,58.2,1,0,0,1,2447.0
3.1,35371.0,Coupe,Petrol,90.7,2205.0,56.2,12.4,68.9,66.4,29.9,4,5686.0,25.0,4,6,6.5,67.3,0,0,0,0,3631.0
1.6,17025.0,SUV,Diesel,90.4,2566.0,70.5,12.6,46.0,36.0,29.4,1,10100.0,54.6,2,3,2.0,56.4,0,0,0,0,1182.0
0.7,9267.0,Sedan,Hybrid,94.7,2392.0,37.6,12.71,78.3,27.5,31.8,2,3804.0,59.2,6,6,5.0,77.4,0,0,0,0,6303.0
2.9,58505.0,Truck,Hybrid,94.9,2471.0,64.7,12.13,43.3,32.9,33.5,5,9386.0,56.9,3,3,9.1,58.9,0,0,0,0,1706.0
9.3,153628.0,SUV,Diesel,87.2,2708.0,70.7,10.84,5.0,36.4,25.7,13,18087.0,59.1,1,0,1.5,8.0,1,1,0,1,150.0
4.8,72795.0,SUV,Petrol,90.8,2580.0,51.1,12.48,88.3,59.1,32.9,6,3150.0,67.6,8,5,1.0,73.5,0,0,0,1,4913.0
4.6,55338.0,Sedan,Petrol,95.9,2363.0,50.7,11.7,77.6,25.1,33.4,4,3837.0,38.4,5,4,3.8,67.2,0,1,0,0,5581.0
3.4,49702.0,Truck,Petrol,90.2,2859.0,53.3,12.52,100.0,41.8,31.7,6,1651.0,46.6,9,8,2.9,81.3,0,0,0,1,7575.0
3.1,45152.0,SUV,Petrol,97.1,2226.0,37.4,12.67,93.9,20.3,30.3,5,1214.0,34.0,3,2,7.4,75.8,0,0,1,0,8269.0
5.1,67943.0,Truck,Petrol,94.2,2967.0,55.2,12.72,35.3,54.4,29.8,7,9402.0,58.3,3,4,1.3,50.4,0,1,0,1,1388.0
1.7,21756.0,SUV,Petrol,98.5,3155.0,53.1,12.43,65.7,53.5,25.6,2,6165.0,69.2,6,5,6.3,47.7,0,0,0,1,2708.0
10.6,124340.0,Hatchback,Petrol,113.5,2223.0,27.7,12.79,39.6,63.4,31.0,10,8579.0,44.4,4,1,2.8,17.3,1,1,1,0,520.0
1.8,23806.0,SUV,Electric,56.1,2661.0,51.9,11.99,100.0,60.9,30.4,2,1596.0,62.1,7,5,1.8,60.7,0,1,0,0,3573.0
5.3,62884.0,SUV,Diesel,94.4,2441.0,51.7,12.83,37.6,27.6,28.2,6,9600.0,41.2,1,3,3.2,51.6,0,1,0,0,1255.0
1.9,21819.0,Hatchback,Hybrid,95.8,2366.0,41.3,12.2,83.3,29.2,37.5,2,2849.0,61.0,0,0,2.3,64.8,0,0,0,0,5657.0
4.1,77211.0,SUV,Diesel,92.9,2643.0,66.9,12.38,49.1,49.5,31.5,7,6687.0,25.0,2,3,3.1,62.6,0,0,0,1,3488.0
5.7,90221.0,Sedan,Petrol,96.0,2712.0,52.9,12.36,27.7,8.2,28.1,8,12624.0,73.3,2,3,6.1,49.1,1,0,0,1,150.0
1.2,11852.0,Sedan,Diesel,89.0,2558.0,38.6,12.97,65.7,15.9,30.5,2,6611.0,36.7,1,2,9.6,78.2,0,1,0,0,4126.0
2.1,39350.0,Truck,Petrol,91.3,2123.0,46.2,12.07,96.0,67.5,34.1,3,1622.0,54.4,1,1,2.9,65.4,0,0,0,0,3614.0
2.2,37313.0,SUV,Diesel,85.5,2557.0,69.7,13.2,75.1,85.9,31.4,3,4906.0,71.7,5,2,4.0,58.7,0,0,1,0,1399.0
3.2,51222.0,Truck,Petrol,90.4,2046.0,52.4,11.66,80.5,23.4,29.6,4,2297.0,35.6,3,2,5.6,63.3,0,0,0,0,6096.0
4.4,55637.0,Sedan,Electric,66.5,2633.0,34.8,11.4,100.0,28.2,30.9,4,5631.0,76.6,5,5,4.0,49.9,0,1,0,0,3276.0
9.4,173892.0,Sedan,Petrol,92.8,2693.0,40.8,12.34,82.3,62.1,33.1,13,935.0,81.4,2,1,1.9,69.7,0,1,0,0,4313.0
2.7,59487.0,Sedan,Petrol,95.4,2766.0,18.5,12.79,5.0,25.6,26.6,4,24000.0,61.6,3,3,3.6,33.4,1,0,1,0,285.0
9.1,154056.0,SUV,Electric,57.4,2900.0,48.0,11.66,100.0,31.9,33.6,15,6695.0,52.2,0,2,2.8,57.7,0,1,0,0,2998.0
4.7,42920.0,SUV,Petrol,94.6,2522.0,48.8,10.92,80.6,88.7,30.0,4,3524.0,49.4,4,4,1.0,23.2,0,1,1,0,526.0
1.8,30827.0,SUV,Diesel,91.9,2630.0,44.1,11.94,83.4,69.8,33.8,3,3149.0,60.0,4,2,1.0,61.0,0,1,0,0,3122.0
3.5,67459.0,SUV,Diesel,90.9,2724.0,58.2,12.48,70.1,47.1,30.7,5,6053.0,62.4,2,2,3.6,66.3,0,0,0,0,4253.0
1.4,11336.0,Hatchback,Hybrid,86.8,1963.0,51.7,11.82,51.8,32.8,30.5,1,7648.0,25.0,5,1,1.6,54.6,0,0,0,0,2504.0
3.1,48414.0,Sedan,Electric,65.8,2640.0,63.1,12.24,100.0,12.0,29.4,5,2136.0,48.0,8,6,5.7,82.2,0,0,0,1,8107.0
3.0,40675.0,SUV,Electric,63.3,2893.0,46.9,12.16,100.0,76.5,27.5,4,5604.0,43.8,2,1,1.8,54.0,0,0,1,1,1900.0
4.2,79083.0,Truck,Petrol,88.8,2489.0,50.2,12.77,10.6,66.7,28.0,7,13033.0,41.8,3,2,2.1,34.3,1,1,1,0,150.0
5.4,69758.0,SUV,Hybrid,95.1,2962.0,46.2,11.32,37.7,56.8,31.0,6,11206.0,42.1,1,3,4.8,24.5,0,1,0,0,150.0
3.6,58269.0,SUV,Diesel,99.9,2258.0,59.3,12.33,81.4,33.8,32.0,4,1726.0,33.9,4,1,2.5,67.1,0,0,0,0,6938.0
1.9,20844.0,Hatchback,Diesel,88.2,2574.0,16.4,12.38,78.8,33.5,32.5,3,3541.0,73.7,3,1,1.6,84.2,0,0,0,0,7005.0
8.0,142074.0,Hatchback,Petrol,110.9,2766.0,36.5,12.79,34.9,18.5,23.2,13,10569.0,43.8,5,4,4.3,9.1,1,1,0,1,166.0
9.7,150829.0,Sedan,Diesel,96.7,2941.0,45.5,11.8,60.5,30.0,33.0,14,2804.0,50.0,3,5,10.0,53.5,0,1,0,0,5009.0
3.4,33479.0,Hatchback,Electric,62.9,2472.0,34.5,12.64,100.0,58.7,32.7,1,9919.0,47.6,5,5,1.8,71.9,0,0,0,1,1590.0
4.6,62635.0,SUV,Electric,67.6,2693.0,51.7,12.42,100.0,57.0,28.7,6,8430.0,44.3,9,6,5.2,66.2,0,0,0,0,2399.0
3.3,48629.0,Sedan,Petrol,93.1,2658.0,53.1,12.47,84.2,8.8,34.0,5,1712.0,57.8,4,4,4.7,86.7,0,0,0,0,9046.0
4.2,85071.0,SUV,Petrol,97.1,2116.0,52.9,11.13,52.2,68.6,30.8,8,8158.0,47.6,2,2,10.0,20.9,0,1,1,0,765.0
4.3,74618.0,Coupe,Petrol,91.8,2420.0,56.3,11.69,11.1,59.0,27.0,6,12201.0,60.5,6,5,6.5,20.5,1,1,0,0,150.0
1.6,13398.0,SUV,Hybrid,84.4,2862.0,75.6,12.35,19.3,48.8,27.1,2,15850.0,74.0,6,5,3.0,38.9,1,0,1,0,150.0
3.1,32341.0,Sedan,Diesel,92.0,2752.0,48.4,11.97,85.3,64.3,34.4,3,2226.0,36.6,6,5,4.2,59.1,0,0,0,0,3295.0
6.7,105515.0,SUV,Diesel,97.3,2736.0,49.3,12.21,5.0,22.9,22.5,9,24000.0,56.5,0,1,1.0,12.0,1,1,0,1,150.0
6.4,81933.0,Sedan,Petrol,94.1,2379.0,59.4,12.28,66.6,68.9,34.6,6,4780.0,56.1,7,3,7.4,52.0,0,1,1,1,2440.0
3.1,57232.0,Sedan,Petrol,92.4,2260.0,15.0,12.89,72.0,34.6,36.1,6,2283.0,35.5,6,7,1.1,71.3,0,0,0,1,7051.0
4.4,55475.0,Sedan,Diesel,92.9,2539.0,23.4,12.66,41.1,22.1,28.9,6,8718.0,61.0,6,5,4.2,60.9,0,0,0,0,2070.0
3.2,60900.0,Sedan,Electric,59.0,2365.0,51.2,12.07,100.0,33.5,31.1,6,8512.0,48.3,4,5,4.2,72.3,0,0,0,0,2554.0
5.5,60285.0,Sedan,Diesel,83.6,2649.0,70.9,12.68,53.8,25.7,32.5,6,6591.0,74.1,5,4,4.6,71.4,0,1,0,0,3859.0
1.2,26221.0,Sedan,Petrol,95.1,2221.0,48.6,11.59,79.8,50.7,28.5,1,1417.0,66.0,6,3,1.5,46.3,0,1,0,0,3397.0
5.1,90593.0,SUV,Diesel,96.6,2083.0,59.0,12.47,91.6,31.0,33.8,7,611.0,52.0,5,6,3.0,78.6,0,0,0,1,8982.0
8.3,108110.0,Sedan,Petrol,107.6,1928.0,35.6,11.01,40.6,31.9,23.1,8,9040.0,49.0,4,4,5.0,8.0,1,1,0,1,354.0
2.4,24538.0,Sedan,Electric,69.3,2733.0,51.9,11.95,100.0,59.0,33.4,5,3191.0,76.3,9,9,4.7,65.2,0,0,0,0,4567.0
7.7,159285.0,Hatchback,Petrol,94.0,3023.0,59.1,11.8,76.8,54.2,29.6,14,1068.0,43.9,9,9,10.0,49.7,0,1,0,0,3829.0
4.5,50360.0,SUV,Diesel,98.1,3505.0,63.4,12.87,5.0,26.8,30.0,5,17793.0,55.7,2,3,7.1,38.5,1,0,0,0,279.0
3.6,53176.0,Truck,Petrol,91.2,2918.0,52.8,11.8,5.0,33.7,25.9,4,17348.0,51.1,1,0,2.8,21.9,1,1,1,0,150.0
3.1,48343.0,Sedan,Diesel,94.5,2732.0,51.2,12.55,50.1,5.0,29.4,1,7082.0,68.7,2,1,2.7,72.9,0,0,0,1,3665.0
7.8,114554.0,Sedan,Diesel,99.5,2714.0,46.5,12.55,81.9,51.1,32.8,9,2207.0,69.8,9,6,1.7,62.4,1,1,0,0,5017.0
3.2,62085.0,Sedan,Diesel,90.4,2497.0,45.7,12.33,5.0,30.3,23.4,4,24000.0,59.6,3,2,4.7,22.6,1,0,0,1,192.0
9.0,94734.0,Sedan,Petrol,91.8,2415.0,50.4,12.64,77.8,13.6,30.5,8,2193.0,44.6,1,1,1.0,74.6,0,1,0,0,7403.0
8.4,183022.0,Sedan,Petrol,87.1,3004.0,28.4,12.11,85.1,9.7,36.0,15,469.0,49.8,3,2,1.0,70.6,0,1,0,0,8151.0
2.8,29111.0,Sedan,Petrol,87.3,2015.0,38.5,11.33,18.5,64.3,29.3,4,15336.0,34.8,4,1,4.4,12.7,0,1,0,1,150.0
3.4,49363.0,Sedan,Diesel,95.0,2602.0,41.8,12.97,81.7,5.0,35.3,3,1819.0,55.5,2,3,6.0,84.9,0,0,0,1,8700.0
0.9,6092.0,Sedan,Petrol,96.3,2448.0,26.0,11.48,62.6,22.2,31.6,1,6858.0,40.7,5,3,1.9,49.5,0,0,1,0,2501.0
3.7,61229.0,SUV,Diesel,96.2,2868.0,40.5,12.3,86.7,42.1,30.7,4,2170.0,83.3,4,2,5.0,64.8,0,0,0,0,6182.0
4.0,87324.0,Sedan,Hybrid,87.4,2054.0,34.5,12.64,78.4,70.7,32.3,8,4249.0,44.3,4,5,7.9,66.9,0,1,1,0,3323.0
7.1,149106.0,SUV,Hybrid,111.8,2663.0,66.9,11.42,69.6,39.1,31.8,13,3754.0,66.4,3,3,5.8,17.6,1,1,1,1,1312.0
8.7,161488.0,SUV,Petrol,93.4,2523.0,52.9,12.12,65.7,59.8,30.9,13,3455.0,73.4,3,4,4.0,55.0,0,1,0,0,3442.0
5.8,76674.0,Truck,Diesel,82.4,3225.0,55.2,12.24,75.2,55.6,34.7,6,2886.0,63.6,2,2,4.4,64.7,0,0,0,0,4459.0
6.8,96885.0,Sedan,Petrol,93.3,2797.0,47.3,12.58,100.0,22.5,34.1,7,500.0,44.9,9,7,4.9,83.4,1,1,0,1,9333.0
3.4,45962.0,Truck,Diesel,99.0,2741.0,62.0,12.57,90.4,5.2,33.2,5,1970.0,43.9,3,3,3.5,82.0,0,0,0,0,8417.0
1.7,20936.0,SUV,Hybrid,96.0,2832.0,60.4,12.01,5.0,45.2,24.2,1,24000.0,93.2,4,3,2.4,13.9,1,0,1,1,511.0
4.5,62052.0,Sedan,Petrol,81.9,2778.0,41.2,12.13,93.1,47.4,35.4,6,451.0,79.6,6,3,3.6,71.8,0,0,0,1,6168.0
7.0,118647.0,Hatchback,Petrol,93.1,3390.0,43.5,11.87,80.4,53.2,31.9,10,885.0,56.2,8,9,2.3,55.4,0,1,0,0,4104.0
0.5,7175.0,Hatchback,Hybrid,92.4,2759.0,53.5,11.88,96.1,15.1,34.2,1,613.0,47.3,3,3,5.8,82.8,0,0,0,0,9331.0
4.1,30670.0,Sedan,Hybrid,92.6,2563.0,35.3,12.14,69.3,58.3,34.1,4,5091.0,39.8,4,4,3.5,61.5,0,1,0,1,3952.0
1.0,9796.0,Sedan,Petrol,91.9,2746.0,55.9,13.03,92.0,15.7,33.2,1,644.0,43.3,4,2,1.8,91.5,0,0,0,0,10587.0
2.3,36810.0,Hatchback,Diesel,90.2,3123.0,32.8,12.61,64.2,62.9,33.5,2,5398.0,61.9,5,2,2.8,67.7,0,0,0,1,3852.0
4.2,31057.0,Truck,Petrol,82.2,3282.0,50.2,12.52,86.3,56.2,34.0,3,2968.0,84.4,1,2,1.9,74.3,0,0,0,0,5301.0
8.7,110824.0,Sedan,Petrol,92.7,2756.0,48.1,11.75,11.8,28.6,25.4,9,14058.0,50.3,2,2,8.1,19.7,1,1,1,1,150.0
3.8,47136.0,Sedan,Electric,60.1,2912.0,66.4,11.09,100.0,7.1,33.6,6,3290.0,68.8,3,0,5.7,60.9,0,1,0,0,5387.0
5.6,84906.0,SUV,Hybrid,89.3,2673.0,32.0,12.51,32.8,81.5,27.6,8,11541.0,64.6,2,4,2.5,30.7,0,1,1,1,260.0
4.4,64061.0,SUV,Hybrid,96.5,2559.0,64.8,12.71,47.0,42.2,31.3,7,8325.0,47.9,0,3,2.2,57.0,0,0,0,0,2098.0
2.4,41658.0,SUV,Petrol,84.9,2987.0,61.7,12.5,5.0,89.3,27.5,2,23089.0,66.0,7,5,2.5,15.7,1,0,1,1,150.0
5.0,67999.0,SUV,Hybrid,84.6,3171.0,55.4,12.6,68.4,58.6,33.4,7,4198.0,66.4,11,11,1.1,63.2,0,0,0,0,4413.0
1.6,22823.0,SUV,Petrol,91.8,2883.0,59.5,12.36,5.0,49.5,26.3,2,20518.0,64.8,2,4,3.6,30.7,1,0,0,1,226.0
3.8,70755.0,Truck,Petrol,88.8,2499.0,40.8,12.4,56.8,59.3,30.3,5,7162.0,46.2,2,4,1.3,59.7,0,0,0,0,2834.0
7.7,59915.0,Sedan,Diesel,95.4,1996.0,30.9,11.96,78.8,25.7,35.6,6,3536.0,62.0,3,3,3.2,61.1,0,1,0,0,5145.0
4.3,77291.0,Sedan,Petrol,102.9,2927.0,45.5,12.5,71.9,56.2,36.0,6,4776.0,68.6,5,3,5.6,45.1,1,0,0,0,3208.0
4.5,79668.0,Truck,Hybrid,96.9,2702.0,41.5,12.29,43.6,57.1,31.2,6,8918.0,65.4,4,2,7.7,43.8,0,0,0,0,1550.0
3.1,69818.0,Hatchback,Diesel,88.6,2772.0,42.2,12.63,15.9,52.9,23.2,7,14459.0,67.1,4,3,2.3,29.3,1,0,0,1,358.0
1.3,11650.0,SUV,Petrol,92.1,3121.0,47.2,12.77,90.8,35.2,28.7,1,3784.0,49.2,1,4,2.2,76.3,0,0,0,1,6203.0
3.3,42104.0,SUV,Petrol,83.6,2828.0,49.0,12.28,5.0,83.1,26.0,3,19013.0,67.0,6,3,1.0,19.3,1,1,1,1,150.0
6.2,89162.0,Sedan,Petrol,91.3,2575.0,53.3,11.61,77.2,71.3,34.0,8,4630.0,70.1,3,3,4.8,44.6,0,1,1,1,2020.0
4.8,68900.0,SUV,Petrol,91.8,2654.0,40.4,12.1,38.2,56.9,30.0,6,9964.0,45.6,5,3,3.3,41.4,1,0,0,0,883.0
1.7,23325.0,SUV,Diesel,96.3,2618.0,58.8,13.1,16.1,64.5,32.1,1,15882.0,32.6,8,9,1.9,42.4,0,0,1,0,352.0
1.0,7871.0,Sedan,Hybrid,85.5,3113.0,46.1,13.0,96.7,22.4,33.8,1,2014.0,74.9,5,3,2.1,89.4,0,0,0,0,9008.0
2.4,26114.0,Sedan,Petrol,90.4,2287.0,42.7,12.55,96.6,45.4,34.3,3,1858.0,45.5,3,2,6.3,76.3,0,0,0,0,6538.0
3.3,47064.0,SUV,Petrol,97.3,2275.0,48.1,11.15,43.2,22.5,26.2,3,7845.0,41.6,7,4,1.0,27.2,0,1,0,1,1328.0
3.5,63127.0,Sedan,Diesel,114.5,2415.0,44.0,12.48,69.2,33.0,31.0,3,6900.0,55.0,2,2,7.1,37.2,1,0,0,0,1810.0
3.5,38006.0,Sedan,Hybrid,88.2,2126.0,28.8,11.97,30.4,72.6,30.6,2,11857.0,48.2,5,4,1.7,34.8,1,0,1,0,150.0
3.8,48474.0,Sedan,Petrol,88.8,2306.0,37.8,12.53,64.2,13.7,31.0,5,5468.0,25.0,5,7,5.2,76.9,0,0,0,0,5089.0
4.9,78948.0,Sedan,Petrol,106.3,3106.0,59.5,11.59,44.2,52.7,28.7,6,8830.0,64.5,1,3,1.4,14.3,1,1,0,1,494.0
3.0,27996.0,Sedan,Diesel,83.0,2433.0,46.5,12.04,100.0,46.4,33.6,2,1611.0,64.1,3,1,4.2,71.0,0,0,0,0,6339.0
2.0,17470.0,Hatchback,Petrol,111.7,2002.0,39.6,12.59,67.6,25.7,30.2,2,5523.0,37.6,2,2,2.8,38.4,1,0,0,0,2496.0
5.2,96290.0,SUV,Petrol,88.9,2467.0,60.6,12.81,90.2,24.9,32.3,7,467.0,51.6,1,4,7.0,84.3,0,0,0,0,9789.0
6.3,92463.0,Truck,Diesel,99.7,2444.0,44.7,12.41,51.7,24.2,29.7,9,7846.0,37.8,5,3,2.8,55.3,0,1,0,1,2010.0
2.7,24911.0,Truck,Diesel,92.9,2228.0,57.8,12.32,5.0,59.7,27.8,2,23322.0,40.0,6,3,7.4,27.7,1,1,0,1,150.0
10.7,190571.0,SUV,Diesel,90.7,2386.0,47.4,11.75,81.9,49.9,35.8,14,1654.0,43.6,6,1,2.5,51.1,0,1,0,0,4013.0
8.5,113535.0,Sedan,Diesel,94.1,2711.0,33.4,12.0,80.6,50.0,35.4,10,1355.0,59.4,5,3,5.0,56.8,0,1,0,0,4365.0
1.8,19325.0,SUV,Diesel,95.6,2898.0,52.9,11.85,75.9,35.0,25.0,2,4571.0,80.2,2,3,5.7,44.3,0,0,0,1,3204.0
1.1,13807.0,SUV,Petrol,96.4,2332.0,44.8,12.36,69.0,28.6,31.3,2,4243.0,46.2,1,0,2.7,70.7,0,0,0,0,5504.0
3.4,56882.0,Truck,Petrol,92.5,3185.0,56.9,12.53,67.8,35.6,33.5,4,4202.0,63.7,5,4,3.3,71.8,0,0,0,1,5313.0
4.5,57306.0,SUV,Petrol,91.4,2783.0,60.2,12.4,82.9,31.0,31.9,4,2630.0,63.2,3,4,1.1,79.3,0,0,0,0,7377.0
10.6,121895.0,Sedan,Petrol,92.1,2037.0,37.1,11.09,88.5,54.6,33.9,11,1367.0,25.0,5,3,3.9,41.4,0,1,0,1,3035.0
10.4,109207.0,Sedan,Diesel,91.3,2650.0,15.0,11.45,12.0,43.6,27.3,10,17055.0,32.6,5,6,5.3,8.0,1,1,0,0,150.0
5.6,90174.0,SUV,Hybrid,89.4,2977.0,45.6,12.8,70.6,24.5,30.4,7,3186.0,80.6,4,5,7.9,76.4,0,0,0,0,6891.0
3.0,31585.0,SUV,Electric,64.2,2357.0,39.0,12.95,100.0,71.3,33.7,3,3799.0,44.9,3,0,5.5,68.0,0,0,1,0,3318.0
7.3,81557.0,SUV,Diesel,90.7,2888.0,58.8,12.31,65.9,76.8,29.6,6,3957.0,58.3,5,3,3.7,48.8,0,1,1,0,1651.0
4.1,59082.0,SUV,Petrol,87.4,2906.0,44.8,12.59,82.4,47.2,31.7,5,1289.0,56.7,5,2,2.6,75.4,0,0,0,0,6519.0
1.5,32223.0,Coupe,Petrol,91.6,2040.0,36.0,12.25,87.6,58.5,33.1,4,1834.0,25.0,3,5,3.1,77.4,0,0,0,1,5061.0
1.6,24282.0,SUV,Hybrid,94.4,2788.0,62.9,12.38,100.0,49.9,30.1,5,484.0,42.5,3,1,2.8,76.6,0,0,0,0,6455.0
3.0,48248.0,Sedan,Diesel,85.7,2575.0,29.4,13.36,71.1,5.5,31.8,4,4871.0,62.2,2,1,6.0,87.4,0,1,0,1,6104.0
6.6,100504.0,Sedan,Diesel,90.4,2432.0,43.6,12.1,64.7,40.9,31.2,9,5652.0,38.9,7,4,7.0,57.9,0,1,0,0,4005.0
1.9,29352.0,Sedan,Hybrid,88.3,2198.0,32.2,13.11,92.5,55.5,31.4,3,1961.0,46.7,3,2,2.7,72.7,0,0,0,1,5093.0
3.0,55725.0,Sedan,Diesel,100.2,2543.0,34.7,13.14,76.1,14.0,31.5,5,3974.0,35.1,3,3,4.5,73.9,0,0,0,0,6116.0
8.4,101547.0,Sedan,Hybrid,91.9,2017.0,25.6,12.34,57.0,28.8,29.8,8,8034.0,40.2,6,2,3.0,61.5,0,1,0,0,2377.0
4.8,68044.0,Sedan,Petrol,97.7,2560.0,33.3,12.3,84.8,52.9,30.2,5,2351.0,44.6,5,2,1.0,61.7,0,0,1,0,4730.0
5.1,77276.0,Sedan,Diesel,92.5,2525.0,44.1,11.87,91.9,59.4,30.9,6,3374.0,26.0,3,0,1.3,54.9,0,1,0,0,3562.0
6.7,103248.0,Sedan,Hybrid,92.8,2587.0,27.2,12.45,47.9,23.4,30.5,8,8315.0,68.4,3,1,1.8,69.7,0,0,0,0,2735.0
3.0,58140.0,Hatchback,Petrol,112.7,2552.0,31.0,12.43,65.4,23.6,34.2,4,6304.0,32.6,1,2,3.0,44.5,1,0,0,0,2363.0
8.8,107181.0,Sedan,Diesel,90.6,2506.0,65.9,11.33,63.7,28.0,29.5,8,4986.0,49.6,3,2,3.8,39.6,0,1,0,0,2481.0
5.7,80266.0,SUV,Petrol,91.2,2176.0,59.1,12.14,14.3,70.5,27.0,7,13572.0,41.6,6,5,8.0,24.7,1,0,1,1,150.0
3.5,73629.0,SUV,Electric,61.0,2680.0,56.9,12.5,100.0,62.4,32.1,5,874.0,67.1,2,1,3.4,76.9,0,0,0,0,4751.0
7.9,113508.0,Coupe,Petrol,112.4,2305.0,32.9,12.37,49.5,49.7,35.1,10,5254.0,34.7,8,3,3.5,29.5,1,1,0,0,2110.0
5.5,33085.0,Sedan,Diesel,85.0,2607.0,52.1,12.3,52.3,55.7,28.5,2,8220.0,41.1,2,2,5.2,49.8,1,0,0,1,2170.0
3.8,53434.0,SUV,Petrol,108.7,2334.0,70.5,12.8,94.1,45.6,28.8,3,2501.0,33.3,7,5,1.4,48.6,1,0,0,0,4375.0
5.2,77894.0,Coupe,Diesel,86.7,2360.0,33.1,12.32,86.3,52.0,33.4,5,2605.0,25.0,1,3,3.8,68.3,1,0,0,1,5077.0
2.2,29712.0,Hatchback,Petrol,91.9,2380.0,53.2,12.4,73.8,55.1,31.9,3,4887.0,59.1,6,3,4.9,66.4,0,0,0,0,4813.0
7.3,95592.0,Hatchback,Petrol,92.8,2807.0,58.9,11.84,74.5,32.4,32.1,8,3110.0,52.5,5,6,2.5,61.5,1,1,0,1,5409.0
10.5,156410.0,Sedan,Diesel,97.2,2692.0,17.2,11.21,75.3,38.7,31.9,12,3984.0,55.1,2,5,3.2,39.5,0,1,0,0,3149.0
1.2,24622.0,Sedan,Electric,65.1,2708.0,51.5,12.48,100.0,40.6,27.3,1,8034.0,63.3,5,4,2.7,68.4,0,0,0,1,2751.0
2.6,36739.0,Truck,Petrol,90.4,2450.0,42.8,11.58,69.8,78.3,32.7,4,3433.0,53.5,6,0,2.5,45.5,0,0,0,0,2024.0
2.5,39710.0,Hatchback,Petrol,89.0,2322.0,54.7,12.62,99.6,67.2,36.0,4,581.0,45.8,1,1,3.6,71.3,0,0,0,0,3730.0
5.9,50197.0,SUV,Hybrid,94.4,2728.0,46.4,12.61,87.3,30.4,35.2,4,1036.0,55.6,5,5,6.0,76.3,0,0,0,0,8283.0
4.3,55226.0,SUV,Diesel,91.1,2605.0,64.9,13.13,70.2,46.2,33.4,6,4981.0,44.9,7,7,4.4,69.1,0,0,0,0,4828.0
2.9,47960.0,Sedan,Electric,57.0,2368.0,16.9,11.3,100.0,9.1,32.1,2,18179.0,67.6,2,0,6.8,52.0,0,1,0,0,150.0
3.2,38840.0,Truck,Petrol,92.1,2174.0,67.8,12.37,95.3,70.7,31.0,2,2584.0,46.9,2,3,2.5,65.4,0,0,0,0,3316.0
2.7,32313.0,Sedan,Diesel,84.1,2370.0,40.5,12.59,88.2,46.9,32.3,2,557.0,50.3,1,2,4.6,83.4,0,0,0,0,7147.0
5.5,63974.0,Sedan,Petrol,91.8,2587.0,55.9,12.29,40.2,29.9,27.1,6,11329.0,60.9,5,3,3.9,45.3,0,0,0,1,351.0
4.3,45390.0,SUV,Petrol,88.4,2155.0,45.0,12.1,50.2,17.0,34.3,5,10005.0,84.7,3,2,5.9,62.8,0,0,0,0,1521.0
3.1,57015.0,SUV,Diesel,90.2,2482.0,58.6,11.9,24.9,45.1,28.8,7,13715.0,37.7,6,5,4.8,34.9,1,0,0,1,150.0
2.8,15842.0,Sedan,Diesel,99.5,2815.0,57.0,12.45,76.5,26.3,33.2,2,4480.0,34.9,2,1,6.6,71.0,0,0,0,0,5227.0
7.9,75885.0,Sedan,Hybrid,89.6,2691.0,40.1,12.64,85.9,49.1,32.8,6,912.0,48.6,4,3,2.1,76.3,0,0,0,0,6336.0
7.2,113275.0,SUV,Petrol,94.7,2345.0,58.8,12.24,83.6,55.4,30.6,12,1440.0,41.5,2,2,8.1,62.3,0,0,0,0,4580.0
5.5,89775.0,Sedan,Petrol,95.7,2518.0,49.6,12.29,5.0,70.5,24.7,7,21386.0,61.8,6,4,2.5,11.8,1,0,1,1,150.0
6.7,59473.0,SUV,Petrol,115.5,2303.0,38.2,11.25,28.9,35.6,27.6,4,12998.0,54.8,3,6,2.3,8.0,1,1,0,1,150.0
1.5,26576.0,Sedan,Electric,62.5,2638.0,34.9,12.75,100.0,33.7,28.1,1,6466.0,36.3,1,4,4.5,67.0,0,0,0,0,3975.0
1.9,30677.0,SUV,Petrol,87.1,2836.0,68.9,12.58,89.8,60.3,28.1,3,746.0,62.5,3,4,1.0,71.3,0,0,0,1,4444.0
1.7,23345.0,SUV,Petrol,102.2,2516.0,29.0,12.04,95.4,45.9,33.7,2,848.0,77.9,1,2,3.2,61.2,0,0,0,0,5242.0
3.8,59626.0,Sedan,Petrol,86.8,2710.0,54.6,12.55,87.4,25.4,33.6,5,1715.0,40.8,1,4,1.9,87.6,0,0,0,0,8995.0
6.9,102137.0,Sedan,Diesel,104.0,2734.0,31.7,12.03,48.4,31.5,32.6,9,7389.0,56.6,1,1,1.6,39.4,1,1,0,0,1818.0
2.9,46751.0,Sedan,Petrol,90.1,1977.0,63.5,12.17,5.0,5.0,27.5,4,23830.0,25.0,2,1,1.9,36.5,1,0,0,1,150.0
7.4,113099.0,Sedan,Electric,62.1,2469.0,46.4,10.8,100.0,27.4,29.2,8,6029.0,46.8,0,4,2.4,38.4,0,1,0,0,2166.0
2.6,31750.0,Coupe,Petrol,93.7,2583.0,29.2,12.41,28.6,50.1,33.5,4,12232.0,56.3,4,1,1.9,52.2,1,0,0,0,367.0
3.5,45671.0,Sedan,Hybrid,89.5,2763.0,53.8,12.21,34.3,6.8,31.7,3,9838.0,50.0,0,5,1.5,63.2,0,0,0,1,1318.0
2.9,39318.0,Hatchback,Petrol,90.0,2215.0,56.0,12.32,77.5,55.7,33.0,4,2376.0,53.6,1,1,2.4,74.2,0,0,0,0,5102.0
3.4,55887.0,Sedan,Diesel,85.2,2840.0,52.5,12.05,62.4,22.3,32.4,4,6086.0,41.1,9,9,1.2,73.4,0,0,0,0,4160.0
3.6,68079.0,Truck,Electric,82.7,2830.0,49.8,11.57,100.0,53.0,26.9,5,8388.0,69.6,5,4,4.6,46.0,0,0,0,1,1696.0
1.0,20358.0,Truck,Petrol,91.1,2678.0,70.1,12.37,76.9,40.1,31.5,1,2928.0,46.3,2,1,2.3,73.9,0,0,0,0,6509.0
4.7,68937.0,SUV,Electric,64.0,2633.0,44.9,11.02,100.0,49.1,33.3,6,6533.0,34.8,4,5,1.5,44.7,0,1,0,0,2317.0
3.5,48399.0,SUV,Diesel,93.0,2567.0,67.3,11.81,87.2,28.8,30.4,5,1301.0,51.5,6,3,5.0,67.8,0,1,0,1,7206.0
8.8,163723.0,SUV,Electric,57.7,2853.0,23.9,12.76,100.0,56.5,28.8,13,10886.0,64.9,0,1,4.6,60.5,0,1,0,0,981.0
5.3,84387.0,Sedan,Diesel,93.9,2230.0,41.0,11.78,68.7,70.2,30.0,7,2819.0,59.8,3,2,1.8,43.1,0,1,0,0,1988.0
4.6,44900.0,Hatchback,Petrol,94.0,2514.0,36.1,12.45,80.3,71.0,36.2,3,2762.0,44.8,7,6,9.4,59.1,0,0,0,0,3008.0
8.5,92487.0,Hatchback,Petrol,94.4,2613.0,23.9,12.41,38.7,18.3,34.9,7,8899.0,76.8,4,3,8.6,63.6,1,1,0,0,1946.0
8.0,167179.0,Coupe,Petrol,98.2,2453.0,56.9,12.07,33.7,64.4,28.1,14,10375.0,51.0,6,4,5.2,23.3,1,0,0,0,150.0
9.0,98615.0,Sedan,Petrol,110.6,2084.0,15.0,11.55,45.0,17.5,35.2,10,8912.0,28.0,3,2,6.6,17.0,1,1,0,1,851.0
2.7,41411.0,Truck,Petrol,87.7,2298.0,70.2,12.61,93.4,81.5,31.0,4,3029.0,60.3,4,2,1.5,68.2,0,0,1,0,1964.0
1.7,19811.0,Hatchback,Petrol,107.4,2774.0,22.0,12.77,5.0,36.3,27.5,1,16857.0,50.1,5,3,4.3,20.5,1,0,0,1,150.0
1.0,10491.0,Sedan,Petrol,89.9,2780.0,53.8,12.72,71.0,10.5,30.5,3,6277.0,51.0,3,4,3.0,80.3,0,0,0,0,4407.0
6.7,86822.0,Sedan,Hybrid,108.6,2736.0,34.2,12.15,76.9,68.3,33.9,7,3296.0,64.4,4,7,4.3,33.3,1,1,0,0,1651.0
0.9,22382.0,Truck,Petrol,81.4,1846.0,29.4,12.37,88.2,46.1,27.2,2,3166.0,48.3,2,1,4.8,68.5,0,0,0,0,5928.0
4.3,57221.0,SUV,Petrol,92.4,2339.0,48.2,13.08,100.0,29.5,36.9,6,934.0,47.9,5,2,4.9,80.5,0,0,0,0,8860.0
1.3,20359.0,Hatchback,Diesel,91.6,2292.0,46.4,12.88,89.0,40.5,32.2,1,1589.0,34.5,4,2,1.9,81.0,0,0,0,1,7759.0
7.3,106760.0,Sedan,Petrol,99.2,2719.0,28.0,11.99,51.0,35.3,28.3,9,7290.0,44.6,1,1,10.0,38.5,0,1,0,0,1589.0
5.1,88542.0,Truck,Petrol,98.9,2369.0,55.9,12.44,79.0,80.1,30.3,8,2855.0,55.4,2,1,3.4,50.6,0,1,1,0,1673.0
7.2,114393.0,Sedan,Petrol,94.2,2840.0,51.1,11.33,66.2,51.5,30.2,10,2339.0,43.8,7,6,1.4,40.1,0,1,0,1,2878.0
4.4,61443.0,Sedan,Electric,68.5,2377.0,62.3,12.35,100.0,50.0,31.1,5,433.0,28.6,9,8,5.6,73.0,0,0,0,0,5957.0
2.0,31147.0,Sedan,Hybrid,88.2,2810.0,41.2,13.08,24.1,67.1,32.1,4,12470.0,61.1,6,3,2.0,49.3,1,0,1,0,150.0
2.9,48323.0,Hatchback,Petrol,92.3,2787.0,52.8,12.39,80.2,5.0,29.6,4,2462.0,61.7,0,1,3.4,83.0,0,0,0,0,8012.0
6.3,75442.0,Truck,Diesel,109.8,2821.0,64.6,12.25,77.0,57.5,30.4,6,2785.0,61.8,4,3,2.7,35.1,1,1,0,1,2519.0
1.2,9424.0,SUV,Diesel,92.1,2074.0,51.7,12.79,5.0,28.6,26.3,1,24000.0,39.0,3,1,4.4,35.3,1,1,0,0,301.0
2.7,50706.0,SUV,Diesel,88.4,2555.0,69.8,12.1,71.7,24.9,35.5,3,4633.0,51.7,3,5,6.6,65.8,0,0,0,0,4905.0
2.5,35846.0,Hatchback,Diesel,93.2,2792.0,51.9,12.26,65.6,58.1,30.2,1,5404.0,55.4,7,4,3.8,55.2,0,0,0,1,3432.0
3.6,58183.0,SUV,Diesel,86.0,2444.0,55.6,12.91,88.3,44.2,34.0,6,795.0,60.3,5,7,2.4,75.1,0,0,1,0,6768.0
5.4,46682.0,Hatchback,Petrol,103.6,2905.0,49.8,12.31,67.0,13.2,34.7,4,5009.0,60.6,6,4,8.8,60.6,0,0,0,1,4196.0
7.1,50290.0,SUV,Petrol,97.3,1883.0,55.3,11.96,84.2,28.3,34.1,4,4006.0,32.2,4,0,7.3,63.7,0,1,0,0,5128.0
1.5,25118.0,SUV,Diesel,96.8,2465.0,60.2,12.55,20.9,46.4,29.8,3,13669.0,76.1,1,2,10.0,40.9,1,0,0,0,150.0
2.1,25186.0,SUV,Hybrid,86.4,2313.0,78.6,12.51,76.2,72.6,36.2,2,5210.0,35.1,8,5,2.2,59.0,0,0,1,0,2462.0
1.6,21398.0,Sedan,Diesel,97.8,2159.0,31.5,12.95,21.8,41.3,29.4,2,13621.0,29.2,6,4,1.5,46.0,0,0,0,0,250.0
3.7,62329.0,Truck,Hybrid,92.6,2190.0,55.9,12.77,24.4,43.3,32.2,4,9537.0,25.0,4,1,1.0,52.5,1,0,0,0,1443.0
1.7,30379.0,SUV,Electric,61.7,2788.0,55.6,12.55,100.0,61.0,30.4,2,483.0,61.8,2,4,1.2,73.2,0,0,0,0,4534.0
4.7,88431.0,Sedan,Petrol,98.9,2820.0,49.9,12.93,5.0,72.7,20.0,7,23887.0,72.3,5,3,2.7,8.0,1,1,1,1,150.0
7.7,89188.0,Hatchback,Diesel,94.0,2206.0,35.0,12.66,95.0,74.8,33.1,8,894.0,43.1,6,3,4.0,69.5,0,0,1,1,2855.0
1.1,14158.0,SUV,Diesel,91.3,2564.0,47.6,12.63,93.1,41.6,36.8,1,632.0,27.2,2,3,1.9,75.8,0,0,0,1,7024.0
2.2,29675.0,SUV,Electric,65.7,2767.0,54.4,12.16,100.0,55.9,33.0,3,2813.0,64.2,2,4,1.4,70.0,0,0,0,1,4794.0
9.0,60282.0,Hatchback,Electric,55.7,2573.0,46.1,12.79,100.0,29.4,32.2,5,3988.0,33.8,4,3,4.4,77.0,0,1,0,0,6350.0
4.3,57908.0,SUV,Diesel,92.4,2045.0,48.1,12.03,88.7,30.8,30.7,4,2043.0,60.7,1,2,6.4,73.9,0,0,0,0,7626.0
2.7,47638.0,Sedan,Petrol,95.7,3123.0,18.9,12.01,64.8,51.3,30.4,4,4869.0,39.1,21,16,1.0,53.8,0,0,1,1,4027.0
14.3,182232.0,Hatchback,Hybrid,111.4,2343.0,29.0,11.72,5.0,10.5,26.8,16,22759.0,45.9,3,3,1.0,8.0,1,1,0,1,150.0
3.2,52179.0,SUV,Petrol,95.6,2758.0,70.6,11.94,60.6,20.5,33.4,4,5670.0,56.5,4,2,3.3,64.4,0,0,0,0,3913.0
5.3,63353.0,Sedan,Hybrid,93.8,3061.0,59.0,11.94,97.0,38.8,39.6,5,1170.0,56.6,3,3,4.9,59.1,0,1,0,1,5765.0
2.2,40500.0,Sedan,Electric,59.9,2195.0,32.8,12.07,100.0,62.7,26.1,3,16189.0,53.5,3,1,1.6,47.2,0,0,1,1,150.0
2.0,28132.0,Truck,Petrol,99.3,3066.0,76.8,12.49,94.7,60.9,32.4,3,1158.0,72.6,2,4,1.1,72.6,0,0,0,0,4680.0
5.5,104977.0,SUV,Diesel,109.2,2697.0,50.5,12.08,63.6,40.0,31.4,10,4375.0,76.0,3,3,6.1,34.9,1,1,0,0,2618.0
9.5,125108.0,SUV,Petrol,85.0,2257.0,33.6,12.4,63.8,68.5,35.3,10,4426.0,77.1,3,0,3.3,57.0,0,1,1,0,2748.0
2.8,36879.0,Hatchback,Petrol,88.4,2761.0,36.7,12.72,48.4,52.1,29.3,4,8868.0,49.5,3,3,1.7,57.5,0,0,0,0,2014.0
1.9,37829.0,Truck,Petrol,87.4,3032.0,63.1,12.94,43.5,62.4,25.0,2,7800.0,53.5,1,3,9.2,43.8,0,0,0,1,1966.0
6.6,83270.0,Sedan,Hybrid,92.3,3408.0,35.2,12.48,63.7,53.2,33.0,7,6629.0,71.3,1,5,5.1,66.5,0,0,0,0,3614.0
2.8,31896.0,Sedan,Electric,67.4,2660.0,50.0,12.65,100.0,59.6,26.2,3,6979.0,42.9,7,6,3.0,62.6,0,0,0,1,3101.0
4.7,56537.0,Sedan,Electric,70.2,2171.0,44.4,11.37,100.0,17.2,32.3,4,9690.0,46.0,3,4,5.8,57.3,0,1,0,0,1411.0
2.8,49488.0,Truck,Petrol,97.8,2466.0,50.2,11.55,82.7,27.9,24.5,4,1629.0,52.3,5,2,1.0,45.8,0,1,0,1,4925.0
3.1,51546.0,Sedan,Hybrid,95.8,2753.0,53.7,12.4,5.0,38.9,27.3,3,24000.0,51.7,9,8,2.4,31.1,1,0,1,0,150.0
2.1,25325.0,SUV,Diesel,80.8,2740.0,68.3,11.64,73.9,43.9,31.5,2,5527.0,48.0,1,2,2.1,59.5,0,1,0,1,3685.0
5.6,92768.0,Truck,Petrol,117.8,2306.0,55.0,11.35,46.6,25.8,32.4,8,8709.0,38.9,2,1,2.7,9.4,1,1,0,1,150.0
4.8,77042.0,Hatchback,Petrol,106.3,2094.0,45.9,11.74,62.7,46.4,28.0,7,6022.0,64.0,2,1,7.4,18.7,1,1,0,1,1059.0
4.7,70502.0,Sedan,Petrol,93.6,2697.0,23.7,12.6,23.6,36.1,31.1,5,13938.0,46.6,4,4,8.2,50.5,1,0,0,0,150.0
2.4,50506.0,Hatchback,Electric,76.1,2693.0,58.7,12.31,100.0,7.5,31.6,3,6152.0,54.2,3,5,3.8,84.5,0,0,0,0,5257.0
4.6,94210.0,Sedan,Diesel,102.6,2694.0,32.4,12.22,82.9,5.0,32.7,8,1053.0,51.9,1,1,2.2,69.9,0,0,0,0,7474.0
10.2,117009.0,Hatchback,Diesel,93.2,2645.0,28.5,11.93,16.7,35.4,24.7,8,13850.0,61.5,1,1,1.3,21.5,1,1,0,1,150.0
1.9,40100.0,Sedan,Petrol,115.0,2763.0,50.2,12.25,97.0,66.1,35.0,4,1102.0,58.4,3,2,7.6,33.9,1,0,1,1,1855.0
2.3,34280.0,SUV,Diesel,95.8,2564.0,50.6,11.36,62.1,67.4,31.9,4,5193.0,48.4,5,4,4.5,35.9,0,1,1,1,1906.0
2.3,32604.0,Truck,Petrol,85.5,2695.0,48.5,12.77,91.6,78.0,30.9,4,1865.0,46.2,6,6,1.9,67.5,0,0,1,1,2368.0
4.0,42856.0,Sedan,Petrol,95.8,2219.0,35.3,12.0,83.9,72.6,34.3,4,1238.0,50.4,2,1,2.1,55.6,0,1,0,0,2422.0
1.8,11601.0,Sedan,Diesel,90.6,2597.0,28.2,12.48,93.4,26.0,29.8,1,1248.0,36.5,4,6,3.7,83.6,0,0,0,0,9331.0
5.1,81326.0,Truck,Petrol,107.5,2422.0,46.7,13.07,22.0,77.0,32.5,6,13459.0,40.7,6,4,1.0,21.6,1,0,1,0,150.0
1.0,12658.0,Truck,Hybrid,94.8,2815.0,67.5,12.27,80.3,31.7,30.5,1,3158.0,59.4,4,4,2.9,73.6,0,0,0,0,6305.0
6.0,127480.0,SUV,Petrol,85.5,2269.0,67.6,12.28,67.8,68.1,33.0,10,3230.0,56.2,2,2,1.8,62.1,0,1,0,0,3100.0
4.7,55674.0,Truck,Diesel,95.3,2657.0,53.6,12.64,58.0,27.7,29.9,3,7914.0,38.5,2,1,5.9,63.0,0,0,0,0,2663.0
10.1,89546.0,SUV,Petrol,90.9,2601.0,46.2,12.88,32.8,87.6,26.6,6,11985.0,50.3,5,3,3.6,31.2,0,1,1,1,311.0
2.0,11664.0,Sedan,Diesel,91.1,2539.0,46.2,13.01,30.7,44.6,29.0,1,11526.0,30.1,11,4,2.2,52.8,0,0,1,1,408.0
6.8,134482.0,Sedan,Petrol,82.5,2493.0,16.0,11.38,59.1,68.9,31.9,11,7181.0,53.9,3,1,1.7,29.5,0,1,1,0,1440.0
3.5,44860.0,Sedan,Petrol,95.1,2698.0,55.3,11.53,52.8,76.2,30.2,3,8623.0,47.3,2,4,8.9,27.5,0,1,1,0,878.0
3.1,54766.0,Hatchback,Electric,61.6,2304.0,38.8,12.34,100.0,22.5,30.5,4,6618.0,81.3,1,2,7.9,82.6,0,0,0,0,4511.0
1.9,30483.0,SUV,Petrol,89.6,2631.0,42.0,12.85,26.7,64.6,32.7,3,11989.0,60.2,5,3,1.0,48.1,0,0,1,0,150.0
2.8,24052.0,SUV,Hybrid,87.8,2156.0,71.4,12.39,77.8,59.9,30.8,4,3147.0,38.7,1,2,8.3,63.7,0,0,0,0,3917.0
2.9,65172.0,SUV,Electric,56.7,2262.0,54.1,13.02,100.0,44.4,36.5,5,2167.0,38.5,2,2,1.5,74.7,0,0,0,0,6725.0
1.3,15573.0,Hatchback,Petrol,92.9,2918.0,35.3,11.82,96.7,33.1,33.1,1,1823.0,60.9,4,3,4.1,71.3,0,0,0,1,7145.0
4.6,57890.0,Sedan,Petrol,91.5,2307.0,65.0,12.57,61.5,22.8,31.4,4,6415.0,64.3,1,3,3.7,68.0,0,0,0,0,3708.0
4.3,74642.0,SUV,Diesel,87.5,3101.0,48.9,12.63,77.8,61.9,32.8,6,2159.0,78.0,3,4,1.3,68.7,0,0,0,0,4499.0
5.3,77353.0,SUV,Electric,66.0,2824.0,62.6,11.44,100.0,53.7,32.4,7,1305.0,68.2,2,2,5.3,55.4,0,1,0,0,4426.0
2.6,32910.0,SUV,Electric,63.5,3050.0,64.3,10.88,100.0,68.2,24.6,3,22098.0,58.7,5,5,1.7,8.0,0,1,1,1,150.0
6.1,127197.0,Sedan,Diesel,109.0,2189.0,28.6,12.75,79.7,49.0,34.9,10,3487.0,71.9,0,1,3.7,41.1,0,0,0,0,3234.0
7.9,71596.0,Hatchback,Hybrid,86.7,2673.0,37.9,11.46,23.4,44.7,24.5,6,14994.0,53.0,3,2,10.0,13.4,1,1,1,1,308.0
3.3,49671.0,Hatchback,Petrol,88.6,2627.0,37.4,12.68,41.5,18.3,25.9,3,8322.0,52.4,3,3,2.7,55.3,0,0,0,1,2002.0
2.0,31013.0,SUV,Electric,50.2,2387.0,34.0,13.05,100.0,66.4,34.7,3,3185.0,35.0,3,4,3.1,70.3,0,0,0,0,3968.0
3.9,56220.0,Truck,Electric,53.3,3218.0,31.6,12.26,100.0,38.9,28.2,6,1396.0,73.1,5,4,3.0,68.6,0,0,0,1,6717.0
3.8,32307.0,Hatchback,Petrol,92.5,1965.0,15.0,12.97,24.4,51.5,35.8,4,12376.0,53.9,1,1,1.9,46.8,1,0,0,0,289.0
3.4,56829.0,Truck,Petrol,95.4,2528.0,48.2,12.67,17.3,26.3,29.5,5,14842.0,50.6,4,2,1.0,50.0,1,0,0,0,150.0
5.3,61517.0,Sedan,Petrol,98.7,2591.0,26.9,12.15,97.2,28.6,36.7,5,1712.0,40.9,3,1,2.8,66.7,0,0,0,0,6839.0
3.0,29067.0,SUV,Petrol,86.9,2449.0,44.8,12.57,63.2,59.9,33.0,3,6836.0,69.2,6,5,1.1,67.7,0,0,0,0,3478.0
1.9,25293.0,SUV,Hybrid,100.2,2873.0,49.4,12.45,93.0,47.7,29.0,1,5779.0,65.8,4,3,4.9,61.3,0,0,0,0,3776.0
4.1,90118.0,SUV,Petrol,91.3,2669.0,57.6,12.45,5.0,22.1,25.9,9,17533.0,39.4,6,7,2.8,39.6,1,0,1,1,150.0
5.5,121268.0,Truck,Petrol,92.6,2112.0,50.6,12.37,53.1,70.8,24.5,11,7180.0,59.1,5,3,1.0,36.4,0,0,1,1,1709.0
5.7,91702.0,Hatchback,Petrol,91.7,3056.0,33.5,11.69,75.9,14.0,35.1,6,2452.0,63.1,5,5,7.9,62.7,0,1,0,0,6015.0
2.9,40248.0,Hatchback,Electric,63.8,2397.0,68.4,12.04,100.0,80.1,31.7,3,8575.0,34.6,13,9,2.4,57.6,0,0,1,1,1771.0
4.5,69291.0,SUV,Diesel,95.3,3197.0,54.4,11.33,65.5,62.9,35.7,5,5280.0,61.0,7,6,3.2,33.7,0,1,1,0,1807.0
8.0,124787.0,Sedan,Petrol,109.8,2777.0,52.4,12.28,78.3,63.0,29.7,12,3173.0,58.2,4,3,3.3,32.4,1,0,0,0,2022.0
8.0,152824.0,Coupe,Petrol,110.2,2873.0,28.0,12.68,53.6,54.9,32.6,11,6482.0,60.7,9,6,6.2,34.8,1,1,0,1,1703.0
6.9,61649.0,Hatchback,Electric,57.8,3101.0,55.6,12.45,100.0,18.7,29.8,5,21708.0,79.8,3,2,3.1,68.2,0,1,0,0,353.0
1.2,19557.0,Sedan,Hybrid,86.2,3191.0,32.2,12.24,25.0,29.7,27.6,2,11454.0,93.5,2,1,2.5,46.7,0,0,0,0,150.0
3.0,30388.0,Hatchback,Petrol,95.1,2232.0,73.2,12.04,54.8,47.2,32.6,1,9217.0,69.3,3,2,2.2,56.4,0,0,0,0,1403.0
7.7,102257.0,Hatchback,Petrol,88.8,2491.0,30.3,11.09,92.6,46.7,33.4,10,916.0,55.6,11,10,2.0,49.6,0,1,0,0,4380.0
1.2,11897.0,SUV,Petrol,91.1,2630.0,41.6,12.19,87.4,31.6,31.7,1,1237.0,60.9,5,3,1.1,79.7,0,0,0,0,8585.0
3.6,50425.0,SUV,Petrol,96.2,2319.0,51.3,11.7,63.2,26.5,31.1,3,6559.0,58.1,3,2,2.4,47.3,0,1,0,0,2603.0
2.5,28673.0,SUV,Diesel,94.7,3324.0,49.3,12.2,93.2,60.2,35.4,3,609.0,84.9,4,2,2.7,68.7,0,0,0,1,4277.0
4.5,62689.0,Sedan,Electric,71.3,2244.0,24.7,12.8,100.0,21.9,30.8,5,7087.0,53.9,0,1,6.3,79.5,0,0,0,0,4117.0
0.7,13689.0,Sedan,Diesel,88.3,2512.0,58.1,12.72,75.0,24.2,30.2,1,2736.0,46.2,3,3,6.1,82.4,0,1,0,0,7845.0
7.3,68610.0,Hatchback,Hybrid,93.4,2707.0,55.2,12.58,83.6,35.5,29.8,5,1541.0,59.7,3,1,2.2,73.4,0,0,0,0,7778.0
3.7,50933.0,Sedan,Petrol,88.3,3385.0,33.9,12.33,87.8,11.9,32.8,3,707.0,81.2,2,0,1.1,86.0,0,0,0,0,9717.0
1.8,25491.0,Sedan,Diesel,93.5,2593.0,50.9,12.54,89.9,39.0,32.7,1,1945.0,38.4,1,1,1.6,82.6,0,0,0,0,8246.0
2.3,37439.0,SUV,Diesel,86.3,2326.0,72.3,12.77,60.1,73.6,30.9,2,8138.0,42.6,6,4,3.8,52.4,0,0,1,0,1900.0
4.6,90667.0,SUV,Petrol,96.3,2568.0,54.3,12.48,68.0,7.6,28.1,9,4280.0,41.8,3,3,1.8,69.9,0,0,0,1,5500.0
2.2,33074.0,Hatchback,Petrol,92.3,2442.0,30.8,12.7,91.4,56.1,31.4,5,617.0,35.2,1,1,3.3,78.5,0,0,0,0,5512.0
9.3,174555.0,Sedan,Diesel,91.4,2465.0,54.2,11.91,75.1,71.1,31.3,14,865.0,38.7,6,1,1.0,51.9,0,1,1,0,2415.0
3.5,51277.0,Sedan,Petrol,93.1,2472.0,53.9,12.7,63.8,20.7,34.5,3,6096.0,65.2,4,3,6.8,74.4,0,0,0,0,4481.0
8.4,67251.0,Truck,Petrol,91.0,3329.0,43.4,11.98,33.3,63.0,24.1,7,12200.0,55.1,10,8,3.0,20.7,0,1,1,1,150.0
4.1,69109.0,SUV,Diesel,91.8,2171.0,73.8,13.1,56.4,61.8,30.0,6,6293.0,33.9,6,6,2.7,58.0,0,0,0,0,3401.0
5.6,98360.0,Sedan,Electric,61.5,2709.0,25.8,12.38,100.0,7.0,32.6,9,3561.0,61.6,2,0,4.9,86.2,0,1,0,1,7091.0
5.4,81230.0,SUV,Diesel,111.1,2351.0,58.1,12.7,77.1,65.9,29.2,6,4128.0,56.8,2,2,2.4,28.2,1,0,0,0,1486.0
2.7,43870.0,Sedan,Hybrid,94.4,2771.0,29.8,12.28,63.6,68.5,32.5,4,3720.0,65.3,4,2,1.0,58.7,0,0,1,0,2962.0
5.6,89342.0,Sedan,Petrol,92.5,2363.0,41.6,12.23,16.7,62.6,25.7,7,15165.0,43.5,1,2,2.8,28.2,1,1,0,1,150.0
2.9,34553.0,SUV,Hybrid,90.2,2072.0,56.6,12.33,83.1,71.4,34.2,2,1477.0,34.8,3,4,3.0,70.1,0,0,0,0,3155.0
1.2,19357.0,SUV,Diesel,95.8,1964.0,79.6,11.88,84.1,34.8,33.5,3,3524.0,61.5,2,1,3.6,61.4,0,0,0,0,4966.0
3.3,45660.0,Hatchback,Hybrid,87.9,3055.0,23.3,11.48,92.0,24.1,31.1,5,2796.0,63.6,8,6,9.3,58.9,0,1,1,0,5322.0
1.6,15743.0,SUV,Petrol,98.6,2368.0,47.6,12.38,55.9,46.4,33.4,1,6183.0,36.5,8,6,4.5,65.1,1,0,1,0,3571.0
2.8,33590.0,SUV,Diesel,94.3,2588.0,48.0,11.77,52.8,65.2,29.3,3,8057.0,55.3,4,2,3.4,37.1,0,0,0,0,1739.0
3.7,71113.0,SUV,Diesel,116.0,2906.0,58.3,12.49,69.0,59.1,29.5,5,5136.0,43.4,5,3,5.2,22.7,1,0,1,0,1520.0
2.0,30800.0,Sedan,Petrol,93.4,2923.0,37.5,12.41,5.0,51.6,28.0,1,24000.0,65.6,3,4,1.0,27.1,1,0,0,0,197.0
5.2,97379.0,Truck,Petrol,91.0,1946.0,28.0,11.34,75.4,30.7,35.5,8,2306.0,61.3,3,3,6.5,51.2,0,1,0,1,5092.0
2.9,30962.0,Sedan,Petrol,95.3,2503.0,50.0,12.24,92.6,54.5,33.7,1,521.0,69.1,7,4,4.9,73.3,0,0,0,1,5245.0
1.6,23139.0,Coupe,Petrol,85.9,1867.0,54.8,12.47,44.5,36.9,31.2,3,8755.0,40.2,4,1,6.8,64.3,0,0,0,0,1906.0
2.0,33953.0,Sedan,Hybrid,89.1,2234.0,45.6,12.96,89.1,65.8,35.1,3,2225.0,42.3,7,3,2.5,71.1,0,0,1,1,3746.0
4.0,78878.0,SUV,Petrol,90.7,2384.0,48.1,12.22,5.0,58.5,25.9,6,23335.0,46.8,1,2,4.0,18.8,1,0,0,1,150.0
3.2,36729.0,Sedan,Petrol,86.0,3064.0,42.1,11.84,43.9,55.5,29.4,5,10980.0,44.6,2,2,2.5,32.2,0,0,0,0,393.0
4.4,54317.0,Coupe,Diesel,115.9,2918.0,26.6,11.74,63.2,17.6,31.5,6,6795.0,57.2,5,4,8.9,24.0,1,1,0,0,1275.0
4.0,39469.0,SUV,Petrol,96.6,2422.0,66.3,12.19,48.4,67.9,28.9,3,8321.0,36.9,0,2,2.6,38.8,0,0,0,1,1409.0
1.9,28728.0,SUV,Diesel,84.7,2881.0,59.6,12.12,36.7,51.3,29.5,5,10851.0,73.3,2,2,1.5,44.3,1,0,0,0,425.0
2.5,31285.0,Sedan,Petrol,89.8,2926.0,33.2,12.37,54.9,55.6,28.7,2,7897.0,76.4,2,2,1.7,51.8,0,0,0,1,2180.0
6.1,61703.0,Truck,Electric,63.7,2442.0,57.8,12.35,100.0,33.8,32.6,4,2851.0,67.5,3,6,3.6,79.7,0,0,0,0,7350.0
2.1,28017.0,Sedan,Hybrid,92.8,2426.0,55.2,12.65,71.2,44.1,28.9,1,4988.0,59.0,4,6,4.8,67.9,0,0,0,1,4537.0
8.5,132054.0,Hatchback,Hybrid,94.9,3102.0,62.4,12.38,75.8,90.2,34.7,11,2852.0,50.3,15,13,1.7,47.2,0,1,1,1,960.0
1.3,14523.0,Sedan,Petrol,90.4,2501.0,37.9,12.28,48.6,29.1,29.5,1,8285.0,54.6,2,1,4.6,60.6,0,0,0,0,2311.0
6.0,65213.0,Sedan,Hybrid,95.3,2417.0,64.6,12.51,100.0,26.4,33.3,5,454.0,41.4,0,1,6.5,82.6,0,1,0,0,9457.0
3.5,50063.0,Sedan,Petrol,91.9,2987.0,56.8,11.86,67.2,5.0,30.8,4,3566.0,54.2,3,3,6.0,70.1,0,1,0,0,5882.0
1.9,29129.0,SUV,Petrol,89.1,2307.0,58.3,12.52,86.3,58.6,34.6,4,1522.0,56.7,2,0,4.5,72.5,0,0,0,0,4504.0
3.9,27749.0,SUV,Petrol,92.4,2282.0,48.9,12.46,5.0,56.0,27.0,2,19793.0,40.4,2,2,4.9,24.9,1,0,0,0,150.0
2.2,34839.0,Sedan,Diesel,86.4,2893.0,36.0,12.5,42.5,50.9,31.3,3,8657.0,74.7,2,3,4.2,56.7,0,0,0,1,1799.0
2.6,34896.0,Truck,Diesel,90.5,2209.0,58.4,12.07,76.3,77.2,30.2,1,4950.0,50.8,6,5,1.0,48.4,0,0,1,0,1890.0
2.9,34588.0,SUV,Diesel,90.8,2153.0,55.5,12.1,83.3,82.4,32.8,2,2202.0,37.6,7,6,5.4,60.3,0,0,1,1,1518.0
5.7,73213.0,SUV,Petrol,89.1,2730.0,72.4,12.53,97.8,47.2,36.7,8,526.0,49.1,0,0,2.4,72.4,0,0,0,1,6064.0
2.5,40005.0,SUV,Petrol,101.6,2295.0,41.6,12.3,45.3,70.5,28.3,3,9561.0,43.6,2,1,6.3,31.0,0,0,0,0,613.0
4.3,62962.0,SUV,Diesel,96.7,2250.0,59.7,12.57,73.6,44.6,28.6,6,4858.0,40.2,5,2,2.0,58.8,0,0,0,0,3781.0
5.8,106026.0,SUV,Petrol,92.3,2793.0,28.8,12.09,87.1,39.7,30.9,8,1010.0,74.0,3,1,2.6,69.9,0,1,0,0,6985.0
3.9,54116.0,Sedan,Diesel,93.2,2143.0,44.9,13.38,64.4,24.8,39.1,4,5963.0,52.1,4,3,3.8,66.2,1,0,0,0,4026.0
4.7,79611.0,Sedan,Petrol,113.3,2700.0,51.7,12.25,90.7,61.1,30.4,7,665.0,66.4,2,4,10.0,30.0,1,0,0,1,1863.0
3.6,54892.0,Hatchback,Hybrid,94.0,2350.0,55.3,12.81,75.2,14.7,34.0,5,4090.0,57.8,1,0,3.9,77.8,0,0,0,0,5876.0
5.1,82386.0,Hatchback,Diesel,117.8,2641.0,31.7,12.44,70.4,61.7,33.2,6,4167.0,58.7,2,1,3.9,29.1,1,0,0,0,1697.0
1.5,21137.0,SUV,Petrol,95.2,2209.0,49.1,12.87,27.1,67.7,28.0,1,13352.0,51.8,8,7,1.5,36.6,1,0,1,1,150.0
8.1,112179.0,Sedan,Petrol,83.6,2332.0,53.5,12.08,5.0,38.0,23.3,9,24000.0,46.0,2,4,1.2,14.6,1,1,0,1,150.0
2.4,31883.0,SUV,Diesel,94.8,2797.0,71.1,12.41,82.9,61.7,36.0,3,1411.0,70.2,6,6,2.3,70.8,0,0,0,0,4398.0
3.5,39377.0,SUV,Hybrid,104.1,2638.0,53.3,11.24,46.5,68.8,28.1,4,8271.0,61.2,3,5,4.8,8.0,0,1,0,1,328.0
0.9,15076.0,Sedan,Petrol,89.3,2882.0,18.5,11.69,31.6,31.1,27.7,1,13746.0,49.5,4,5,3.9,34.0,0,1,0,1,150.0
2.7,14845.0,Sedan,Petrol,95.4,2394.0,25.3,12.43,76.7,34.0,33.2,2,4055.0,65.9,0,0,3.2,79.6,0,0,0,0,6538.0
4.4,90910.0,Truck,Hybrid,84.0,3626.0,54.1,12.16,73.4,18.1,27.9,10,2970.0,73.1,3,4,2.5,65.3,0,0,0,0,6010.0
8.7,58153.0,Truck,Diesel,98.4,2897.0,39.0,11.78,99.3,44.2,33.8,4,531.0,57.1,6,5,5.4,56.6,0,1,0,0,4990.0
5.2,78848.0,Sedan,Petrol,94.8,2653.0,48.3,12.34,58.9,59.5,31.5,6,5788.0,73.7,1,2,7.8,59.7,0,0,0,1,3631.0
2.8,50984.0,Sedan,Diesel,92.8,2540.0,29.5,12.22,75.7,22.8,28.8,3,1694.0,45.3,2,1,5.2,68.9,0,0,0,0,6928.0
1.3,15842.0,Sedan,Petrol,94.8,2724.0,41.9,12.15,95.0,38.2,35.0,1,902.0,39.4,3,6,6.9,76.9,0,0,0,0,7534.0
7.5,116106.0,Truck,Diesel,108.2,2379.0,66.7,12.58,87.1,64.0,31.8,9,427.0,47.2,6,2,3.0,48.7,1,1,0,0,2878.0
2.7,47035.0,Sedan,Petrol,92.4,2809.0,44.0,11.98,5.0,9.9,29.3,3,21484.0,52.6,4,2,4.8,35.9,1,0,0,0,279.0
4.4,68892.0,Sedan,Electric,69.2,2532.0,62.9,11.82,100.0,48.8,29.5,6,13089.0,73.8,3,2,9.5,51.6,0,0,0,0,150.0
2.8,35020.0,Truck,Diesel,87.6,2642.0,71.2,12.51,5.0,72.1,23.6,5,21702.0,46.7,3,3,6.8,18.0,1,0,1,1,258.0
4.7,65532.0,Sedan,Diesel,94.7,2643.0,28.7,12.82,5.0,28.2,25.7,5,18878.0,57.4,2,4,8.6,33.7,1,0,0,1,282.0
7.4,57722.0,Truck,Diesel,116.0,2816.0,61.5,11.12,48.5,39.4,31.1,4,6780.0,67.4,5,3,7.0,8.0,0,1,0,0,281.0
5.7,74797.0,Sedan,Electric,81.9,2559.0,39.8,11.83,100.0,46.7,30.1,5,6457.0,58.5,2,0,8.0,60.8,0,1,0,0,3335.0
3.2,66319.0,Sedan,Hybrid,92.2,2346.0,52.2,12.19,29.9,29.1,28.2,5,12607.0,45.1,2,0,2.4,44.9,0,0,0,0,150.0
7.6,96951.0,Sedan,Diesel,92.7,2883.0,47.5,12.21,5.0,16.0,26.9,9,19440.0,34.1,4,4,2.0,33.8,1,1,1,1,202.0
9.8,112734.0,Truck,Diesel,110.2,2663.0,49.2,11.86,62.8,49.5,31.1,10,6185.0,69.1,3,4,2.9,20.7,1,1,0,0,1132.0
6.5,131241.0,Hatchback,Diesel,91.5,2230.0,46.9,12.55,83.1,68.7,30.8,10,1230.0,37.3,5,4,2.6,68.2,0,0,1,0,3553.0
2.9,34848.0,Hatchback,Diesel,93.9,2473.0,36.0,12.35,86.6,62.1,35.5,3,1317.0,46.7,4,3,2.2,67.3,0,0,0,1,3962.0
6.0,89098.0,SUV,Petrol,94.3,2801.0,45.0,12.26,55.8,77.4,30.8,6,7411.0,52.5,4,1,8.1,45.4,0,0,1,1,1588.0
6.4,111804.0,Truck,Diesel,98.4,2781.0,53.1,12.52,88.9,45.8,34.5,10,947.0,69.7,3,3,1.3,64.8,0,1,0,0,5604.0
3.2,49584.0,Sedan,Petrol,93.3,2619.0,41.8,12.78,60.5,10.8,32.2,5,6549.0,66.0,4,1,6.9,74.0,0,0,0,0,3688.0
9.8,168560.0,Sedan,Electric,80.9,2355.0,54.4,12.24,100.0,44.9,27.0,14,21989.0,54.1,2,1,5.0,44.3,0,1,0,1,150.0
7.2,123304.0,Hatchback,Petrol,93.7,2686.0,35.2,12.34,88.9,54.4,32.4,12,422.0,69.0,4,4,1.0,73.2,0,1,0,0,5330.0
3.3,55472.0,Sedan,Electric,73.1,2933.0,15.0,12.49,100.0,15.6,33.4,4,1736.0,72.1,2,0,2.5,90.1,0,0,0,0,9236.0
2.9,51781.0,Sedan,Diesel,96.8,2328.0,35.6,12.52,5.0,18.1,24.4,7,19199.0,45.3,2,0,2.3,29.9,1,0,1,1,205.0
6.4,46421.0,Sedan,Diesel,88.7,2557.0,43.5,12.37,68.4,12.8,31.9,2,4762.0,46.5,4,3,1.9,77.8,0,0,0,1,5549.0
11.2,109493.0,Sedan,Diesel,89.9,2465.0,41.8,10.8,67.6,29.8,30.1,8,2597.0,62.5,0,2,1.8,32.5,0,1,0,0,3054.0
1.6,27032.0,Sedan,Petrol,87.2,3084.0,38.2,11.91,89.5,46.2,31.4,1,2260.0,75.8,3,4,2.0,68.7,0,0,0,0,5733.0
4.8,55793.0,SUV,Petrol,91.8,2793.0,66.6,10.97,18.3,37.5,29.7,4,13364.0,42.3,7,4,1.9,15.3,1,1,0,0,150.0
5.9,73694.0,SUV,Petrol,94.1,2063.0,58.9,11.21,75.6,56.0,34.7,4,4049.0,26.2,5,4,2.5,39.6,0,1,0,0,2800.0
7.3,121808.0,Hatchback,Diesel,98.1,2398.0,46.8,12.46,55.8,52.1,31.9,10,6963.0,61.1,2,2,2.0,52.1,0,0,0,0,2729.0
5.9,83132.0,Hatchback,Petrol,114.8,2487.0,16.8,12.2,88.7,45.0,31.4,7,2811.0,71.1,0,1,2.2,38.5,1,1,0,0,3826.0
2.8,38842.0,Sedan,Hybrid,90.6,2885.0,39.1,12.5,67.1,64.7,29.8,2,5519.0,53.8,6,4,10.0,59.0,0,0,1,0,3481.0
1.5,17979.0,Sedan,Petrol,80.8,2762.0,38.7,12.51,50.6,36.0,30.2,1,10733.0,88.9,3,3,4.7,60.5,0,0,0,0,862.0
3.1,43249.0,SUV,Petrol,116.3,2423.0,76.2,12.59,72.3,80.9,30.2,3,3087.0,40.3,5,5,7.4,23.1,1,0,1,0,716.0
5.8,80559.0,SUV,Petrol,91.6,2053.0,50.7,12.15,70.9,70.8,31.0,7,3697.0,41.6,2,0,1.3,57.0,0,0,0,1,2850.0
2.6,48071.0,Sedan,Electric,59.5,2810.0,31.7,12.18,100.0,19.5,32.5,4,4207.0,41.4,4,2,2.2,82.5,0,0,0,1,6733.0
8.0,65234.0,SUV,Diesel,97.5,2350.0,44.2,11.63,67.2,42.9,29.5,5,6338.0,53.2,2,1,1.8,35.4,0,1,0,0,2138.0
3.5,72779.0,SUV,Petrol,93.7,2903.0,64.6,11.4,94.6,60.5,30.1,6,2758.0,53.5,2,1,10.0,48.6,0,1,0,0,3004.0
2.5,59248.0,SUV,Diesel,109.2,2558.0,49.8,11.39,60.1,37.7,28.3,4,4236.0,41.2,6,6,5.8,14.9,1,1,0,0,1165.0
5.2,98465.0,SUV,Petrol,87.9,2624.0,44.2,12.38,78.7,24.5,34.5,8,5560.0,67.7,5,3,3.0,76.8,0,0,0,1,5074.0
3.2,38894.0,Sedan,Electric,62.9,2803.0,51.4,12.72,100.0,63.6,34.1,4,3246.0,55.7,4,3,6.4,71.6,0,0,0,0,4270.0
2.8,41155.0,Hatchback,Diesel,89.7,2330.0,44.3,12.38,95.7,73.9,30.7,3,446.0,37.5,3,2,3.0,67.0,0,0,0,1,2557.0
10.5,191045.0,Truck,Petrol,93.0,3240.0,55.6,12.22,73.1,37.6,32.0,15,2445.0,60.6,6,8,3.0,69.9,0,1,0,0,6563.0
2.6,33849.0,Sedan,Diesel,83.1,2524.0,26.1,12.29,30.3,61.4,32.0,2,11401.0,46.1,3,5,2.0,51.9,0,0,0,0,150.0
3.0,40296.0,Hatchback,Petrol,91.0,2418.0,46.3,12.42,80.9,64.3,33.3,3,2567.0,53.4,1,2,2.7,69.1,0,0,0,0,3700.0
5.2,69770.0,SUV,Electric,61.3,2549.0,63.5,12.27,100.0,51.1,30.6,7,11631.0,64.4,0,2,3.2,62.6,0,0,0,0,208.0
7.9,79363.0,Hatchback,Petrol,87.4,2948.0,27.4,12.45,67.6,50.4,33.9,7,3819.0,66.0,2,1,1.7,65.1,0,1,0,0,5224.0
4.9,68283.0,Truck,Diesel,90.8,2640.0,56.4,12.24,26.7,50.4,27.4,6,13478.0,64.8,1,0,7.0,39.5,0,0,0,1,150.0
4.0,33319.0,SUV,Petrol,87.5,2653.0,58.0,11.96,76.0,61.8,33.0,3,3459.0,52.7,7,9,6.7,60.1,0,0,0,1,3641.0
11.2,186596.0,Sedan,Diesel,80.7,1947.0,28.2,11.25,75.4,15.8,32.8,16,2648.0,38.4,2,1,2.2,51.1,0,1,0,1,4508.0
2.9,29264.0,Sedan,Hybrid,88.3,2603.0,35.9,12.38,90.3,49.9,29.9,3,2163.0,47.5,2,4,1.0,70.7,0,0,0,0,5513.0
2.9,36378.0,SUV,Diesel,87.2,2238.0,52.2,12.18,87.0,71.3,33.4,3,2743.0,52.3,4,1,2.9,63.6,0,0,1,1,2855.0
2.6,35535.0,SUV,Diesel,94.6,2376.0,38.6,12.66,87.4,74.9,31.3,4,1837.0,73.6,2,3,3.0,64.8,0,0,1,0,2573.0
4.7,71042.0,Sedan,Hybrid,93.4,2742.0,47.2,13.05,41.6,47.4,29.7,7,9425.0,44.6,1,3,5.9,57.5,0,1,0,0,1638.0
2.1,36324.0,Sedan,Petrol,87.3,2149.0,29.5,12.62,5.0,61.4,25.7,1,24000.0,54.8,3,0,3.6,23.8,1,0,0,1,150.0
1.8,26059.0,Hatchback,Petrol,96.7,1860.0,31.6,12.75,82.7,39.0,34.5,2,3690.0,34.7,3,2,1.0,73.2,1,0,0,0,6226.0
3.0,32180.0,Coupe,Petrol,94.4,2537.0,45.7,12.47,79.3,48.8,32.2,2,3035.0,56.8,3,2,2.9,73.9,0,0,0,0,6106.0
1.2,14905.0,SUV,Electric,55.2,2477.0,49.0,13.0,100.0,35.5,31.8,1,6997.0,51.4,2,3,3.7,79.7,0,0,1,0,4038.0
4.4,92493.0,Sedan,Petrol,92.8,2499.0,41.0,12.59,59.2,27.6,32.7,8,4059.0,50.2,8,7,2.1,73.1,0,0,0,1,5555.0
4.7,81018.0,Sedan,Diesel,87.7,2712.0,38.3,12.15,100.0,57.6,30.0,9,720.0,63.9,3,2,6.1,71.4,0,0,0,0,4817.0
5.2,77122.0,Sedan,Diesel,81.7,2325.0,30.3,12.53,79.0,49.6,29.6,5,3144.0,42.4,4,2,6.1,65.9,0,0,0,0,5459.0
6.1,68344.0,Hatchback,Petrol,91.9,3524.0,37.4,12.44,30.0,60.6,30.0,4,10867.0,71.6,10,7,3.4,41.1,0,0,1,0,198.0
3.1,33492.0,Sedan,Petrol,86.0,2339.0,39.4,12.28,82.1,64.9,37.4,4,862.0,41.4,3,2,6.9,61.7,0,0,0,1,3619.0
7.4,141168.0,SUV,Petrol,90.6,2425.0,53.4,12.66,85.2,14.4,33.4,12,2346.0,71.1,2,2,1.0,80.9,0,1,0,1,8167.0
7.0,77441.0,Sedan,Petrol,93.1,2321.0,45.9,11.8,5.0,50.5,26.7,6,24000.0,29.7,3,2,4.2,10.3,1,1,0,1,150.0
1.9,34918.0,SUV,Petrol,83.7,2841.0,63.7,12.6,90.9,74.8,35.0,3,2563.0,56.3,4,6,4.4,69.8,0,0,1,1,2601.0
3.6,55627.0,Truck,Petrol,92.3,2487.0,67.4,12.24,25.2,33.0,27.7,5,12797.0,60.5,3,1,2.6,39.2,1,0,1,0,167.0
0.6,5443.0,Hatchback,Hybrid,94.8,2038.0,21.5,11.96,29.6,21.0,34.1,1,15311.0,47.0,3,2,1.0,48.4,0,0,0,0,150.0
7.4,123923.0,Sedan,Electric,64.6,2902.0,49.8,12.27,100.0,49.7,33.8,11,7844.0,55.9,2,1,2.7,65.1,0,0,0,0,2512.0
6.1,82557.0,Sedan,Petrol,94.3,2137.0,35.5,12.14,61.9,54.6,32.7,8,4581.0,46.9,2,2,2.3,57.8,0,0,0,1,4387.0
8.4,115800.0,Sedan,Petrol,99.1,2946.0,49.9,11.33,5.0,46.2,25.4,11,20633.0,58.3,4,5,7.7,8.0,1,1,0,1,150.0
1.3,13788.0,Hatchback,Petrol,90.5,2864.0,43.7,12.12,5.0,24.2,23.2,2,21918.0,55.5,3,2,5.2,28.3,1,0,1,1,150.0
5.0,62161.0,Hatchback,Diesel,94.5,2899.0,34.3,13.04,60.4,26.2,32.1,5,6973.0,83.0,1,4,3.4,71.0,0,0,0,0,3517.0
2.7,26025.0,SUV,Hybrid,87.5,2502.0,71.8,11.57,53.0,54.8,34.1,1,9295.0,32.7,4,2,3.1,41.6,0,1,0,0,1331.0
0.9,9403.0,SUV,Petrol,113.4,3014.0,66.7,11.75,19.7,32.2,31.8,1,14218.0,54.8,10,7,8.0,13.0,1,0,0,0,150.0
6.6,112499.0,Truck,Petrol,93.5,2265.0,60.2,12.45,78.6,47.6,37.7,7,1137.0,46.1,3,4,1.0,65.9,0,0,0,0,5580.0
1.6,19844.0,Sedan,Hybrid,92.4,2902.0,65.9,12.64,57.7,32.3,25.0,4,5813.0,53.7,2,2,1.0,56.6,0,0,0,1,3289.0
4.6,75554.0,Hatchback,Diesel,92.1,2934.0,34.3,11.86,20.9,66.1,30.3,8,13347.0,50.1,9,10,10.0,31.0,1,1,1,0,276.0
2.7,39464.0,SUV,Petrol,93.1,1914.0,53.9,11.29,13.5,68.9,28.5,3,16283.0,47.1,1,2,2.7,11.0,1,1,1,0,150.0
4.2,65348.0,SUV,Diesel,91.2,2836.0,66.7,12.59,5.0,59.9,26.3,6,24000.0,44.7,12,10,1.3,22.0,1,0,1,1,150.0
6.2,104871.0,SUV,Petrol,87.6,2494.0,40.8,11.3,45.3,28.0,32.1,9,8980.0,62.0,1,2,1.0,37.2,0,1,0,0,1370.0
4.2,81028.0,Sedan,Petrol,90.9,3328.0,45.2,11.63,84.2,98.0,33.4,8,1925.0,46.8,21,19,8.2,41.2,0,1,1,0,150.0
2.1,21208.0,Sedan,Hybrid,91.3,2350.0,51.6,12.44,61.3,27.1,33.4,2,6939.0,51.7,1,2,1.6,74.0,0,0,0,0,3696.0
10.6,113433.0,Truck,Hybrid,86.8,2477.0,49.2,11.1,5.0,45.6,26.4,9,24000.0,54.6,6,4,1.4,8.0,1,1,0,1,150.0
3.1,64864.0,Sedan,Petrol,91.1,2224.0,51.7,11.91,74.4,52.1,32.0,6,6157.0,41.9,9,4,4.1,58.7,0,0,0,0,3551.0
2.4,34963.0,SUV,Electric,83.9,2762.0,47.6,12.42,100.0,66.3,32.4,2,3567.0,60.5,3,4,5.4,75.6,0,0,0,1,3978.0
3.6,53134.0,Sedan,Petrol,89.4,2528.0,64.6,12.17,88.9,30.9,32.9,5,2458.0,38.6,7,3,4.0,75.3,0,0,0,0,7302.0
1.4,16079.0,SUV,Hybrid,92.9,2641.0,26.3,12.84,78.3,40.8,28.8,1,3191.0,58.9,3,3,4.0,71.1,0,0,0,1,6163.0
2.5,23481.0,Sedan,Diesel,108.3,2418.0,50.1,12.78,48.5,32.9,30.7,2,9057.0,57.6,2,0,1.8,38.4,0,0,0,0,1105.0
3.2,59483.0,SUV,Hybrid,88.8,2470.0,55.8,12.33,83.4,31.7,33.8,3,1936.0,50.1,3,1,4.1,81.0,0,0,0,0,8418.0
4.4,41678.0,Truck,Electric,73.8,2820.0,39.2,12.35,100.0,81.5,32.4,3,7056.0,36.7,3,7,7.3,67.9,0,0,1,0,1981.0
3.9,52421.0,Sedan,Petrol,95.1,2255.0,36.9,12.25,66.4,23.7,29.8,4,6809.0,52.1,4,2,4.3,64.1,0,0,0,0,3561.0
5.0,81859.0,SUV,Electric,83.8,2006.0,30.5,12.15,100.0,68.2,33.2,7,2393.0,37.5,3,2,1.9,69.5,0,0,1,0,3613.0
3.7,41625.0,SUV,Hybrid,98.9,2240.0,58.6,12.01,59.4,71.3,32.4,3,4961.0,50.4,3,3,5.6,40.9,0,0,1,0,2019.0
6.9,130450.0,Truck,Hybrid,87.7,2281.0,47.2,12.27,23.3,78.5,29.7,10,13486.0,63.0,3,3,2.0,31.2,1,1,1,0,150.0
5.5,96699.0,Hatchback,Petrol,93.6,2348.0,17.8,12.21,22.0,10.0,28.4,9,10710.0,51.8,4,4,3.4,54.6,1,0,0,0,509.0
4.8,54357.0,Truck,Hybrid,89.7,3235.0,59.6,12.86,63.5,32.8,25.0,4,6135.0,69.6,5,7,3.6,54.9,0,1,0,1,2822.0
7.6,107666.0,Sedan,Hybrid,101.1,2048.0,39.7,12.1,49.9,38.3,31.2,10,7552.0,56.1,3,0,10.0,42.1,0,0,0,0,1697.0
7.6,125579.0,Sedan,Petrol,96.6,2806.0,68.9,13.06,84.0,64.1,32.3,10,632.0,62.8,6,7,4.4,65.1,0,1,0,0,3828.0
4.1,59554.0,Sedan,Electric,62.9,2981.0,52.7,13.0,100.0,38.3,31.5,5,1008.0,62.0,9,6,1.6,78.9,0,0,1,0,7683.0
3.0,57983.0,SUV,Petrol,90.8,2708.0,24.2,12.17,76.4,24.9,32.4,5,3453.0,71.7,0,1,1.5,79.2,0,0,0,0,6501.0
4.3,69781.0,Sedan,Petrol,94.4,2513.0,33.3,12.34,74.8,44.8,29.8,6,3546.0,33.7,4,2,3.5,68.2,0,0,0,0,5494.0
3.5,46947.0,SUV,Diesel,94.2,2371.0,68.5,11.85,76.3,27.5,36.2,4,2699.0,44.7,4,4,7.9,64.1,0,1,0,0,6292.0
2.9,42301.0,SUV,Diesel,93.2,2486.0,35.7,12.28,57.8,80.5,27.0,4,7235.0,52.4,4,4,1.0,43.9,0,0,1,1,1420.0
4.2,110583.0,Sedan,Diesel,88.8,2596.0,31.1,11.68,54.4,41.6,30.5,11,6470.0,63.2,4,3,3.6,45.0,0,1,0,0,2666.0
4.7,48238.0,Truck,Petrol,93.7,2726.0,54.4,12.42,55.7,27.4,29.9,6,7899.0,54.4,4,3,7.3,67.1,0,0,0,0,2674.0
5.4,50312.0,Sedan,Electric,63.5,3240.0,34.1,12.03,100.0,21.6,29.4,5,2107.0,51.9,3,3,5.0,71.9,0,0,0,0,7283.0
8.3,107406.0,Sedan,Petrol,93.1,2595.0,57.1,12.16,91.7,22.9,29.6,7,418.0,66.4,1,0,9.1,68.9,0,1,0,0,8126.0
4.4,78199.0,Truck,Petrol,117.1,2488.0,57.4,12.53,5.0,71.3,26.7,6,22617.0,47.3,4,4,2.8,8.0,1,0,1,1,299.0
3.7,13473.0,SUV,Petrol,86.7,2298.0,55.6,12.35,33.1,43.3,35.5,1,10026.0,46.6,4,4,1.5,50.8,0,0,0,1,1064.0
6.5,46981.0,Truck,Diesel,93.0,2992.0,41.8,12.74,70.1,6.8,28.8,3,4369.0,59.3,1,1,2.8,77.0,0,1,0,0,6020.0
2.2,28122.0,SUV,Electric,55.2,2909.0,42.0,11.26,100.0,59.7,25.8,3,691.0,85.5,5,4,1.6,43.6,0,1,0,1,2820.0
1.2,28500.0,Sedan,Diesel,95.3,2311.0,40.0,11.94,88.2,54.7,28.8,2,1843.0,51.7,5,1,10.0,61.9,0,0,0,0,4414.0
5.0,72315.0,Hatchback,Hybrid,98.6,2309.0,37.8,11.77,97.6,45.7,31.4,6,754.0,43.0,3,1,3.8,56.8,0,1,0,0,5136.0
3.1,33246.0,Truck,Petrol,98.5,3010.0,41.4,12.28,81.4,76.3,30.8,3,4616.0,44.1,7,5,4.3,49.4,0,0,1,0,2007.0
3.2,53843.0,Truck,Diesel,117.3,2267.0,55.6,11.99,81.3,34.8,32.7,3,1991.0,46.9,4,1,1.5,33.1,1,1,0,0,3380.0
2.2,52107.0,Sedan,Diesel,89.1,2686.0,39.5,11.89,68.1,16.4,33.3,4,5427.0,70.6,3,1,2.2,69.4,0,1,0,0,4589.0
7.2,81339.0,SUV,Diesel,89.8,2184.0,56.3,12.09,97.3,85.7,30.8,8,816.0,46.9,12,10,6.1,54.5,1,1,1,0,1179.0
1.3,18999.0,SUV,Petrol,94.4,2856.0,68.7,12.77,44.2,44.9,27.4,2,8465.0,56.3,4,3,3.2,53.9,0,0,1,1,1898.0
5.2,82288.0,Sedan,Diesel,86.4,2382.0,38.7,12.16,75.7,54.3,36.7,8,1090.0,50.7,3,1,2.5,59.3,0,1,0,0,4328.0
3.7,57651.0,Hatchback,Diesel,90.6,2566.0,37.5,12.51,83.7,13.3,34.1,5,2807.0,33.6,1,3,3.6,84.5,0,0,0,0,7756.0
8.5,104905.0,Sedan,Hybrid,88.5,2707.0,54.8,12.68,58.4,35.7,28.1,9,7135.0,47.4,5,4,2.6,54.7,0,1,0,1,2653.0
6.5,106918.0,Coupe,Diesel,106.8,2320.0,39.4,12.4,83.1,39.9,34.0,10,1140.0,25.0,5,4,1.0,55.2,1,1,0,0,5202.0
1.8,35152.0,SUV,Petrol,92.5,2432.0,48.8,12.15,5.0,57.0,25.8,2,24000.0,54.5,1,2,1.1,18.7,1,0,0,1,150.0
5.5,91318.0,Sedan,Diesel,94.7,2838.0,29.6,12.3,92.3,19.7,34.8,9,1780.0,58.9,7,7,3.5,78.5,0,0,0,1,8235.0
4.9,37242.0,SUV,Petrol,93.9,2037.0,54.3,12.18,94.5,69.5,33.8,1,639.0,40.2,2,2,6.1,67.6,0,1,0,0,3329.0
3.6,30693.0,Hatchback,Hybrid,109.7,2929.0,58.8,12.57,58.2,63.3,33.1,2,7578.0,44.4,12,12,2.3,32.6,1,0,0,1,1354.0
5.3,63575.0,Truck,Diesel,90.1,2382.0,47.8,12.39,71.1,53.1,30.1,8,3523.0,33.2,3,1,8.1,63.6,0,0,0,0,4951.0
2.5,36160.0,Hatchback,Petrol,89.4,2255.0,24.4,12.34,5.0,57.6,25.2,3,22642.0,25.0,3,3,6.0,27.1,1,0,1,1,365.0
4.0,61960.0,Truck,Electric,55.5,2225.0,64.9,12.4,100.0,36.5,30.5,6,994.0,30.9,0,1,6.5,80.6,0,0,0,0,8196.0
3.8,35453.0,Truck,Diesel,89.5,2517.0,67.0,12.27,89.4,69.4,30.6,3,3251.0,61.1,3,3,1.0,62.1,0,0,0,0,3567.0
2.3,39584.0,Hatchback,Petrol,89.3,2466.0,47.4,11.89,56.9,66.3,30.9,4,6249.0,47.6,4,3,5.8,50.7,0,0,0,1,2547.0
3.1,53175.0,Sedan,Diesel,93.1,2275.0,40.8,10.8,67.8,21.0,32.5,3,5508.0,54.9,3,2,2.2,40.6,0,1,0,0,2818.0
2.8,45285.0,SUV,Petrol,87.6,2766.0,59.4,12.73,76.4,26.8,30.9,4,4752.0,80.6,4,3,8.4,72.0,0,0,0,0,4878.0
4.7,60955.0,Sedan,Hybrid,91.8,3243.0,21.8,11.57,84.0,37.6,33.7,4,3548.0,66.0,2,3,2.8,61.0,0,1,0,0,5075.0
7.5,89880.0,Coupe,Hybrid,89.4,2941.0,38.2,12.29,26.6,85.7,29.7,9,12100.0,59.5,9,9,2.1,31.3,0,1,1,0,150.0
1.5,14356.0,Hatchback,Electric,61.6,2599.0,48.5,12.81,100.0,26.8,32.1,2,1366.0,45.2,2,3,2.2,89.1,0,0,0,0,9248.0
4.8,102459.0,Sedan,Diesel,90.5,2769.0,43.7,12.94,68.4,32.4,34.5,8,4924.0,73.8,2,2,5.2,69.9,0,1,0,0,4868.0
2.7,42024.0,Truck,Diesel,94.5,2783.0,65.2,12.27,71.0,75.0,31.0,3,5923.0,69.3,2,3,1.0,53.9,0,0,1,0,2146.0
6.3,53528.0,Hatchback,Hybrid,92.2,2698.0,58.0,11.17,15.7,23.3,26.1,6,14444.0,64.5,7,2,3.8,16.1,1,1,0,1,150.0
4.7,86767.0,Sedan,Petrol,92.7,2588.0,27.2,12.6,77.3,68.8,32.7,6,2558.0,51.9,5,5,3.1,65.8,1,0,0,0,3251.0
1.3,25442.0,SUV,Diesel,94.5,2643.0,61.8,12.98,90.4,59.4,30.2,3,2479.0,39.1,6,5,1.8,68.7,0,0,0,0,4554.0
4.2,77161.0,Hatchback,Diesel,114.3,2859.0,41.3,12.13,33.8,63.4,25.2,6,11191.0,73.2,9,8,6.5,8.0,1,0,0,1,206.0
3.5,52031.0,Sedan,Petrol,90.8,2380.0,35.8,12.91,74.9,27.8,37.5,4,2507.0,64.2,5,4,5.0,76.4,0,0,0,0,7373.0
1.7,22232.0,Truck,Petrol,93.7,2620.0,84.9,12.34,94.5,52.0,31.5,2,760.0,49.2,6,4,1.9,76.0,0,0,0,0,5858.0
2.7,28377.0,Sedan,Hybrid,108.3,2792.0,21.6,12.51,68.3,43.3,34.5,4,5202.0,48.1,4,3,1.3,43.5,1,0,0,1,2770.0
4.1,93829.0,Hatchback,Hybrid,113.1,2281.0,39.8,12.25,48.2,12.2,26.6,8,9650.0,34.9,3,5,3.0,25.8,1,0,0,0,698.0
2.8,33448.0,Coupe,Petrol,95.7,2792.0,36.0,11.47,85.1,58.9,36.5,2,1483.0,62.6,3,1,5.0,47.8,0,1,0,0,3030.0
6.7,69002.0,Hatchback,Petrol,93.6,2801.0,41.8,11.89,45.1,45.0,30.7,6,9731.0,54.4,3,4,4.4,43.0,0,1,0,0,771.0
3.5,36321.0,SUV,Petrol,86.5,2926.0,29.1,11.59,81.0,63.2,32.1,3,3245.0,57.6,1,1,5.1,48.3,0,0,0,0,2737.0
2.6,35356.0,Hatchback,Hybrid,89.5,3091.0,27.0,10.8,5.0,55.0,27.0,3,19680.0,65.0,2,1,1.0,8.0,1,1,1,0,150.0
4.2,79843.0,Hatchback,Petrol,115.5,2780.0,40.2,11.3,98.9,57.0,31.4,8,992.0,62.1,3,2,1.7,20.7,1,1,0,1,1447.0
4.5,64251.0,Sedan,Diesel,82.9,2383.0,23.7,12.81,91.0,33.4,31.5,6,2862.0,39.8,5,3,4.1,74.7,0,1,0,0,6812.0
6.3,113137.0,Hatchback,Petrol,92.8,2069.0,50.2,13.07,86.2,36.3,30.9,10,1933.0,52.3,2,1,1.9,78.5,0,0,0,0,8101.0
3.9,57041.0,Sedan,Diesel,92.6,2828.0,46.6,12.2,13.1,22.8,30.7,1,15167.0,57.8,5,2,6.5,49.8,1,0,0,0,234.0
4.4,62155.0,SUV,Petrol,102.4,3193.0,40.2,12.9,83.7,42.9,33.8,5,2528.0,58.8,7,9,2.8,61.3,0,0,0,0,5725.0
3.1,34023.0,Sedan,Hybrid,93.2,2137.0,36.0,12.87,89.2,61.4,32.2,3,2407.0,29.7,2,1,1.4,73.3,0,0,0,1,4393.0
8.7,169760.0,Sedan,Petrol,91.1,2478.0,44.9,11.59,45.0,49.4,30.7,16,8328.0,37.9,1,3,1.3,34.6,0,1,0,0,1181.0
4.7,84345.0,Sedan,Diesel,96.2,2368.0,23.1,12.18,5.0,59.9,27.4,8,19755.0,61.2,1,2,3.7,18.4,1,0,0,1,150.0
4.1,72501.0,Truck,Petrol,90.1,2652.0,37.9,12.86,52.7,62.0,30.8,7,6199.0,61.0,5,6,1.5,54.8,0,0,0,0,3382.0
2.8,49093.0,Sedan,Diesel,91.7,2679.0,32.1,12.36,5.0,22.9,24.6,4,18898.0,74.5,7,7,1.0,30.9,1,0,0,1,150.0
6.8,75632.0,Truck,Hybrid,91.9,2591.0,90.6,12.42,66.3,76.3,30.8,5,7375.0,30.3,8,8,1.9,54.9,1,1,1,1,2079.0
1.2,15282.0,Sedan,Petrol,93.9,2700.0,55.1,11.74,92.7,22.4,34.8,1,1827.0,64.6,2,5,10.0,73.8,0,0,0,0,7528.0
4.2,75382.0,Sedan,Hybrid,87.8,2935.0,33.1,12.23,46.1,48.0,27.0,6,9271.0,57.3,1,3,1.0,45.6,0,0,0,1,1384.0
2.5,43877.0,SUV,Diesel,94.8,2666.0,42.4,12.23,100.0,97.1,33.3,4,2685.0,37.3,10,8,2.2,62.3,0,0,1,1,549.0
5.9,89878.0,Truck,Petrol,89.4,2306.0,43.7,12.34,73.3,88.1,32.0,8,2801.0,27.3,5,2,2.2,59.3,0,0,1,0,1150.0
4.6,98195.0,Sedan,Petrol,99.7,2630.0,57.1,12.24,40.7,15.9,27.8,8,11154.0,65.2,2,1,1.9,41.4,0,0,0,1,404.0
4.2,64667.0,SUV,Petrol,85.4,2698.0,77.2,12.19,79.0,42.2,35.3,5,2346.0,38.2,1,1,3.0,62.2,0,0,0,0,5771.0
1.9,30271.0,Hatchback,Diesel,88.5,2926.0,34.7,12.47,90.2,64.3,27.6,4,3035.0,33.6,8,8,4.0,64.5,0,0,0,0,3767.0
3.6,56452.0,SUV,Hybrid,83.4,2502.0,56.5,11.22,5.0,33.6,23.0,5,24000.0,58.3,2,1,5.7,8.0,1,1,0,1,150.0
4.7,61013.0,Sedan,Petrol,103.4,2812.0,40.5,11.77,96.0,43.7,30.8,5,1611.0,51.9,9,7,10.0,43.1,1,1,0,0,4140.0
6.3,113447.0,Sedan,Diesel,86.6,3099.0,57.2,12.12,58.1,49.5,36.0,10,6900.0,60.0,2,5,5.1,51.4,0,1,0,0,2649.0
5.0,84672.0,Hatchback,Hybrid,94.5,2337.0,27.3,12.25,70.9,62.5,37.7,8,3662.0,58.0,5,3,6.5,55.3,1,0,0,0,3261.0
5.9,96974.0,Sedan,Electric,50.5,3061.0,49.7,11.44,100.0,16.9,30.5,10,2904.0,98.8,4,0,2.3,65.6,0,1,0,1,5761.0
1.5,15692.0,Hatchback,Diesel,87.9,2503.0,22.7,12.41,98.2,25.1,32.3,1,1328.0,62.1,1,1,3.1,83.1,0,0,0,0,8914.0
4.1,72073.0,SUV,Electric,56.3,2993.0,65.0,12.51,100.0,55.0,31.4,5,5343.0,61.2,4,2,2.8,67.2,0,0,0,0,4674.0
6.4,74988.0,Hatchback,Diesel,99.4,2453.0,28.6,12.02,64.8,47.3,29.5,7,5884.0,39.6,3,1,2.0,40.1,0,0,0,0,2393.0
0.7,15157.0,Truck,Petrol,88.2,2387.0,50.6,12.51,54.0,31.8,31.9,1,7969.0,73.9,3,3,3.4,70.8,0,0,0,0,2930.0
3.3,34838.0,Coupe,Hybrid,85.3,2640.0,37.5,11.8,46.6,65.8,32.3,3,10482.0,44.9,9,9,1.1,44.0,0,0,1,1,714.0
4.7,45502.0,SUV,Diesel,94.2,2668.0,76.3,11.21,60.1,10.3,33.0,5,3860.0,39.3,1,1,2.2,49.7,0,1,0,0,4114.0
6.9,96582.0,Truck,Diesel,83.7,2611.0,63.9,11.3,74.4,31.6,29.0,7,5428.0,49.0,6,0,7.1,45.3,0,1,0,1,2768.0
4.0,62562.0,SUV,Diesel,93.1,2418.0,50.3,11.96,95.1,48.7,31.2,5,838.0,58.2,6,4,3.7,70.6,0,0,0,1,5794.0
3.7,54693.0,SUV,Hybrid,91.0,2371.0,46.9,11.94,81.9,31.2,31.3,5,3910.0,45.5,6,6,7.2,61.7,0,0,0,0,5003.0
4.4,46010.0,SUV,Hybrid,98.5,2521.0,71.8,12.57,94.1,20.0,35.1,4,1320.0,39.7,6,5,3.7,76.5,0,0,0,1,8140.0
4.7,83993.0,Hatchback,Petrol,91.6,2349.0,15.0,12.47,97.4,63.0,32.2,6,405.0,39.4,3,2,2.8,73.5,0,0,0,1,4211.0
2.2,34474.0,Coupe,Petrol,94.9,2530.0,46.2,12.83,91.2,57.8,32.8,4,800.0,54.9,3,3,1.5,75.3,0,0,0,1,5052.0
2.8,40858.0,Truck,Diesel,93.5,2462.0,41.3,11.97,88.8,75.9,29.4,4,563.0,59.8,3,1,3.2,58.7,0,0,1,0,2406.0
1.1,15974.0,SUV,Diesel,91.1,2385.0,79.0,12.79,69.5,34.1,34.8,2,3637.0,61.0,3,0,2.0,78.1,0,0,0,0,6503.0
2.5,31028.0,SUV,Petrol,96.0,2816.0,86.4,11.16,83.2,59.6,30.6,2,3553.0,30.2,3,2,1.2,36.7,0,1,0,1,2366.0
1.9,27687.0,Truck,Hybrid,93.0,2373.0,55.6,13.1,80.6,58.8,28.7,1,1842.0,40.4,4,4,1.7,64.1,0,0,0,0,4248.0
2.2,28461.0,Sedan,Diesel,95.1,2505.0,35.2,12.39,78.8,46.4,35.9,2,4468.0,65.0,2,2,4.5,70.6,0,0,0,0,5319.0
11.2,220404.0,Sedan,Petrol,87.8,2660.0,42.0,11.74,80.6,67.5,35.1,19,939.0,46.1,3,4,7.0,48.1,0,1,0,0,2615.0
6.7,73502.0,SUV,Petrol,93.6,2477.0,45.3,13.27,71.3,56.1,32.0,7,2643.0,54.8,3,1,4.8,66.8,0,1,0,0,4574.0
1.9,26103.0,Sedan,Petrol,94.7,2770.0,30.9,12.62,89.1,41.1,32.2,3,702.0,88.8,2,3,1.6,80.7,0,0,0,0,7545.0
1.6,27085.0,Sedan,Electric,59.5,2307.0,45.6,13.1,100.0,48.9,32.6,3,444.0,25.0,5,6,3.7,81.2,0,0,0,0,6488.0
2.6,30685.0,Sedan,Petrol,91.2,2612.0,49.5,12.32,69.3,50.2,31.0,2,6149.0,50.2,2,5,2.6,65.5,0,0,0,1,3622.0
1.5,30105.0,Sedan,Petrol,84.5,2650.0,39.6,12.94,39.9,46.6,33.3,6,8612.0,61.9,1,0,4.1,58.5,0,0,0,0,2044.0
4.4,83330.0,Sedan,Diesel,99.8,2608.0,46.3,12.34,81.1,62.7,29.0,7,2345.0,38.3,5,6,2.2,50.5,0,0,0,0,3138.0
4.3,62062.0,Coupe,Petrol,91.3,2282.0,32.8,12.56,50.8,28.4,32.3,7,8070.0,50.1,2,3,5.5,69.9,0,1,0,0,2702.0
2.1,19236.0,SUV,Petrol,98.7,2510.0,43.2,12.64,59.2,53.2,28.3,2,6825.0,35.2,4,3,5.5,50.8,0,0,0,1,2551.0
5.5,56902.0,SUV,Petrol,99.0,3104.0,47.1,11.2,27.1,43.5,32.1,4,10110.0,60.1,6,8,5.0,20.1,1,1,1,0,338.0
5.5,49320.0,Truck,Diesel,90.3,2132.0,62.9,11.79,90.1,10.9,28.6,4,1895.0,42.6,3,2,3.6,67.4,0,1,0,1,6545.0
2.4,30462.0,Sedan,Diesel,87.7,2383.0,43.0,11.97,77.1,53.5,28.6,2,4661.0,46.0,3,5,5.6,50.7,0,0,0,0,3699.0
2.1,45651.0,Hatchback,Petrol,95.2,2666.0,42.8,12.87,80.9,6.0,31.4,2,1939.0,64.6,3,3,1.0,90.3,0,0,0,0,8879.0
2.9,37250.0,Truck,Petrol,83.5,2662.0,57.7,12.49,5.0,82.6,29.4,3,13694.0,59.8,4,2,2.5,30.2,1,0,1,0,150.0
5.2,111365.0,Sedan,Electric,87.5,2877.0,41.3,12.66,100.0,49.5,32.1,9,7140.0,65.6,6,5,6.6,74.1,0,1,0,0,3591.0
10.7,152344.0,SUV,Petrol,88.5,2889.0,56.5,11.91,96.0,47.8,32.2,11,979.0,76.6,5,4,1.6,64.0,0,1,0,0,5499.0
5.1,73943.0,Hatchback,Petrol,91.2,2213.0,55.9,12.21,76.2,54.0,31.1,3,3361.0,53.0,4,3,5.7,62.8,0,0,0,0,4574.0
1.8,24799.0,Hatchback,Petrol,97.0,3257.0,51.3,12.35,88.2,55.9,35.8,2,654.0,81.6,5,5,3.9,66.2,0,0,0,0,4946.0
4.5,63076.0,SUV,Diesel,81.1,2253.0,50.7,11.77,5.0,48.5,22.1,4,24000.0,54.7,5,1,3.0,8.0,1,1,1,1,150.0
4.0,64738.0,SUV,Hybrid,92.7,3162.0,49.5,12.26,43.0,39.9,34.0,4,11667.0,70.4,4,4,2.6,55.7,0,0,0,0,160.0
3.9,32830.0,Sedan,Petrol,92.9,2936.0,54.3,12.27,76.9,57.9,34.9,2,3230.0,51.6,4,5,1.6,64.9,0,0,0,1,4658.0
1.6,13494.0,Coupe,Diesel,91.3,2512.0,46.0,12.48,84.0,38.5,29.9,3,3553.0,63.8,8,5,5.7,77.4,0,0,0,0,6260.0
4.5,33001.0,Sedan,Petrol,92.7,2620.0,37.5,12.27,78.9,58.2,32.0,3,3398.0,46.0,4,4,3.7,65.0,0,0,0,0,4459.0
3.7,51718.0,Hatchback,Petrol,93.6,3125.0,24.9,12.87,57.4,12.6,31.7,4,7365.0,70.8,3,3,6.6,74.1,0,0,0,1,3604.0
1.7,13320.0,SUV,Hybrid,92.1,2854.0,73.9,12.27,80.5,39.0,26.9,1,3182.0,68.1,3,2,4.8,62.4,0,0,0,0,5421.0
9.2,178518.0,SUV,Petrol,83.4,2234.0,43.3,12.44,71.1,88.8,36.7,15,1952.0,49.0,6,6,3.3,48.8,0,1,1,0,1085.0
1.6,21658.0,SUV,Diesel,87.9,2576.0,57.8,11.83,78.2,41.8,36.4,1,2428.0,54.2,3,3,2.4,53.1,0,0,0,1,4829.0
4.9,81230.0,Sedan,Petrol,97.9,2564.0,61.5,12.35,30.4,53.8,29.7,7,10720.0,38.8,2,2,1.5,41.2,0,0,0,0,504.0
3.4,43996.0,Sedan,Diesel,86.8,3045.0,34.7,12.67,90.3,70.5,37.7,3,1106.0,65.0,3,1,1.2,64.6,0,0,1,0,3100.0
3.0,34809.0,Sedan,Petrol,91.8,2667.0,39.9,12.3,80.3,56.7,32.1,2,4055.0,63.8,3,3,6.4,67.0,1,0,0,0,4582.0
7.4,92449.0,Sedan,Hybrid,88.6,1935.0,50.6,12.05,84.6,5.0,31.2,9,3675.0,34.7,1,3,2.7,78.0,0,0,0,0,6410.0
6.2,111931.0,Truck,Petrol,93.9,3651.0,43.3,11.06,63.2,59.8,30.1,8,5691.0,82.4,8,7,4.5,28.8,0,1,0,0,1724.0
3.4,69298.0,SUV,Hybrid,90.7,2641.0,35.2,12.47,86.1,57.5,32.0,6,807.0,57.6,6,4,1.6,73.5,0,0,0,1,4946.0
2.2,33344.0,Sedan,Petrol,94.1,2926.0,36.9,11.81,91.8,53.1,30.3,2,622.0,48.7,4,4,1.9,55.4,0,0,0,0,4315.0
2.8,19026.0,Coupe,Diesel,93.0,2651.0,40.6,12.37,62.7,32.3,29.2,2,8110.0,68.8,3,2,2.6,61.4,0,0,0,0,2641.0
3.1,34295.0,Hatchback,Petrol,89.9,2654.0,42.0,12.66,80.5,53.7,30.2,2,5213.0,44.7,4,4,3.1,69.0,0,0,0,0,4340.0
6.3,54971.0,Hatchback,Electric,63.3,2742.0,59.8,12.27,100.0,30.4,34.1,4,1240.0,70.3,7,6,1.0,76.7,0,0,0,0,8361.0
4.6,59633.0,Coupe,Petrol,88.0,2194.0,29.0,12.39,71.8,26.6,33.1,6,3561.0,35.5,5,3,1.0,80.2,0,0,0,0,6654.0
6.4,83022.0,Sedan,Petrol,86.7,3334.0,45.1,12.43,66.2,86.1,33.0,8,5225.0,48.9,14,11,1.8,55.0,0,0,1,1,1388.0
1.5,19423.0,SUV,Diesel,86.6,2735.0,71.7,12.52,92.7,44.7,33.0,2,3232.0,50.8,2,2,3.7,80.0,0,0,0,0,7144.0
6.7,65319.0,Truck,Petrol,93.5,2326.0,48.7,11.69,94.8,43.0,33.0,6,1186.0,44.4,4,0,4.4,64.0,0,1,0,0,5709.0
8.0,80733.0,Truck,Petrol,99.6,2624.0,77.4,12.71,86.2,61.3,33.0,6,1460.0,41.7,2,2,4.5,61.0,0,1,0,0,3697.0
2.3,31766.0,Sedan,Electric,54.4,2353.0,38.4,12.29,100.0,65.6,35.5,3,2230.0,45.2,7,4,5.9,69.9,0,0,1,0,3801.0
5.9,92066.0,Hatchback,Electric,61.8,2559.0,33.7,12.83,100.0,9.4,34.7,8,408.0,44.5,2,5,1.1,90.0,0,0,0,0,10554.0
7.6,69041.0,Sedan,Petrol,92.4,2595.0,41.5,11.41,43.6,51.4,28.2,7,8880.0,45.4,4,5,3.3,26.3,0,1,0,0,826.0
2.6,40208.0,Sedan,Electric,64.9,2791.0,46.7,12.13,100.0,71.9,33.7,4,7941.0,72.1,6,7,3.9,62.9,0,0,1,0,2430.0
1.8,30447.0,SUV,Diesel,93.3,2410.0,49.5,13.0,25.3,68.0,29.9,3,14247.0,58.1,6,3,9.2,39.6,1,0,1,0,150.0
4.3,22498.0,SUV,Petrol,91.3,1982.0,57.6,12.41,87.5,52.3,32.7,1,1190.0,50.8,3,1,6.1,76.5,0,0,0,0,5956.0
1.0,21641.0,SUV,Diesel,96.8,2581.0,55.0,12.83,66.9,51.9,30.7,3,6616.0,62.7,7,6,2.8,60.0,0,0,1,0,3373.0
6.7,101835.0,Sedan,Diesel,110.6,2865.0,53.2,11.91,52.3,22.7,28.0,8,8720.0,50.7,3,0,2.6,20.3,1,1,0,0,437.0
2.1,34499.0,Hatchback,Electric,65.6,1847.0,44.1,12.64,100.0,58.4,32.7,3,6473.0,40.9,2,0,1.4,77.4,0,0,0,0,4313.0
3.2,34606.0,Sedan,Petrol,95.6,2190.0,38.9,11.42,77.9,56.6,33.3,3,3258.0,29.5,2,1,2.2,45.8,0,1,0,0,2989.0
5.5,100547.0,Sedan,Diesel,86.7,2898.0,39.0,12.13,74.3,22.1,35.1,8,2965.0,65.8,6,6,4.3,74.7,0,1,0,0,6817.0
5.1,82039.0,Hatchback,Petrol,93.8,2218.0,50.8,12.62,92.7,58.4,34.3,6,1368.0,25.0,3,4,3.8,77.7,0,0,0,0,5166.0
5.4,63640.0,Coupe,Petrol,94.1,2614.0,42.4,12.37,5.0,35.4,21.0,6,23508.0,30.9,2,5,1.8,20.9,1,1,1,1,150.0
2.3,40670.0,Hatchback,Petrol,90.1,2485.0,33.4,13.11,92.4,62.7,35.3,3,1165.0,59.1,1,1,1.5,73.4,0,0,0,0,4209.0
4.5,61077.0,Hatchback,Electric,67.2,2885.0,33.3,12.26,100.0,35.0,32.9,3,7856.0,51.8,4,5,4.8,76.6,0,0,0,0,3427.0
6.1,67287.0,Truck,Hybrid,90.2,2986.0,63.6,12.82,13.7,37.3,29.7,7,14483.0,72.4,3,4,4.1,41.9,1,1,0,0,209.0
2.6,32678.0,SUV,Hybrid,88.0,2473.0,55.1,12.64,16.6,85.6,25.5,3,15378.0,43.0,11,11,1.9,18.3,1,0,1,1,150.0
9.6,130287.0,Sedan,Diesel,104.2,2979.0,36.8,11.33,5.0,67.7,30.2,10,17182.0,62.8,6,3,4.9,8.0,1,1,1,0,224.0
3.3,42720.0,SUV,Petrol,100.1,2361.0,59.4,13.45,46.8,72.2,31.4,3,7408.0,49.5,1,1,3.1,43.6,0,1,1,0,2218.0
1.0,5565.0,SUV,Petrol,95.8,2204.0,67.3,10.8,89.8,21.6,31.8,2,1309.0,59.7,4,3,2.8,46.3,1,1,0,0,4883.0
3.3,52561.0,Sedan,Petrol,91.6,2706.0,47.5,10.82,77.3,12.3,31.2,4,5170.0,54.4,2,3,1.0,43.3,0,1,0,0,2924.0
7.6,118676.0,Truck,Petrol,85.6,2842.0,69.4,12.63,66.1,69.1,33.8,11,4150.0,59.1,10,9,3.5,58.2,0,1,1,1,2997.0
2.0,26032.0,SUV,Hybrid,93.7,2957.0,62.1,12.78,45.8,50.1,25.8,2,7640.0,55.0,0,2,1.9,49.0,0,0,0,1,1864.0
1.9,16509.0,Sedan,Diesel,90.0,2837.0,39.7,12.51,78.5,37.0,35.2,2,4388.0,56.1,2,2,2.9,71.8,0,0,0,0,5383.0
4.7,57224.0,Sedan,Petrol,90.9,2151.0,45.1,12.74,42.8,34.8,30.7,3,11625.0,36.8,4,3,4.1,62.1,0,0,0,0,150.0
1.8,23367.0,Truck,Petrol,100.5,2719.0,74.7,12.08,77.8,40.2,32.9,1,3852.0,53.1,1,1,2.0,60.2,0,0,0,0,4942.0
1.8,35060.0,Sedan,Petrol,99.1,2396.0,36.4,12.41,40.8,58.2,29.3,4,9510.0,60.4,4,1,1.6,43.3,0,0,0,0,907.0
2.2,31285.0,Hatchback,Petrol,82.0,2091.0,26.5,12.94,5.0,39.4,32.6,3,20069.0,51.3,3,2,1.4,50.4,1,0,0,0,150.0
8.7,107722.0,SUV,Electric,68.0,2344.0,23.3,12.76,100.0,41.6,28.7,10,8836.0,50.6,2,2,7.8,65.3,0,1,0,0,2328.0
5.0,66016.0,SUV,Diesel,92.2,1910.0,77.6,11.78,59.4,44.6,34.2,5,9754.0,25.6,3,3,2.2,49.9,0,1,0,0,1397.0
3.9,49158.0,SUV,Hybrid,92.9,2949.0,80.6,12.75,45.3,36.6,31.1,6,8466.0,73.5,7,6,2.4,65.3,0,0,0,1,2540.0
2.3,41149.0,Hatchback,Diesel,89.3,2812.0,28.5,12.45,31.7,69.4,35.1,2,12332.0,32.9,4,3,3.7,51.7,0,0,1,0,150.0
6.0,48501.0,Sedan,Petrol,91.5,2654.0,59.0,12.48,80.4,12.3,31.4,5,2642.0,43.3,7,7,5.4,85.1,0,1,0,0,7936.0
5.3,80069.0,Truck,Petrol,87.1,2542.0,66.8,12.41,5.0,60.0,22.2,7,24000.0,41.0,1,3,4.0,9.0,1,0,1,1,150.0
9.0,109156.0,SUV,Hybrid,95.7,2314.0,61.3,11.23,34.1,46.4,27.4,8,10727.0,56.2,3,2,1.8,10.3,0,1,0,0,400.0
2.0,29564.0,Sedan,Hybrid,115.7,2527.0,47.2,12.67,41.9,46.7,27.6,4,9620.0,56.8,3,4,1.7,20.0,1,0,0,1,559.0
1.9,31658.0,Hatchback,Petrol,98.1,2761.0,30.7,11.88,100.0,52.8,32.3,3,1010.0,61.2,2,2,2.4,59.0,0,1,0,1,4229.0
1.0,5000.0,Truck,Diesel,88.4,2661.0,56.0,12.88,78.3,17.7,32.6,1,3033.0,61.9,4,3,6.5,83.8,0,0,0,0,7599.0
5.1,46855.0,Truck,Diesel,92.6,2803.0,61.0,11.57,87.2,25.7,31.1,4,2300.0,76.1,7,6,3.6,61.8,0,1,0,1,5868.0
4.3,61562.0,Hatchback,Diesel,99.7,2848.0,42.8,12.3,86.9,35.8,35.7,5,1172.0,47.7,3,5,3.1,71.6,0,0,0,0,7337.0
2.9,52760.0,Hatchback,Electric,64.8,2365.0,38.1,12.51,100.0,14.4,27.8,4,16346.0,40.4,4,1,2.5,75.5,0,0,0,0,150.0
1.0,16794.0,Truck,Diesel,87.5,3123.0,71.6,12.4,56.0,44.2,33.2,2,6522.0,48.7,5,5,4.4,67.3,0,0,0,1,3727.0
8.1,98598.0,Hatchback,Diesel,92.7,2448.0,51.0,11.86,7.8,23.0,28.3,10,15171.0,36.5,2,1,3.8,27.1,1,1,0,1,150.0
4.2,50211.0,Truck,Petrol,96.2,2218.0,64.9,12.27,68.9,24.8,30.2,3,5341.0,47.2,4,3,6.1,69.2,0,0,0,0,4653.0
7.2,83593.0,Truck,Petrol,88.8,2238.0,64.0,12.42,5.0,69.5,27.1,6,16106.0,30.3,1,1,1.0,28.7,1,1,1,1,150.0
7.6,75283.0,SUV,Petrol,99.2,2028.0,55.6,12.42,6.5,60.3,23.1,6,17334.0,40.3,1,1,7.2,8.0,1,1,0,1,150.0
5.0,88299.0,Truck,Petrol,87.8,2687.0,66.8,12.35,55.8,67.5,36.0,6,7269.0,28.4,1,1,4.1,50.6,0,0,0,1,2231.0
5.4,99323.0,Sedan,Diesel,94.1,2605.0,27.6,12.04,59.6,28.1,31.8,7,4918.0,68.9,7,5,3.5,61.2,1,0,0,0,4298.0
2.5,25838.0,Hatchback,Diesel,88.8,2722.0,38.8,11.64,88.4,44.2,31.8,3,2029.0,53.6,0,0,2.7,62.8,0,0,0,0,5511.0
4.0,51881.0,Hatchback,Petrol,89.6,3113.0,48.9,12.76,10.5,15.5,25.0,5,16354.0,78.3,3,3,1.0,46.1,1,0,1,1,150.0
6.5,77702.0,Sedan,Hybrid,94.8,2484.0,45.3,11.91,42.3,56.6,29.6,7,10232.0,67.5,2,1,3.5,35.2,0,1,0,0,650.0
2.2,25672.0,Hatchback,Petrol,90.7,2799.0,44.1,12.44,81.4,40.6,27.6,1,3057.0,68.9,3,2,3.5,64.7,0,0,0,1,5667.0
6.3,76760.0,Sedan,Petrol,103.7,2599.0,51.5,12.06,58.0,51.9,32.4,7,7554.0,50.0,3,3,9.6,39.0,1,1,0,0,1555.0
6.0,82398.0,Sedan,Petrol,88.3,2940.0,59.3,11.61,55.9,67.3,28.7,7,6539.0,58.9,1,5,1.5,36.1,0,1,0,0,2080.0
5.9,104332.0,Truck,Petrol,94.4,2498.0,42.4,12.34,84.1,41.8,36.7,8,1140.0,39.5,3,4,2.2,66.5,0,0,0,0,6052.0
3.8,57218.0,Sedan,Petrol,93.1,2392.0,45.6,12.94,5.0,35.0,30.7,6,17790.0,44.5,6,5,3.9,45.9,1,0,0,0,294.0
2.3,22592.0,Hatchback,Diesel,94.4,2612.0,30.1,12.58,90.4,42.3,30.8,3,439.0,52.2,3,1,7.0,76.9,0,0,0,0,6993.0
9.5,138423.0,Hatchback,Petrol,89.1,2408.0,53.2,12.31,26.4,6.4,31.0,13,11847.0,27.7,1,3,3.8,55.0,0,1,0,0,150.0
7.8,131530.0,SUV,Electric,64.4,2376.0,65.5,11.11,100.0,89.6,35.8,12,5056.0,44.9,8,6,2.9,28.1,0,1,1,1,454.0
3.9,43591.0,Sedan,Petrol,88.2,2476.0,35.2,11.64,26.1,87.2,34.2,4,11757.0,63.1,12,11,1.2,22.2,1,1,1,1,150.0
4.3,58535.0,Sedan,Petrol,88.5,2579.0,39.5,12.69,79.7,12.9,34.2,3,5673.0,45.1,1,2,3.4,76.8,0,0,0,0,4957.0
3.2,65498.0,SUV,Petrol,91.3,2484.0,35.6,12.47,79.2,50.6,34.3,6,1481.0,41.7,4,2,1.7,75.7,0,0,0,0,5876.0
1.0,11964.0,Coupe,Diesel,86.8,2512.0,50.2,12.89,76.9,35.2,30.9,1,4572.0,46.6,2,1,1.0,75.9,0,0,0,1,5516.0
3.5,20615.0,SUV,Petrol,95.8,3015.0,48.0,12.54,31.1,35.7,30.4,2,14118.0,62.5,2,3,1.9,49.5,0,0,0,0,172.0
5.0,26900.0,Sedan,Hybrid,93.6,2749.0,25.2,12.76,100.0,36.2,29.6,3,2095.0,57.1,2,1,3.6,79.3,0,0,0,0,7907.0
2.6,33899.0,SUV,Diesel,88.0,3339.0,59.1,12.48,95.5,84.8,36.4,2,1229.0,48.8,14,14,2.9,64.9,0,0,1,1,1764.0
3.1,35566.0,SUV,Diesel,112.7,2667.0,59.8,12.8,82.3,74.1,37.7,4,3879.0,52.2,3,1,3.8,31.7,1,0,1,1,1163.0
3.1,44971.0,Truck,Diesel,88.0,2694.0,57.0,12.51,34.8,82.7,28.3,2,11229.0,64.0,4,2,2.4,40.5,0,0,1,0,150.0
4.0,56632.0,Sedan,Petrol,90.9,2516.0,35.3,13.1,55.7,23.4,28.3,4,8347.0,70.3,4,4,3.4,66.4,0,0,0,0,2337.0
3.3,30367.0,Truck,Petrol,88.2,2820.0,52.3,12.29,5.0,59.4,24.8,3,24000.0,45.4,2,2,1.6,22.6,1,0,1,1,200.0
2.1,27407.0,SUV,Petrol,100.1,2447.0,50.1,12.43,20.0,55.7,30.9,2,14197.0,50.8,3,2,1.8,30.5,1,0,1,0,150.0
4.0,63429.0,Coupe,Diesel,101.7,2886.0,34.0,12.14,86.1,51.1,33.1,5,1622.0,69.4,10,9,6.1,59.9,0,1,0,0,4558.0
4.9,81396.0,Sedan,Petrol,86.4,2806.0,18.0,12.2,37.8,60.0,32.0,4,10481.0,59.3,3,3,9.4,50.6,0,0,0,1,721.0
4.2,48860.0,SUV,Petrol,90.5,1955.0,55.9,12.19,51.9,20.5,30.4,5,8631.0,32.4,8,5,8.7,62.8,0,1,1,1,2184.0
1.0,12371.0,Hatchback,Electric,63.2,2224.0,47.4,13.23,100.0,22.9,37.1,4,1814.0,39.5,1,3,2.1,79.7,0,0,0,0,8262.0
5.4,89812.0,Sedan,Petrol,91.9,2166.0,38.6,13.05,45.3,64.4,31.9,8,10252.0,39.9,2,1,4.3,53.4,0,0,0,1,842.0
1.7,29737.0,Hatchback,Hybrid,95.2,2505.0,68.2,12.43,86.1,55.5,30.5,2,2206.0,46.2,8,7,2.3,72.2,0,0,0,0,5383.0
4.8,44099.0,Truck,Hybrid,93.3,3060.0,46.5,12.84,66.5,72.5,27.4,4,4351.0,57.2,0,2,3.4,48.5,0,0,1,0,1995.0
4.9,34269.0,Sedan,Petrol,87.8,2945.0,41.5,11.13,87.0,49.2,35.6,3,2512.0,78.4,4,5,3.4,43.3,0,1,0,1,3555.0
1.3,19668.0,Sedan,Petrol,95.7,2385.0,46.2,12.65,81.4,36.2,32.9,2,4301.0,50.8,3,3,2.9,75.1,1,0,0,1,5698.0
6.1,70625.0,Truck,Petrol,94.0,2747.0,61.3,12.82,73.8,53.9,34.6,6,2737.0,61.2,2,5,2.8,64.5,0,0,0,0,4847.0
9.5,139316.0,Sedan,Diesel,97.0,3008.0,38.1,12.06,55.0,22.7,34.0,12,7396.0,67.9,5,4,1.0,54.4,0,1,0,1,2793.0
3.1,53683.0,SUV,Diesel,91.7,2377.0,54.5,12.07,33.7,35.1,29.1,5,10930.0,72.8,6,4,2.2,44.1,0,0,0,0,337.0
4.8,48361.0,Sedan,Hybrid,95.9,2913.0,41.8,12.51,94.1,15.8,35.4,6,522.0,67.9,7,6,4.4,80.0,0,0,0,1,9145.0
2.8,41518.0,SUV,Electric,66.2,2320.0,62.6,12.15,100.0,73.1,32.0,3,3748.0,41.5,4,3,5.4,66.4,0,0,1,0,2929.0
1.7,19876.0,Sedan,Diesel,89.6,2383.0,32.1,12.49,89.7,40.3,33.0,2,1422.0,31.7,4,3,2.9,83.5,0,0,0,0,7904.0
6.5,51727.0,Hatchback,Petrol,87.8,2077.0,15.0,12.38,91.0,11.8,38.2,3,527.0,43.2,2,1,7.6,77.2,0,0,0,1,8893.0
4.9,37893.0,Coupe,Petrol,94.3,2543.0,36.3,12.58,5.0,57.6,25.4,3,24000.0,54.4,7,3,3.5,23.3,1,0,1,1,174.0
2.4,37518.0,Coupe,Hybrid,88.5,2310.0,59.1,12.69,48.0,54.4,27.6,4,7680.0,41.6,1,1,6.7,53.0,0,0,0,1,2319.0
1.8,35996.0,Truck,Petrol,115.7,1968.0,64.0,12.58,72.1,74.1,29.0,3,4313.0,29.2,3,3,3.6,19.6,1,0,1,1,570.0
9.8,147014.0,Sedan,Petrol,94.6,2776.0,20.8,12.43,56.8,30.5,34.5,13,4065.0,35.0,3,2,1.0,63.7,0,1,0,0,4963.0
1.5,31432.0,Truck,Diesel,89.1,3168.0,62.5,13.03,26.9,55.5,29.5,4,12348.0,94.1,2,3,6.9,46.6,0,0,1,0,150.0
5.3,96092.0,Sedan,Petrol,92.5,2752.0,42.9,12.62,55.2,14.0,31.0,9,5897.0,48.9,4,3,2.7,73.9,0,1,0,1,4289.0
4.1,58468.0,Sedan,Electric,58.1,2728.0,35.1,12.74,100.0,20.2,30.8,6,9385.0,77.2,1,2,2.6,71.2,0,0,1,0,2047.0
5.8,117169.0,Sedan,Diesel,92.0,2573.0,27.5,11.99,5.0,43.0,27.5,10,16852.0,48.7,3,3,1.2,24.8,1,0,0,1,150.0
8.3,154487.0,SUV,Petrol,111.6,2392.0,44.6,12.27,14.9,50.9,30.6,12,14378.0,63.1,3,3,5.6,11.0,1,1,1,0,150.0
0.5,5000.0,Truck,Electric,61.0,2330.0,46.9,12.68,100.0,19.4,31.6,1,1049.0,50.0,1,2,10.0,90.7,0,0,0,0,10115.0
1.9,12009.0,Truck,Petrol,84.9,2245.0,74.8,13.28,75.2,37.8,33.7,1,4726.0,52.1,4,1,1.3,71.5,0,0,0,0,5299.0
3.5,50085.0,SUV,Petrol,93.9,2899.0,64.5,11.63,49.6,28.2,32.6,3,6924.0,62.9,7,6,6.9,54.3,0,1,0,0,2503.0
8.7,99206.0,Sedan,Petrol,95.8,3324.0,39.1,11.31,65.3,40.4,32.6,9,4444.0,46.4,13,12,2.7,38.8,1,1,1,1,2989.0
2.9,49121.0,Coupe,Petrol,84.7,2539.0,33.1,11.5,76.7,5.0,30.9,3,2628.0,35.3,2,2,5.4,61.8,0,1,0,1,5893.0
2.6,38454.0,SUV,Diesel,91.4,2786.0,52.4,12.7,5.0,69.5,30.6,3,16535.0,40.7,1,1,1.6,35.5,1,0,1,0,150.0
0.7,18261.0,SUV,Petrol,87.8,2577.0,48.4,12.04,23.3,37.1,31.4,4,15278.0,40.7,0,2,7.2,41.3,0,0,0,0,150.0
2.4,41121.0,Sedan,Petrol,96.0,2723.0,41.4,12.52,31.8,76.5,24.9,4,12387.0,53.2,7,4,4.7,29.7,1,0,1,1,150.0
5.2,77697.0,Truck,Petrol,96.2,2055.0,53.5,12.98,5.0,75.4,28.1,6,18007.0,25.5,5,4,2.6,22.4,1,0,1,0,158.0
3.5,48597.0,Truck,Hybrid,88.3,2646.0,54.8,12.0,37.8,17.3,27.8,3,9232.0,56.3,2,2,6.3,50.2,0,0,0,1,1423.0
2.4,29044.0,Sedan,Hybrid,86.2,2608.0,15.6,12.7,80.0,57.1,31.8,3,3611.0,69.7,5,2,3.5,71.7,0,0,0,0,4547.0
9.8,149054.0,Sedan,Petrol,110.8,2727.0,50.8,11.2,67.9,33.2,31.8,12,4875.0,44.9,6,4,8.9,16.2,1,1,0,1,962.0
3.1,47542.0,Truck,Petrol,87.1,2064.0,46.9,13.0,34.3,27.5,30.6,6,11693.0,42.8,4,2,2.0,62.8,0,0,1,0,205.0
4.0,56915.0,Truck,Petrol,108.3,2907.0,66.1,12.67,6.7,35.8,28.0,4,16093.0,79.5,5,4,5.9,14.0,1,0,0,0,150.0
2.3,29619.0,Sedan,Petrol,91.0,2811.0,66.8,12.62,64.8,46.9,30.0,2,7615.0,72.6,4,3,5.0,61.0,0,0,0,0,2716.0
1.7,32667.0,Coupe,Hybrid,97.9,3168.0,24.6,12.22,71.8,54.1,32.3,3,6056.0,58.0,6,5,1.0,61.6,0,0,0,0,3517.0
5.6,114015.0,Sedan,Diesel,120.0,2087.0,40.0,12.26,10.8,46.7,25.2,11,14913.0,41.5,4,1,1.2,8.0,1,1,1,0,150.0
1.1,17505.0,SUV,Petrol,113.5,2949.0,49.4,12.38,49.6,43.8,29.7,2,9411.0,60.2,5,3,2.5,27.5,0,0,0,0,839.0
4.9,80493.0,Hatchback,Petrol,108.7,2596.0,45.1,12.03,5.7,47.6,27.6,5,16289.0,37.9,2,3,4.1,8.0,1,0,0,0,150.0
0.5,5980.0,SUV,Petrol,87.7,2183.0,27.5,12.48,12.4,28.4,26.6,1,14345.0,33.5,4,1,5.3,49.4,1,0,0,0,150.0
4.5,54331.0,SUV,Diesel,85.6,2737.0,50.1,11.67,73.7,29.6,28.0,5,2991.0,58.3,4,3,4.0,52.3,0,1,0,0,4608.0
1.8,17713.0,SUV,Petrol,93.9,2371.0,43.8,12.73,84.7,35.3,33.4,1,1312.0,45.3,4,2,5.9,79.9,0,0,0,0,8355.0
2.1,38652.0,Sedan,Electric,58.5,2599.0,66.3,11.4,100.0,72.5,28.5,3,8273.0,25.0,12,11,2.8,39.4,0,1,1,1,1393.0
3.1,49734.0,Coupe,Hybrid,92.5,2936.0,64.3,12.17,5.0,27.5,24.5,4,18045.0,60.2,8,5,5.4,28.0,1,0,0,1,345.0
1.6,29134.0,SUV,Petrol,86.2,3395.0,50.2,11.98,8.5,61.6,31.9,2,16015.0,72.4,4,2,3.5,31.8,1,0,1,0,211.0
0.9,9902.0,Hatchback,Diesel,88.3,2865.0,25.8,12.66,9.9,15.0,26.0,1,16817.0,61.2,1,2,2.5,44.4,1,0,0,0,169.0
3.3,35690.0,Sedan,Electric,64.2,2447.0,28.7,13.08,100.0,56.8,27.1,5,13716.0,45.0,2,1,1.2,58.6,0,0,0,1,150.0
5.7,71447.0,Sedan,Diesel,89.0,2681.0,42.5,12.2,77.8,61.4,34.8,6,4150.0,25.0,7,5,1.0,56.9,0,0,0,0,3518.0
4.3,62971.0,Sedan,Petrol,88.4,2453.0,27.6,12.84,5.0,51.8,25.0,5,18324.0,54.0,8,8,2.7,29.0,1,0,0,1,150.0
6.9,85256.0,Truck,Petrol,100.7,2302.0,59.8,12.45,49.9,65.6,29.8,6,6989.0,42.8,0,2,3.7,41.9,0,0,0,0,2139.0
1.0,10667.0,SUV,Hybrid,91.0,2515.0,53.6,12.45,43.6,42.9,26.5,1,11930.0,39.4,5,5,2.0,47.1,0,0,1,1,150.0
2.9,33883.0,Hatchback,Diesel,90.7,1975.0,44.7,13.11,87.6,54.6,34.0,2,2710.0,25.0,2,3,2.4,79.1,0,0,0,0,5860.0
3.8,72486.0,SUV,Diesel,88.2,2784.0,59.9,11.78,72.4,53.4,31.0,6,4906.0,78.3,3,4,1.0,51.6,0,1,0,0,3742.0
2.1,39801.0,Coupe,Hybrid,91.5,1870.0,55.4,12.51,91.7,53.3,33.0,4,1212.0,36.6,1,1,2.5,79.1,0,0,0,1,5691.0
3.9,72798.0,Sedan,Hybrid,92.5,2023.0,49.6,12.26,88.2,47.1,32.5,6,1489.0,26.5,3,5,1.5,76.5,0,0,0,1,6541.0
6.7,109892.0,Hatchback,Electric,60.7,2692.0,42.3,12.37,100.0,33.6,25.9,8,11101.0,75.7,1,1,1.9,57.8,0,0,0,0,483.0
5.0,51173.0,Truck,Petrol,87.7,2194.0,55.0,11.22,5.0,17.6,25.4,4,19128.0,52.4,3,0,4.8,14.2,1,1,0,1,150.0
7.2,91419.0,Truck,Diesel,108.3,2509.0,28.3,12.52,61.7,15.5,32.6,7,5275.0,50.3,1,0,3.0,53.1,0,1,0,0,3523.0
4.4,42366.0,Hatchback,Diesel,91.6,2768.0,44.2,11.79,71.6,74.6,32.9,3,4723.0,56.3,9,5,4.0,50.0,0,0,1,1,1987.0
3.5,45612.0,Truck,Hybrid,92.0,2721.0,61.7,12.62,5.0,19.5,23.6,4,18930.0,58.1,4,3,1.0,31.9,1,0,0,1,189.0
8.4,149967.0,SUV,Diesel,86.2,2514.0,53.7,12.01,30.4,41.3,29.8,13,11964.0,55.0,3,4,6.6,40.5,1,1,0,1,224.0
4.0,42540.0,Sedan,Petrol,90.1,2756.0,63.6,12.54,83.9,69.9,35.9,3,1711.0,30.9,3,7,3.4,70.7,0,0,1,0,3463.0
9.4,107952.0,Sedan,Hybrid,110.9,2733.0,28.2,11.9,100.0,54.6,33.5,10,678.0,29.8,14,10,5.3,35.0,1,1,0,1,2661.0
6.2,73652.0,Hatchback,Diesel,89.1,2448.0,30.7,11.02,5.0,45.2,26.7,6,19898.0,41.8,1,2,1.3,8.0,1,1,0,1,150.0
2.4,13478.0,SUV,Petrol,106.1,2397.0,44.4,12.26,70.5,21.6,30.9,2,5453.0,44.9,1,0,4.4,55.5,0,0,0,0,3534.0
3.3,43002.0,Truck,Diesel,91.6,2357.0,52.9,13.0,55.8,83.3,34.4,3,7157.0,47.0,3,1,2.5,52.5,0,0,1,0,1608.0
8.4,106941.0,SUV,Petrol,89.7,3017.0,48.2,11.79,59.3,57.3,30.7,10,5320.0,55.2,8,5,10.0,48.6,0,1,0,1,3436.0
6.9,120554.0,Sedan,Petrol,117.6,2798.0,25.5,12.31,45.0,43.2,33.4,11,9122.0,48.1,1,3,2.1,13.9,1,0,0,0,550.0
5.7,71330.0,Sedan,Petrol,90.3,2444.0,37.7,12.57,11.8,52.8,29.7,5,15209.0,42.5,4,5,3.5,36.9,1,0,0,1,382.0
5.3,82805.0,Truck,Petrol,90.7,2666.0,66.6,12.3,5.0,70.9,27.3,7,24000.0,57.5,3,3,1.4,18.9,1,0,1,1,150.0
1.5,23933.0,SUV,Diesel,89.6,2625.0,64.3,12.47,81.8,56.5,30.8,3,3338.0,62.0,3,4,3.4,69.6,1,0,0,0,4899.0
1.8,10850.0,Sedan,Diesel,97.4,2950.0,30.5,12.72,66.7,8.7,30.3,1,5164.0,40.7,2,1,3.1,71.7,0,0,0,1,4777.0
4.3,38708.0,SUV,Diesel,97.1,2175.0,48.3,12.55,19.0,65.7,29.2,1,14375.0,32.8,2,1,6.2,34.3,1,0,0,1,150.0
2.1,33833.0,Sedan,Hybrid,96.1,2798.0,29.5,12.3,79.3,45.1,35.5,4,4119.0,54.5,2,1,3.6,64.2,0,0,0,0,5184.0
3.2,41254.0,SUV,Petrol,95.0,3248.0,40.9,12.6,82.4,68.3,26.9,3,3291.0,46.1,2,5,2.6,57.6,0,0,1,1,2728.0
3.0,41795.0,Sedan,Petrol,100.8,2824.0,46.3,12.33,5.0,76.2,23.4,3,22967.0,63.7,5,4,3.1,8.0,1,0,1,1,150.0
5.2,96709.0,Truck,Hybrid,89.7,2093.0,41.4,12.2,47.3,37.9,28.5,8,8957.0,38.2,9,6,1.0,50.1,0,1,1,1,1471.0
4.4,69425.0,Sedan,Petrol,88.4,2689.0,47.6,12.1,68.7,37.5,35.5,6,4997.0,35.1,2,2,3.7,62.2,0,0,0,0,4560.0
6.6,126338.0,SUV,Electric,67.1,2324.0,76.2,12.01,100.0,66.4,29.0,10,10730.0,43.1,4,3,5.7,47.5,0,1,1,1,792.0
4.4,25578.0,Sedan,Hybrid,100.8,2610.0,47.3,12.45,79.5,54.9,34.1,5,2897.0,59.3,7,6,3.5,59.8,0,0,0,1,4346.0
4.2,85903.0,Sedan,Diesel,94.2,2900.0,47.1,11.83,63.1,58.0,30.7,7,6183.0,47.1,1,2,1.0,48.1,0,1,0,1,2786.0
3.7,50374.0,SUV,Electric,62.3,2174.0,60.7,11.05,100.0,21.7,30.2,6,8463.0,50.8,3,2,4.0,46.9,0,1,0,0,1665.0
7.2,94661.0,SUV,Petrol,93.3,2790.0,47.7,12.18,45.9,18.9,29.3,8,8581.0,45.1,3,2,4.1,59.9,0,1,0,1,2136.0
3.8,71271.0,SUV,Petrol,92.8,2583.0,57.2,12.39,94.1,63.0,31.4,6,1816.0,66.2,3,1,4.4,73.9,0,0,0,0,4633.0
2.4,20707.0,Sedan,Diesel,89.2,2042.0,41.7,12.08,5.0,34.2,23.5,1,24000.0,58.8,2,0,3.1,18.5,1,0,0,1,150.0
5.5,67041.0,Truck,Petrol,94.0,2434.0,45.3,11.99,42.5,44.2,30.9,6,9515.0,30.7,1,1,3.7,46.6,0,1,0,0,967.0
3.5,60640.0,Hatchback,Electric,67.3,2102.0,15.0,12.14,100.0,29.0,27.5,5,9232.0,64.6,2,2,4.1,70.9,0,0,0,0,1829.0
6.2,74513.0,Truck,Petrol,95.7,2602.0,41.0,11.38,60.7,58.0,34.0,3,6131.0,60.3,6,2,1.7,35.1,0,1,0,1,2087.0
7.6,138741.0,Sedan,Diesel,105.7,2243.0,27.5,11.96,79.0,5.2,35.5,11,3129.0,67.2,2,1,1.9,45.4,0,1,0,0,3905.0
3.3,62706.0,SUV,Diesel,109.8,2388.0,60.4,12.74,75.1,46.5,31.7,5,4759.0,44.6,5,3,4.4,46.8,0,0,0,0,3401.0
7.5,104358.0,Sedan,Diesel,91.3,2531.0,21.9,12.82,69.9,30.3,28.9,9,4007.0,38.9,1,2,1.8,59.5,0,1,0,0,4790.0
6.3,100197.0,Sedan,Petrol,89.2,2515.0,60.5,11.94,79.4,20.2,32.3,6,1191.0,50.8,1,0,2.9,73.3,0,0,0,0,7841.0
2.6,48979.0,Coupe,Petrol,95.0,2639.0,60.0,12.73,12.4,5.0,26.7,4,17216.0,54.3,1,3,4.4,48.3,1,0,0,1,150.0
2.2,37665.0,Sedan,Hybrid,83.9,3731.0,65.8,12.55,69.4,98.0,29.0,4,5006.0,68.6,22,19,5.9,50.1,0,0,1,1,335.0
2.0,35307.0,SUV,Petrol,84.8,2621.0,47.5,12.2,100.0,82.0,33.9,3,686.0,60.9,6,2,2.1,72.2,0,0,1,1,1920.0
1.7,14764.0,SUV,Hybrid,89.3,2530.0,29.5,12.57,76.1,28.2,29.3,2,3935.0,54.1,1,3,1.8,75.6,0,0,0,0,5745.0
7.1,109893.0,Truck,Diesel,86.4,2474.0,62.0,11.78,71.3,34.1,35.9,10,3947.0,50.2,1,0,4.4,55.7,0,1,0,0,4607.0
3.3,45687.0,SUV,Hybrid,95.8,2351.0,44.6,12.32,86.3,15.6,34.7,5,989.0,52.2,2,2,6.1,82.0,0,0,0,1,9053.0
9.1,155114.0,Sedan,Diesel,89.7,2754.0,50.7,11.81,71.7,33.4,28.5,13,1817.0,46.5,2,4,1.0,50.5,0,1,0,0,5284.0
2.4,17617.0,Sedan,Petrol,95.0,3006.0,53.2,12.33,100.0,44.6,35.9,3,926.0,61.5,11,10,3.3,77.0,0,0,1,1,6797.0
2.7,52592.0,SUV,Diesel,113.0,2494.0,49.1,12.46,97.1,27.1,35.3,3,1536.0,31.7,3,3,7.7,54.4,1,0,0,0,5982.0
5.0,57456.0,Sedan,Hybrid,91.7,2471.0,25.0,12.04,91.3,25.8,33.5,4,1190.0,52.1,3,2,1.7,74.4,0,1,0,0,7946.0
8.8,197505.0,SUV,Petrol,92.8,2769.0,55.0,12.19,12.3,41.3,28.4,18,15522.0,66.6,2,1,4.5,30.3,1,1,0,1,150.0
2.7,28513.0,Sedan,Electric,51.4,2399.0,19.2,12.08,100.0,46.1,30.8,3,10124.0,36.1,3,0,3.0,65.7,0,0,0,1,1291.0
5.9,58340.0,Sedan,Diesel,95.5,2291.0,42.2,12.3,33.8,22.9,28.0,4,13806.0,79.2,3,1,3.1,48.4,0,0,1,0,241.0
3.7,46963.0,SUV,Petrol,83.2,2103.0,61.6,11.66,82.1,22.2,34.3,3,1369.0,36.9,5,5,2.8,63.2,0,1,0,0,6783.0
5.1,83766.0,Sedan,Petrol,89.9,2334.0,32.5,12.63,53.6,57.1,27.5,7,7592.0,44.9,3,3,3.8,49.0,0,0,1,1,2067.0
2.2,36125.0,SUV,Electric,73.7,2654.0,35.6,12.17,100.0,66.0,22.8,3,15480.0,66.4,3,2,6.2,38.0,0,0,1,1,150.0
5.5,112741.0,Truck,Petrol,92.4,3031.0,72.3,12.98,5.0,47.9,28.5,11,20319.0,72.3,2,1,1.7,30.4,1,0,0,0,150.0
3.2,36833.0,Hatchback,Hybrid,87.5,2777.0,34.8,12.73,88.7,61.4,33.4,1,791.0,57.0,3,4,1.9,72.4,0,0,0,0,4518.0
2.8,29793.0,Sedan,Hybrid,84.7,2835.0,39.5,12.47,80.9,53.9,31.4,4,3498.0,56.6,6,5,3.8,70.4,0,0,0,0,5398.0
3.7,43696.0,Sedan,Petrol,93.9,3199.0,52.7,11.48,87.0,71.1,34.8,4,3336.0,77.0,3,2,3.9,44.2,0,1,1,1,1894.0
5.3,65809.0,Sedan,Petrol,88.1,2808.0,36.0,12.17,88.8,40.1,30.4,4,1746.0,32.8,4,6,2.8,68.8,0,0,0,0,6605.0
3.4,33904.0,SUV,Diesel,91.0,1973.0,44.5,12.28,91.4,80.2,34.2,3,1490.0,27.9,5,2,5.7,62.2,0,0,1,0,1880.0
2.8,38496.0,Truck,Petrol,92.1,2454.0,76.9,12.43,67.1,71.4,33.2,2,3414.0,25.1,0,1,2.0,67.0,0,0,0,0,3145.0
3.5,29940.0,Sedan,Hybrid,90.8,2712.0,36.4,12.26,47.1,46.7,28.2,1,8487.0,40.1,9,9,1.9,47.4,0,0,0,1,1476.0
3.4,55828.0,Hatchback,Petrol,87.8,2175.0,52.6,12.6,46.0,16.5,34.7,4,8926.0,42.0,2,0,3.5,68.1,0,0,0,0,2001.0
5.0,91901.0,Sedan,Diesel,91.2,2459.0,40.6,12.85,58.1,10.4,29.7,9,5996.0,57.3,3,1,1.7,69.7,0,0,0,0,4071.0
3.0,40613.0,SUV,Hybrid,89.3,2662.0,57.6,12.46,34.6,77.6,28.8,2,10419.0,66.1,5,5,10.0,44.0,0,0,1,1,746.0
2.9,32041.0,Truck,Petrol,98.1,2612.0,45.9,12.81,51.5,78.1,33.8,4,8309.0,64.7,4,0,1.1,49.0,0,0,1,0,1504.0
2.3,43953.0,Hatchback,Petrol,92.4,2596.0,36.4,11.99,38.2,69.8,29.8,6,10718.0,64.3,1,1,7.2,42.9,0,0,1,0,793.0
5.2,76505.0,Truck,Petrol,120.0,2842.0,78.2,12.45,5.0,58.2,22.5,7,24000.0,38.6,6,6,1.9,8.0,1,0,1,1,317.0
4.1,71664.0,Hatchback,Petrol,86.2,3107.0,50.7,12.4,68.8,49.2,33.7,7,6031.0,57.4,7,3,1.1,67.7,0,0,0,1,4035.0
7.2,68351.0,Sedan,Diesel,90.3,2379.0,24.8,11.75,39.8,38.5,29.7,5,9854.0,41.7,3,4,3.7,40.8,1,1,0,0,885.0
6.7,74829.0,Hatchback,Hybrid,90.3,2381.0,29.3,12.17,31.8,60.3,27.4,7,12046.0,60.4,5,4,2.8,32.0,0,1,0,1,215.0
4.3,72607.0,Sedan,Petrol,88.4,2868.0,47.4,12.66,5.5,52.6,22.4,7,16267.0,52.6,4,6,9.7,20.6,1,0,0,1,213.0
3.5,45017.0,Hatchback,Diesel,90.1,2853.0,46.5,11.46,69.5,5.0,31.7,4,5522.0,64.4,2,1,4.1,58.5,0,1,0,1,3744.0
3.8,68850.0,SUV,Diesel,89.6,3099.0,64.4,11.36,5.0,51.1,30.2,5,16729.0,85.3,3,4,2.7,16.6,1,1,0,0,150.0
2.5,23677.0,Hatchback,Petrol,87.6,2483.0,45.1,12.28,65.7,67.8,29.0,2,5433.0,51.5,15,10,3.0,53.0,0,0,1,1,2683.0
2.3,39002.0,SUV,Petrol,98.7,2401.0,48.2,12.54,44.6,84.9,31.1,3,8077.0,36.6,9,8,1.0,47.1,0,0,1,0,1123.0
2.1,34381.0,SUV,Electric,66.7,2322.0,44.7,11.83,100.0,71.5,32.2,4,3181.0,29.2,4,3,1.0,61.0,0,1,1,0,2803.0
3.3,22607.0,SUV,Diesel,95.2,2164.0,25.2,12.65,5.0,42.6,20.6,1,24000.0,39.4,0,1,1.0,13.0,1,0,0,1,150.0
0.5,5548.0,Truck,Diesel,95.5,2533.0,74.8,12.87,91.3,31.3,31.8,1,1993.0,66.9,5,4,2.8,84.2,0,0,0,0,8332.0
8.6,60291.0,Sedan,Diesel,97.2,3267.0,15.0,12.59,87.9,29.0,35.2,7,2340.0,58.8,3,5,3.2,69.0,0,0,0,0,6605.0
10.0,192646.0,Sedan,Petrol,105.9,2392.0,38.3,11.99,80.2,24.0,32.9,16,2285.0,55.2,4,4,4.1,51.7,1,1,0,0,5186.0
1.9,21971.0,Sedan,Diesel,96.6,2879.0,18.3,11.62,74.6,27.4,33.1,3,3952.0,57.3,2,2,4.9,59.4,0,0,0,0,4820.0
9.9,136686.0,Sedan,Diesel,108.4,2783.0,33.4,11.52,37.9,17.9,30.4,12,9898.0,62.1,4,3,1.0,16.9,1,1,0,0,598.0
1.9,25613.0,Hatchback,Diesel,99.6,2449.0,47.3,12.11,5.0,51.1,22.1,3,24000.0,30.2,3,3,3.8,8.0,1,0,1,1,150.0
3.8,42641.0,Sedan,Petrol,114.9,3234.0,17.0,12.48,52.6,79.2,26.2,3,6649.0,65.8,8,8,6.5,11.4,1,0,1,1,253.0
4.7,102651.0,Coupe,Petrol,104.9,2318.0,42.2,11.85,65.8,21.9,28.5,8,6648.0,57.5,2,0,2.4,35.4,0,1,0,1,1946.0
4.0,42242.0,Sedan,Petrol,96.5,2152.0,49.3,12.12,57.9,58.3,29.5,3,5275.0,31.8,2,1,10.0,48.3,0,1,0,0,3302.0
2.7,32819.0,Sedan,Electric,62.1,2779.0,36.2,12.64,100.0,59.2,29.0,4,15499.0,56.7,6,4,3.1,63.2,0,0,0,0,354.0
2.6,23505.0,Truck,Petrol,86.3,1788.0,85.7,11.16,74.5,57.0,28.2,2,3020.0,33.8,4,1,2.0,36.9,1,1,0,1,2514.0
5.9,65661.0,Truck,Diesel,94.5,3057.0,27.5,11.71,90.1,50.0,29.0,7,1769.0,59.1,3,3,5.3,54.4,0,1,0,0,4422.0
7.3,100239.0,SUV,Petrol,97.9,2878.0,38.6,11.76,72.7,35.4,33.3,9,2089.0,53.7,8,9,4.1,56.9,0,1,0,1,5438.0
1.1,9642.0,SUV,Petrol,93.4,2154.0,50.8,12.9,26.8,37.1,28.5,1,13180.0,37.9,2,3,6.7,53.2,0,0,0,0,150.0
4.3,64358.0,Truck,Diesel,87.6,3172.0,55.8,12.24,92.5,39.9,29.8,7,1609.0,57.8,3,9,4.9,69.5,0,0,0,0,7004.0
5.3,58240.0,Sedan,Diesel,95.5,2673.0,41.0,12.2,67.4,23.7,35.7,5,4899.0,63.3,3,2,3.2,65.8,0,0,1,0,4687.0
4.2,58457.0,Coupe,Diesel,94.2,2373.0,53.1,12.15,73.1,34.6,30.0,3,2923.0,44.0,4,5,5.0,63.2,0,0,0,0,5615.0
1.5,9148.0,Coupe,Petrol,90.6,2882.0,24.5,11.95,86.5,20.8,34.0,1,1716.0,63.0,2,2,1.0,74.4,0,0,0,0,7869.0
5.0,90298.0,Truck,Diesel,89.7,2021.0,39.7,12.24,53.3,15.5,31.8,6,5919.0,48.1,3,5,4.4,69.7,1,1,0,0,4258.0
6.7,88652.0,Sedan,Petrol,117.9,2855.0,32.9,12.69,17.5,73.8,29.1,8,12959.0,64.2,7,4,3.0,8.0,1,0,1,1,150.0
2.2,25717.0,Truck,Petrol,87.9,2871.0,66.8,12.18,88.2,64.3,31.5,1,2903.0,50.7,4,3,1.2,67.7,0,0,0,0,4095.0
2.6,9838.0,Sedan,Diesel,92.3,2908.0,56.5,11.78,92.8,37.6,36.9,2,1229.0,68.4,12,11,4.8,67.4,0,0,1,0,6540.0
4.2,56207.0,Sedan,Petrol,117.9,2265.0,42.8,11.65,64.6,26.1,28.7,4,6741.0,39.2,5,7,6.2,9.8,1,0,0,0,748.0
3.6,73767.0,Sedan,Petrol,97.6,2561.0,35.1,12.42,48.3,48.5,31.1,9,9150.0,39.6,4,4,2.6,50.5,0,0,0,0,1257.0
2.7,43955.0,SUV,Diesel,89.4,2348.0,54.2,12.5,74.4,81.7,33.2,4,5723.0,41.0,3,5,1.7,62.6,0,0,1,1,1875.0
1.7,32671.0,Hatchback,Diesel,85.2,3098.0,43.9,12.61,85.7,52.1,26.9,3,1212.0,53.8,2,2,5.6,64.1,0,0,0,1,5025.0
2.8,40673.0,Truck,Hybrid,88.7,2446.0,56.4,11.82,89.2,72.9,34.9,4,430.0,49.9,0,4,1.7,57.1,0,0,0,0,2400.0
0.8,11373.0,Truck,Petrol,94.8,2468.0,35.9,12.48,88.2,37.6,28.2,1,986.0,56.0,3,1,3.2,74.6,0,0,0,0,7433.0
5.3,78499.0,SUV,Petrol,88.5,2449.0,35.9,11.32,5.0,57.0,28.7,8,17040.0,35.7,1,2,3.1,15.5,1,1,0,0,150.0
2.4,33464.0,Sedan,Petrol,95.8,2209.0,41.3,12.43,75.7,60.4,29.9,3,6001.0,42.0,8,8,1.6,61.3,1,0,0,0,3486.0
5.8,105349.0,SUV,Electric,67.3,2833.0,63.9,11.34,100.0,43.7,28.9,9,3433.0,69.8,3,4,1.1,46.8,0,1,0,0,3846.0
3.3,53056.0,Coupe,Diesel,89.3,2946.0,28.5,12.81,88.5,18.3,31.1,5,1714.0,57.2,5,4,5.2,83.0,0,0,0,0,8687.0
4.1,49966.0,Sedan,Diesel,90.8,2643.0,45.3,11.7,52.7,13.4,36.7,5,8204.0,60.7,3,3,4.0,50.5,0,0,0,0,2139.0
1.2,18011.0,Hatchback,Petrol,95.3,2184.0,18.1,12.72,42.1,37.2,29.6,1,9793.0,48.4,6,2,2.3,58.3,0,0,0,0,1327.0
5.6,68275.0,SUV,Diesel,85.2,2455.0,54.5,12.25,30.2,49.8,27.6,4,11111.0,56.1,4,2,2.4,31.8,0,0,1,0,535.0
13.2,211735.0,SUV,Petrol,105.9,1956.0,44.2,11.08,78.0,64.4,33.1,18,521.0,45.4,3,2,4.2,17.2,1,1,0,0,1219.0
3.0,42534.0,Truck,Diesel,92.5,2310.0,31.7,12.31,24.0,82.7,27.1,4,9952.0,26.1,5,6,2.2,31.6,0,0,1,1,942.0
4.0,42031.0,SUV,Electric,63.3,3191.0,51.0,12.37,100.0,90.7,31.1,3,1532.0,66.5,8,7,2.8,65.2,0,0,1,0,1136.0
4.3,71529.0,Hatchback,Electric,72.6,2389.0,24.4,11.47,100.0,53.6,31.0,5,10753.0,54.6,6,2,2.0,46.6,0,1,1,0,879.0
1.6,18611.0,Hatchback,Diesel,90.8,2656.0,37.9,12.45,87.7,35.1,33.3,1,1465.0,41.8,5,4,2.6,85.0,0,0,0,0,8653.0
1.9,26694.0,SUV,Diesel,87.0,2098.0,57.8,12.54,79.4,59.1,33.8,1,2226.0,52.0,0,1,2.7,70.8,0,0,0,0,4805.0
5.1,67262.0,Sedan,Electric,71.0,2861.0,44.3,12.66,100.0,33.1,31.9,6,10179.0,45.5,3,1,4.3,72.2,0,0,0,1,1167.0
2.2,27302.0,SUV,Diesel,87.3,3049.0,29.9,12.15,69.7,59.8,28.9,3,6847.0,73.0,5,2,2.0,53.6,0,0,0,0,3051.0
3.2,25343.0,Hatchback,Petrol,88.9,2594.0,48.1,12.34,100.0,60.3,30.2,1,630.0,61.4,6,4,5.8,72.0,0,0,0,1,4349.0
4.1,54212.0,Sedan,Diesel,95.0,1945.0,43.8,12.91,90.0,20.5,34.3,5,1578.0,35.9,3,1,4.2,82.6,0,0,0,0,8913.0
5.2,100224.0,SUV,Petrol,90.3,2216.0,49.3,11.76,68.2,32.9,30.7,9,2107.0,34.0,5,3,3.0,52.8,0,1,0,0,5246.0
3.4,51274.0,SUV,Diesel,94.9,2626.0,38.4,12.31,35.5,30.4,31.1,4,12445.0,55.5,3,2,2.6,55.6,0,0,0,0,334.0
3.4,42564.0,Truck,Diesel,90.9,3258.0,56.7,10.91,61.5,98.0,32.7,5,6588.0,53.9,16,12,2.3,19.6,0,1,1,1,150.0
12.1,158432.0,Sedan,Diesel,87.6,2119.0,59.7,11.94,73.4,47.0,31.2,16,1724.0,59.3,8,3,5.2,55.0,0,1,0,0,4599.0
6.4,92038.0,Truck,Petrol,93.4,2836.0,61.6,12.31,67.2,23.6,32.4,6,2316.0,50.0,3,3,2.2,74.0,0,1,0,0,7038.0
3.0,39730.0,Hatchback,Petrol,93.7,2829.0,57.7,11.78,84.8,84.7,31.2,3,4344.0,42.9,11,10,1.0,53.0,0,1,1,1,1455.0
3.4,65245.0,Sedan,Diesel,86.6,2263.0,26.9,12.48,95.4,30.0,30.2,5,968.0,59.1,1,1,2.1,80.8,0,0,0,0,9032.0
9.6,83365.0,Sedan,Hybrid,96.0,1976.0,33.2,11.9,71.8,71.4,33.9,7,3863.0,60.3,5,2,6.9,46.6,1,1,0,0,2050.0
5.2,76804.0,Coupe,Diesel,97.6,2805.0,24.8,12.7,23.9,48.3,31.0,6,10646.0,69.6,0,3,1.4,48.2,0,1,0,0,805.0
6.8,94133.0,Sedan,Petrol,112.4,2648.0,30.8,12.42,68.9,12.2,33.6,8,3672.0,62.3,3,1,7.9,51.3,1,0,0,1,4032.0
3.0,37678.0,Hatchback,Electric,58.7,2310.0,57.5,12.23,100.0,59.9,32.2,3,10415.0,40.3,1,4,2.3,66.5,0,1,0,0,1071.0
2.8,37966.0,SUV,Electric,58.3,2785.0,48.2,12.36,100.0,60.6,31.6,2,6768.0,55.6,2,2,2.2,74.8,0,0,0,1,4152.0
8.3,107083.0,Sedan,Petrol,93.7,3244.0,36.1,12.73,74.1,43.7,35.1,9,3768.0,48.0,7,8,8.8,64.1,0,1,0,0,5364.0
3.6,33177.0,Hatchback,Petrol,92.3,2211.0,41.7,12.35,18.8,51.5,28.2,3,14949.0,38.8,2,1,3.5,40.7,0,0,0,1,150.0
3.6,53678.0,SUV,Diesel,115.9,2027.0,46.7,11.92,77.8,33.1,34.6,6,4186.0,27.0,2,2,5.0,27.0,1,1,0,0,1860.0
2.9,45000.0,SUV,Hybrid,97.9,3411.0,56.3,12.02,50.2,21.4,32.5,3,9028.0,83.5,4,4,1.6,56.6,0,0,0,1,1368.0
6.7,95224.0,SUV,Electric,78.7,2410.0,47.6,12.19,100.0,32.6,30.4,8,10845.0,44.2,3,3,2.4,64.2,0,1,0,0,919.0
4.2,70466.0,SUV,Hybrid,89.5,3107.0,63.9,12.76,8.3,67.1,28.5,5,16494.0,50.2,12,12,1.0,27.1,1,0,1,1,150.0
1.8,24726.0,Sedan,Diesel,93.8,2399.0,35.0,12.3,89.5,42.9,33.6,3,2514.0,55.1,3,2,2.0,73.8,1,0,0,0,6911.0
2.7,42002.0,SUV,Diesel,96.4,2953.0,42.6,12.05,98.9,85.5,31.6,4,1860.0,53.6,8,5,2.5,60.0,0,0,1,1,1478.0
7.5,65063.0,Coupe,Petrol,86.8,1879.0,52.2,12.23,75.9,38.3,31.2,7,4264.0,25.0,3,2,2.3,63.3,0,1,0,1,4800.0
4.3,96095.0,Sedan,Petrol,95.1,2433.0,59.8,12.48,14.5,6.0,32.1,8,13927.0,49.7,1,0,2.7,58.2,1,0,0,1,233.0
6.7,91038.0,Truck,Diesel,89.9,2841.0,58.8,12.44,81.0,17.0,32.3,7,2998.0,76.8,4,1,2.4,79.4,0,1,0,1,6958.0
4.7,61092.0,Sedan,Diesel,94.4,2387.0,20.8,11.75,78.2,31.0,34.0,5,2476.0,49.0,2,1,1.0,65.6,0,1,0,0,6165.0
1.9,27002.0,Truck,Diesel,89.2,2675.0,51.7,12.58,90.1,50.6,31.9,3,636.0,74.9,2,3,2.0,74.4,0,0,0,0,5671.0
5.0,54588.0,Sedan,Diesel,82.2,3012.0,43.3,12.42,56.7,20.2,32.9,6,8237.0,52.4,3,3,3.3,70.5,0,0,0,0,2539.0
3.6,33010.0,Coupe,Petrol,84.4,2657.0,19.4,12.24,41.7,46.2,30.9,4,8221.0,47.1,1,2,3.8,62.8,0,0,0,0,2424.0
2.7,41591.0,SUV,Diesel,87.0,2547.0,51.2,12.83,30.5,97.1,33.1,3,12088.0,54.0,11,7,6.6,45.0,1,0,1,1,150.0
2.8,37531.0,Sedan,Petrol,89.1,2364.0,28.3,12.59,73.4,76.8,28.8,3,4852.0,52.5,10,9,1.0,53.5,0,0,1,1,1793.0
6.6,96404.0,Sedan,Petrol,91.5,2886.0,27.2,11.96,16.0,20.2,33.2,6,14771.0,52.2,2,2,2.1,48.6,1,1,0,1,150.0
4.3,56243.0,Sedan,Hybrid,89.4,2320.0,46.1,12.53,91.2,32.1,34.0,4,985.0,43.9,5,5,5.1,81.1,0,0,0,0,8632.0
4.2,54049.0,SUV,Diesel,91.3,2300.0,53.0,11.71,60.7,14.5,27.2,5,5782.0,32.9,1,2,3.1,52.5,0,1,0,0,3270.0
8.8,84877.0,Sedan,Electric,57.4,2632.0,26.5,10.9,100.0,67.9,30.5,9,4611.0,59.9,3,2,2.1,28.1,0,1,1,0,1378.0
2.4,28574.0,Hatchback,Petrol,109.8,2961.0,45.2,12.3,14.4,72.2,29.6,1,15209.0,53.3,11,10,5.5,8.2,1,0,1,0,150.0
3.5,47721.0,SUV,Diesel,95.2,2282.0,47.7,11.52,7.4,9.1,23.9,5,15929.0,75.3,0,0,3.1,20.6,1,1,0,1,198.0
2.6,31585.0,Sedan,Petrol,91.4,2421.0,50.2,13.5,5.0,61.7,26.6,2,24000.0,51.5,4,2,4.7,21.1,1,0,0,1,237.0
5.0,75740.0,SUV,Petrol,93.7,2211.0,27.9,11.57,70.3,51.0,33.0,7,3223.0,30.8,1,1,2.8,51.7,0,1,0,1,4387.0
4.2,54633.0,Truck,Hybrid,94.4,2689.0,47.1,12.88,77.2,43.3,33.0,4,3504.0,56.5,4,5,1.0,75.1,0,1,0,0,6407.0
3.0,49658.0,Sedan,Diesel,90.9,2751.0,58.6,11.8,79.2,20.1,33.6,5,1791.0,53.1,2,3,6.7,72.4,0,0,0,1,7291.0
3.2,48452.0,Sedan,Hybrid,84.3,2663.0,28.8,11.95,40.6,13.0,25.3,3,9225.0,46.0,6,6,2.6,47.0,0,0,0,1,1289.0
6.2,97801.0,Sedan,Petrol,92.5,2730.0,26.6,11.66,26.5,12.6,29.7,6,12042.0,60.7,2,2,1.0,42.0,1,1,0,0,242.0
7.2,115938.0,Truck,Hybrid,88.8,2673.0,51.4,11.03,24.4,75.6,26.1,10,12826.0,59.0,10,7,2.0,8.0,0,1,1,1,150.0
2.6,54997.0,Truck,Petrol,94.9,3189.0,76.8,12.44,5.0,54.3,25.1,6,24000.0,35.2,13,12,1.5,15.8,1,0,1,1,150.0
13.6,232479.0,SUV,Hybrid,97.0,2454.0,60.0,11.72,47.4,32.7,28.9,20,5767.0,45.5,4,4,1.0,32.9,0,1,0,0,1938.0
1.5,13214.0,Hatchback,Petrol,90.5,2825.0,27.7,12.67,98.2,33.6,32.2,3,1968.0,67.3,5,3,2.4,88.0,0,0,0,0,8981.0
1.9,25067.0,Hatchback,Petrol,92.2,2423.0,39.4,12.24,63.5,41.0,31.8,1,6375.0,38.3,1,3,1.0,65.0,0,0,0,1,3821.0
3.2,34918.0,SUV,Diesel,94.2,2913.0,55.0,12.57,77.1,75.5,28.7,4,3327.0,49.6,9,9,2.4,54.9,1,0,1,1,2156.0
2.3,24537.0,Hatchback,Electric,55.5,2943.0,46.6,11.92,100.0,45.1,34.6,2,3040.0,55.2,6,4,3.5,63.1,0,0,0,0,5690.0
2.2,36662.0,Sedan,Petrol,91.5,2199.0,40.7,12.83,55.8,49.5,32.7,5,8235.0,35.8,1,4,3.4,65.3,0,0,1,0,2331.0
7.1,108154.0,Sedan,Petrol,85.3,2659.0,41.2,12.02,79.6,28.5,31.4,8,1875.0,50.6,3,1,1.8,63.6,0,1,0,0,6279.0
5.1,56583.0,Sedan,Hybrid,95.7,2587.0,34.1,11.47,68.4,24.2,30.8,5,5518.0,50.2,1,0,1.1,46.8,0,1,0,0,3070.0
3.9,68764.0,Sedan,Petrol,98.2,2593.0,57.1,12.25,87.5,50.5,35.5,5,1389.0,47.5,4,4,5.0,60.8,0,0,0,0,4973.0
2.7,55718.0,SUV,Petrol,91.9,2314.0,53.1,12.25,14.6,30.8,28.6,4,14799.0,30.6,0,2,3.9,38.0,1,0,0,0,150.0
2.0,11825.0,Hatchback,Petrol,88.5,2270.0,32.9,12.64,84.2,25.1,28.7,2,1004.0,52.0,4,3,2.1,76.7,0,0,0,0,8287.0
1.9,15672.0,Sedan,Petrol,92.5,2415.0,53.9,10.91,5.0,24.9,28.0,1,17873.0,43.3,4,4,1.0,14.8,1,1,0,0,150.0
7.0,126568.0,Sedan,Electric,58.2,2261.0,47.5,12.37,100.0,45.5,27.2,10,24000.0,66.9,2,3,1.3,54.7,0,1,0,1,150.0
6.9,115289.0,SUV,Hybrid,89.8,2732.0,46.7,12.01,83.8,66.8,37.3,9,2145.0,57.8,8,7,8.1,55.3,0,1,0,1,2869.0
3.2,48670.0,Hatchback,Diesel,89.8,2412.0,15.0,12.39,94.6,33.3,29.7,4,1033.0,41.1,10,3,4.7,75.8,0,0,0,1,8346.0
1.4,17045.0,Sedan,Electric,66.1,2098.0,46.1,12.86,100.0,37.6,32.4,2,609.0,46.5,2,2,3.5,90.6,0,0,0,0,9153.0
5.3,70016.0,SUV,Diesel,92.4,2925.0,54.0,12.7,95.2,62.9,31.0,6,1424.0,53.8,6,9,1.5,69.5,0,0,0,1,3964.0
3.2,46158.0,Sedan,Petrol,93.2,2974.0,44.1,12.86,7.5,14.1,29.5,3,16440.0,46.4,5,7,1.5,47.2,1,1,0,0,181.0
6.4,92524.0,Sedan,Petrol,91.6,2403.0,55.4,12.01,41.6,11.8,34.7,9,8912.0,30.8,3,4,5.1,56.4,1,1,0,0,1828.0
1.9,39553.0,Coupe,Petrol,95.1,2517.0,27.4,12.57,95.9,55.4,35.0,3,1028.0,56.1,0,1,7.2,76.1,0,0,0,0,5304.0
3.9,51632.0,Coupe,Petrol,112.3,2516.0,26.9,12.5,5.0,23.0,25.0,5,21554.0,59.4,4,3,5.2,8.0,1,0,0,1,150.0
1.8,30313.0,Sedan,Electric,72.7,2822.0,24.4,12.02,100.0,56.0,31.9,1,7317.0,62.4,5,4,2.3,65.6,0,0,0,1,2970.0
2.4,41630.0,Coupe,Hybrid,91.1,2507.0,67.6,12.33,14.2,70.3,27.4,3,17657.0,65.1,2,4,1.7,26.6,1,0,1,1,199.0
2.3,40159.0,SUV,Petrol,91.2,1817.0,68.7,11.93,66.1,72.0,33.5,3,8523.0,40.4,4,3,1.4,53.7,0,0,0,0,2103.0
3.2,61551.0,Hatchback,Diesel,90.0,3356.0,53.3,12.71,81.0,48.4,33.9,6,3461.0,63.0,10,9,2.2,74.8,0,0,1,0,6065.0
7.4,121383.0,SUV,Diesel,93.5,2562.0,30.5,12.7,88.4,51.4,33.0,11,854.0,36.0,1,2,1.5,73.4,0,0,0,0,5565.0
4.1,47341.0,SUV,Electric,62.0,2299.0,36.5,12.48,100.0,26.3,32.2,2,507.0,57.0,2,2,3.1,84.6,0,0,0,0,9346.0
5.8,65728.0,SUV,Hybrid,91.6,2349.0,67.6,11.92,59.7,53.8,30.8,6,6517.0,42.1,8,9,1.0,51.0,0,0,0,1,3003.0
3.9,39579.0,Truck,Diesel,92.7,2611.0,58.4,13.14,75.9,71.6,33.7,5,4941.0,57.9,3,2,2.8,65.3,0,0,0,0,2812.0
2.9,26054.0,Sedan,Hybrid,93.9,2232.0,35.5,12.47,60.4,50.4,29.3,3,6037.0,30.9,1,1,9.4,58.7,0,0,0,0,3223.0
0.9,5000.0,Sedan,Diesel,95.9,2989.0,26.6,12.28,5.0,30.7,25.9,1,21977.0,59.6,7,6,5.2,26.9,1,0,1,1,150.0
1.9,36770.0,Sedan,Diesel,90.9,2343.0,53.1,12.85,12.4,68.9,31.0,3,15593.0,41.0,4,3,3.1,34.0,1,0,1,1,202.0
3.7,18114.0,Truck,Petrol,94.8,2974.0,76.7,12.97,75.7,46.2,26.8,2,3269.0,58.8,6,4,9.4,60.9,0,0,0,1,5224.0
4.1,88083.0,Sedan,Petrol,93.9,2612.0,46.5,11.81,68.0,68.0,31.0,7,2892.0,57.2,3,4,3.9,49.9,0,1,0,0,2443.0
6.4,85015.0,Truck,Diesel,92.6,2927.0,45.3,12.46,64.8,70.5,31.6,7,2572.0,57.4,2,3,1.4,57.7,0,0,0,0,2749.0
1.2,22542.0,Coupe,Petrol,85.9,2477.0,57.9,12.95,5.0,40.3,30.0,3,18753.0,52.7,4,2,5.0,40.5,1,0,0,0,150.0
11.0,90613.0,Sedan,Petrol,95.9,2147.0,42.4,10.97,5.0,21.5,30.0,8,15926.0,35.7,4,3,1.1,11.1,0,1,0,0,150.0
0.9,6357.0,Truck,Diesel,91.9,2626.0,72.4,12.56,5.0,16.6,24.7,1,18369.0,72.9,3,1,1.0,39.1,1,0,0,1,150.0
3.6,44543.0,SUV,Petrol,90.5,2836.0,52.5,12.35,76.4,88.0,30.4,5,2114.0,50.2,5,6,3.8,56.9,0,0,1,0,1301.0
2.6,40473.0,Hatchback,Diesel,86.9,2670.0,65.9,12.97,63.3,67.2,31.8,2,4525.0,50.1,2,4,4.2,59.4,0,0,0,0,3132.0
2.0,27305.0,Sedan,Diesel,81.7,2670.0,32.6,12.08,85.0,49.0,30.0,3,3251.0,71.4,1,0,5.0,62.5,0,0,1,0,4863.0
8.5,135962.0,Truck,Electric,75.9,2059.0,44.9,12.09,100.0,22.6,36.5,10,2934.0,39.6,1,1,4.2,70.8,0,1,0,0,6439.0
2.7,32126.0,Hatchback,Diesel,92.7,2446.0,48.8,13.19,92.3,62.1,31.9,2,1059.0,51.3,5,1,3.7,75.8,0,0,1,1,4775.0
1.1,25147.0,Hatchback,Petrol,87.1,2515.0,41.1,11.11,39.6,58.0,31.5,1,12326.0,54.4,10,5,1.9,26.5,0,1,1,0,150.0
1.6,23075.0,Truck,Diesel,86.5,2396.0,59.8,11.94,74.9,40.7,30.3,3,2692.0,48.8,2,4,3.4,60.6,0,0,0,0,5632.0
6.8,126629.0,SUV,Hybrid,90.4,2808.0,41.4,11.42,77.2,67.9,30.5,11,3212.0,55.8,1,2,5.0,40.2,0,1,0,0,2080.0
1.6,22157.0,SUV,Electric,68.2,2270.0,42.4,12.86,100.0,42.6,33.0,2,6453.0,43.9,2,3,3.7,78.8,0,0,0,0,4257.0
1.4,21772.0,Hatchback,Petrol,94.0,2341.0,35.8,12.48,5.0,49.5,30.7,3,17337.0,51.0,5,3,4.5,40.3,1,0,1,0,150.0
4.2,57965.0,SUV,Petrol,116.6,2524.0,56.3,12.2,50.6,45.1,25.7,5,8772.0,53.8,3,0,7.9,9.2,1,0,0,1,177.0
3.2,51610.0,Sedan,Electric,58.9,2469.0,29.5,12.59,100.0,16.2,34.8,5,7094.0,71.1,1,1,4.4,85.2,0,0,0,0,4152.0
4.9,79947.0,Hatchback,Petrol,90.8,2699.0,53.2,13.21,94.3,69.8,31.6,8,1054.0,75.2,6,3,5.4,75.1,0,0,1,1,3589.0
2.9,35560.0,Truck,Diesel,92.0,3114.0,53.9,12.33,59.9,64.8,34.5,2,6752.0,54.4,4,4,1.0,64.9,0,0,1,0,3345.0
5.6,94567.0,Truck,Petrol,91.3,2809.0,76.5,13.03,75.4,29.9,27.5,7,2412.0,68.8,8,5,3.7,66.1,0,0,0,1,6465.0
1.5,15430.0,Sedan,Petrol,93.7,2786.0,31.0,12.63,51.9,29.1,29.3,1,7031.0,41.8,6,7,9.1,68.6,0,0,0,1,3402.0
1.3,20004.0,Truck,Petrol,97.8,3521.0,57.7,12.19,75.9,50.8,29.6,2,2978.0,83.5,4,2,3.3,59.4,0,0,0,0,4454.0
4.4,63137.0,SUV,Petrol,92.3,2568.0,59.9,12.94,86.1,36.5,32.7,7,918.0,48.6,3,3,3.3,77.3,0,1,0,0,7866.0
3.2,36719.0,Truck,Diesel,107.8,2639.0,56.9,12.29,19.8,68.1,29.4,3,12502.0,51.5,5,2,2.4,14.9,1,0,1,0,150.0
2.8,26333.0,Sedan,Electric,59.8,2636.0,38.2,11.88,100.0,40.1,32.0,3,5659.0,59.4,1,1,2.3,70.4,0,0,0,0,4443.0
5.3,65340.0,Truck,Petrol,92.2,2530.0,63.0,12.42,82.8,42.8,35.0,6,2546.0,63.9,2,1,7.7,72.6,0,1,0,0,6608.0
11.8,78440.0,Coupe,Hybrid,88.9,2427.0,23.2,11.01,68.1,55.6,32.6,8,3274.0,49.6,3,0,1.0,34.2,0,1,0,0,2569.0
1.3,17408.0,Sedan,Petrol,93.2,2145.0,43.0,13.13,70.4,29.3,29.5,2,6654.0,25.0,0,2,3.6,70.1,0,0,0,0,3760.0
7.5,69726.0,Coupe,Diesel,93.0,2352.0,27.0,12.37,58.0,22.1,33.9,7,7795.0,61.2,0,1,2.5,67.0,0,0,0,0,2762.0
5.4,131811.0,SUV,Petrol,97.8,2795.0,50.6,12.13,65.8,91.6,33.3,11,4736.0,39.3,10,7,1.0,41.7,0,1,1,0,373.0
2.7,53287.0,Hatchback,Electric,64.1,2326.0,45.2,12.74,100.0,27.7,33.0,5,5250.0,62.8,6,5,5.0,81.7,0,0,0,0,5542.0
8.8,122125.0,Truck,Hybrid,93.3,2597.0,64.2,12.17,77.6,66.1,32.2,11,1133.0,62.5,3,1,2.8,64.1,0,1,0,0,3642.0
1.6,31054.0,SUV,Diesel,88.9,2522.0,37.9,12.59,85.5,66.7,34.2,2,1433.0,54.7,1,3,3.5,68.5,0,0,0,0,3632.0
4.8,82577.0,Truck,Hybrid,85.8,2362.0,72.6,11.51,73.7,68.1,32.5,7,1933.0,64.7,2,1,2.2,50.4,0,1,0,0,2212.0
3.3,34978.0,Hatchback,Diesel,95.8,2542.0,50.8,12.0,64.8,55.4,29.8,2,5312.0,45.1,2,1,3.9,51.6,0,0,0,0,3419.0
2.7,29639.0,SUV,Electric,67.7,2534.0,54.9,12.51,100.0,61.8,32.0,3,3939.0,71.2,3,3,4.3,74.4,0,0,0,1,4555.0
1.8,35043.0,Sedan,Diesel,90.2,2575.0,29.2,12.02,65.9,69.0,29.1,3,5900.0,54.3,6,5,1.3,51.0,0,0,1,0,2560.0
14.5,154876.0,Truck,Electric,62.4,2620.0,71.1,11.71,100.0,42.4,32.9,13,1633.0,49.4,1,1,1.3,59.5,0,1,0,0,5545.0
2.7,34656.0,Hatchback,Diesel,96.9,2225.0,45.1,12.76,5.0,52.0,28.3,1,22775.0,68.0,2,2,2.2,25.6,1,0,0,1,150.0
0.6,14710.0,Truck,Petrol,96.3,2987.0,64.7,12.7,67.2,48.1,29.6,1,6607.0,42.7,9,9,7.1,60.3,0,0,1,0,3346.0
6.0,76072.0,Truck,Diesel,91.0,2136.0,44.7,12.7,85.6,60.3,31.2,7,1291.0,25.0,3,1,2.3,71.6,0,0,0,0,4611.0
4.5,64697.0,SUV,Petrol,95.8,2317.0,57.5,11.37,80.4,38.7,36.0,5,3406.0,34.5,3,4,2.2,41.7,0,1,0,0,3521.0
3.1,53663.0,Hatchback,Diesel,91.3,2500.0,33.7,12.18,5.0,15.7,24.6,3,24000.0,72.1,2,4,1.9,22.8,1,0,1,0,150.0
2.9,46431.0,Sedan,Diesel,92.4,2579.0,54.2,12.92,5.0,6.9,24.2,3,22450.0,55.5,3,2,8.1,37.8,1,0,1,1,287.0
3.6,59075.0,SUV,Diesel,85.0,2684.0,70.9,12.41,100.0,36.1,31.1,5,872.0,54.4,5,5,3.3,81.3,1,0,0,0,8684.0
6.0,79313.0,Sedan,Petrol,117.8,2894.0,39.4,11.92,34.6,56.5,24.3,6,11952.0,64.8,6,4,5.7,8.0,1,1,0,1,150.0
4.6,71559.0,Sedan,Petrol,84.5,2446.0,32.6,12.02,57.4,44.4,36.4,6,7076.0,56.1,4,2,6.1,48.8,0,0,0,0,2350.0
5.0,39526.0,SUV,Diesel,98.4,2178.0,62.3,11.6,97.3,68.0,33.7,3,1730.0,48.1,3,1,1.4,46.0,0,1,0,0,2366.0
5.0,95924.0,SUV,Electric,79.3,2654.0,63.8,12.68,100.0,30.2,27.2,9,12043.0,45.9,6,5,1.7,68.1,0,0,0,1,150.0
6.1,78343.0,Truck,Petrol,81.3,2127.0,38.8,12.39,59.1,64.7,33.0,6,7035.0,35.5,3,1,3.5,59.0,0,0,0,1,2761.0
7.2,82594.0,SUV,Petrol,97.7,2371.0,48.5,12.58,85.3,74.7,33.2,7,1181.0,37.1,4,0,1.4,58.7,0,0,1,1,2224.0
2.4,40242.0,SUV,Diesel,90.5,2420.0,82.3,12.67,25.3,81.8,28.7,3,12643.0,54.4,9,5,1.7,29.1,1,0,1,1,150.0
4.2,60856.0,Sedan,Diesel,93.2,2776.0,41.1,12.26,41.4,49.6,31.0,6,9654.0,49.8,9,4,2.3,55.5,0,0,1,0,1270.0
7.0,80695.0,SUV,Petrol,85.9,3148.0,59.6,12.12,95.5,72.7,35.6,8,448.0,58.8,6,6,1.7,60.1,0,0,1,0,2731.0
2.4,41325.0,Sedan,Petrol,90.2,2503.0,46.9,11.73,64.9,67.3,31.6,4,2309.0,50.8,4,3,1.2,51.0,0,0,1,0,2636.0
7.9,112112.0,Sedan,Petrol,86.8,2627.0,32.1,12.25,74.7,35.8,37.4,10,2440.0,37.1,1,1,1.9,64.6,0,0,0,0,6138.0
2.4,32565.0,SUV,Electric,73.6,2968.0,66.8,12.44,100.0,86.3,29.6,4,4398.0,55.4,10,7,3.1,58.7,0,0,1,1,1325.0
4.7,92607.0,Truck,Petrol,96.4,2674.0,58.9,12.19,93.6,25.7,33.3,7,2102.0,54.6,4,3,1.5,74.7,0,0,0,0,7615.0
3.2,48146.0,SUV,Petrol,95.5,2558.0,67.9,12.32,26.4,15.7,30.6,4,11831.0,52.2,3,3,2.0,53.4,1,0,0,1,354.0
2.9,41092.0,SUV,Petrol,94.8,2359.0,32.6,11.9,48.7,72.1,29.9,2,8266.0,54.2,3,1,2.5,37.6,0,0,1,1,1273.0
4.9,57889.0,SUV,Petrol,89.3,3053.0,56.2,12.52,100.0,27.4,37.0,5,599.0,79.5,1,0,8.2,74.2,0,0,0,0,8401.0
7.2,85543.0,Hatchback,Hybrid,88.7,2608.0,42.9,12.01,46.1,60.7,34.0,7,8379.0,35.3,1,3,1.6,42.2,0,1,0,0,1646.0
3.1,52177.0,SUV,Petrol,84.9,2047.0,35.8,12.45,5.0,32.4,30.2,4,20044.0,38.6,3,1,6.6,45.8,1,1,1,0,150.0
7.6,90063.0,SUV,Petrol,94.2,2167.0,48.8,12.2,72.5,24.5,31.5,8,4827.0,28.2,3,0,1.0,64.7,0,0,0,0,4497.0
2.3,34237.0,Sedan,Diesel,99.2,2236.0,42.7,12.52,89.4,54.8,33.4,5,1707.0,53.3,2,0,4.8,67.4,0,0,0,0,4912.0
7.3,111870.0,Sedan,Petrol,97.3,2354.0,41.0,12.25,13.2,25.8,32.4,9,14203.0,25.0,1,3,4.3,44.9,1,1,0,0,181.0
4.0,58005.0,SUV,Petrol,91.6,2738.0,53.3,12.54,63.7,30.3,28.8,5,7401.0,55.1,1,2,4.8,66.8,0,0,0,0,3085.0
4.5,67522.0,SUV,Hybrid,93.5,2069.0,52.6,10.99,68.3,50.4,34.0,7,4031.0,51.2,2,1,4.5,39.8,0,1,0,0,3170.0
1.7,23352.0,SUV,Hybrid,92.5,2352.0,47.2,12.45,77.4,46.1,36.0,3,3853.0,44.0,0,1,5.4,71.3,0,0,0,1,5594.0
2.8,40503.0,SUV,Electric,58.6,2744.0,78.5,12.44,100.0,78.8,29.7,4,2554.0,58.6,2,3,2.3,63.9,0,0,1,0,2050.0
3.7,93550.0,SUV,Hybrid,98.5,2542.0,56.7,12.09,87.5,22.1,27.5,10,1130.0,56.2,2,1,6.6,59.9,0,0,0,1,6470.0
6.8,119100.0,Truck,Diesel,112.1,3365.0,59.7,11.31,22.6,63.0,26.6,9,13769.0,74.5,5,5,1.7,8.0,1,1,0,0,150.0
3.3,48741.0,Hatchback,Petrol,89.4,2179.0,22.9,12.21,5.0,7.4,23.3,6,24000.0,60.6,2,1,1.0,30.7,1,0,0,1,150.0
2.2,39898.0,Truck,Hybrid,90.4,2797.0,49.0,12.52,5.0,66.6,25.8,4,19371.0,51.1,1,1,1.0,21.7,1,0,0,1,167.0
4.3,49330.0,Coupe,Hybrid,91.4,2149.0,36.5,11.98,89.0,25.5,33.8,5,1605.0,25.0,9,6,3.3,76.4,0,1,1,1,8114.0
10.3,123878.0,Sedan,Hybrid,94.4,2179.0,40.0,12.43,65.8,56.1,31.1,11,3929.0,65.0,4,3,4.0,54.5,0,1,0,0,3893.0
4.6,79530.0,Sedan,Diesel,91.2,2796.0,36.5,12.14,80.4,51.7,33.2,6,2643.0,65.1,4,3,5.0,67.5,0,0,0,0,5371.0
3.3,55802.0,Sedan,Petrol,88.1,2750.0,33.0,12.4,74.6,17.3,28.5,3,3131.0,70.5,3,3,3.2,71.4,0,0,0,0,6084.0
4.3,66576.0,SUV,Hybrid,88.1,2213.0,50.9,12.6,67.1,51.2,38.9,6,2937.0,25.0,1,2,1.8,59.5,0,0,0,0,4612.0
2.1,25598.0,Hatchback,Diesel,86.8,2769.0,28.2,11.94,8.5,48.2,28.4,2,17631.0,54.9,3,4,4.9,28.6,1,0,0,0,150.0
8.1,96288.0,Sedan,Electric,59.2,2897.0,49.1,12.68,100.0,19.4,27.4,7,19488.0,61.2,2,5,3.0,58.5,0,0,0,1,150.0
8.1,119690.0,Hatchback,Petrol,95.6,2583.0,49.3,11.17,87.4,44.4,32.2,10,669.0,68.8,2,2,1.8,47.6,0,1,0,0,4101.0
2.1,28112.0,Sedan,Petrol,93.2,2908.0,47.2,12.92,74.0,54.2,27.3,1,5391.0,60.4,4,4,3.9,59.1,0,0,1,1,3791.0
8.0,138014.0,Hatchback,Petrol,93.8,2154.0,52.3,11.19,43.0,7.2,29.4,10,7448.0,52.8,5,5,2.9,34.0,0,1,1,0,1470.0
4.3,51923.0,SUV,Hybrid,87.2,2274.0,62.2,10.8,86.0,23.8,29.8,3,2234.0,37.7,3,1,10.0,38.9,0,1,0,0,3693.0
5.5,65981.0,Sedan,Petrol,86.8,2732.0,23.4,12.26,98.8,32.0,28.8,4,811.0,50.4,1,1,10.0,75.0,0,1,0,0,7962.0
3.7,31028.0,SUV,Petrol,92.2,2605.0,70.7,12.12,100.0,68.2,31.8,2,907.0,57.4,3,1,1.6,65.6,0,0,0,0,3579.0
3.9,67274.0,Sedan,Electric,74.6,2613.0,49.2,12.96,100.0,38.3,29.4,5,9102.0,63.0,2,1,1.0,70.4,0,0,0,0,2010.0
2.5,33615.0,Sedan,Petrol,94.9,2207.0,17.5,12.52,78.6,53.6,30.2,3,3353.0,29.8,2,3,1.4,68.2,0,0,0,0,5068.0
2.1,14886.0,Sedan,Hybrid,88.8,2605.0,29.7,11.78,68.6,24.4,32.0,3,5798.0,56.1,2,1,1.0,58.3,0,0,0,0,3633.0
2.0,33575.0,Hatchback,Petrol,100.7,2242.0,25.6,12.91,75.3,43.7,33.6,1,2875.0,31.4,3,3,4.2,63.1,0,0,0,1,5712.0
6.9,87536.0,SUV,Hybrid,83.4,2985.0,63.6,12.44,35.7,89.8,30.6,8,11368.0,55.7,8,8,6.2,38.5,1,0,1,0,178.0
4.2,70269.0,Sedan,Diesel,91.6,2281.0,34.8,12.51,92.0,44.1,33.1,5,1037.0,35.9,5,4,1.4,79.9,1,0,0,0,7378.0
2.1,23557.0,SUV,Electric,64.8,2698.0,54.7,12.47,100.0,55.4,31.0,1,500.0,31.8,3,3,5.9,78.2,0,0,0,0,5542.0
4.0,39602.0,Truck,Electric,59.7,2909.0,73.6,11.88,100.0,63.7,28.1,2,4184.0,77.3,2,1,1.1,51.5,0,1,0,0,3126.0
1.2,25641.0,Sedan,Petrol,93.6,2734.0,56.9,13.05,73.6,38.2,30.8,3,3759.0,32.6,2,2,5.8,74.2,0,0,0,0,6228.0
2.1,37642.0,SUV,Petrol,90.7,2490.0,45.3,12.37,90.9,75.9,35.9,3,509.0,43.1,6,6,1.6,68.1,0,0,1,0,2851.0
7.2,93090.0,Sedan,Petrol,85.5,2861.0,45.9,12.74,42.0,15.7,28.0,6,11883.0,51.7,3,3,3.1,51.0,1,1,0,1,150.0
2.7,42437.0,Sedan,Diesel,91.1,1829.0,60.7,12.44,62.7,60.7,31.5,4,5422.0,25.0,1,1,5.0,66.7,0,0,0,1,4394.0
6.7,91182.0,Truck,Hybrid,92.2,2917.0,44.2,12.19,27.2,20.5,27.3,7,12336.0,63.0,5,4,2.3,49.2,0,1,0,1,150.0
3.5,26506.0,Sedan,Diesel,95.1,2322.0,50.4,10.8,81.4,38.3,31.2,2,4377.0,42.2,1,1,1.0,34.6,0,1,0,0,2553.0
5.5,110568.0,SUV,Diesel,97.2,2417.0,52.4,11.08,62.8,43.5,31.1,9,6683.0,37.7,3,3,9.9,30.5,0,1,0,0,1582.0
1.8,19869.0,Truck,Petrol,88.1,3346.0,51.1,12.93,100.0,62.2,32.2,2,584.0,64.9,9,13,1.0,77.7,0,1,1,0,4696.0
5.1,96388.0,Sedan,Hybrid,98.2,2430.0,57.0,12.58,38.3,11.6,25.5,9,10350.0,33.3,0,1,8.2,49.2,1,1,0,1,735.0
0.7,15347.0,SUV,Electric,66.1,2889.0,50.1,12.7,100.0,30.9,28.9,2,821.0,58.3,4,4,4.2,81.1,0,0,0,0,8798.0
2.9,47645.0,Sedan,Petrol,89.5,2876.0,42.6,12.63,79.5,25.5,34.5,5,2470.0,52.3,7,8,6.3,81.9,0,0,0,1,7773.0
7.5,105282.0,Coupe,Diesel,111.8,2659.0,35.3,12.23,67.9,22.8,28.6,9,4521.0,52.8,1,2,4.5,31.2,1,0,0,0,2155.0
3.8,61610.0,SUV,Petrol,83.7,2719.0,71.0,12.22,88.7,53.3,32.0,5,2285.0,51.2,5,8,1.0,66.9,0,1,0,0,5232.0
2.0,24799.0,Hatchback,Diesel,89.8,2375.0,51.4,12.18,94.9,45.4,32.1,2,795.0,53.8,3,2,1.0,72.6,0,0,0,0,6302.0
7.1,134256.0,SUV,Diesel,96.7,2412.0,47.9,12.08,43.1,85.0,28.8,10,8330.0,25.0,6,6,1.8,28.2,0,0,1,1,282.0
11.0,157770.0,Sedan,Petrol,93.4,1876.0,41.8,12.12,71.6,38.4,32.8,14,3666.0,39.8,2,3,1.0,58.5,0,1,0,0,5116.0
3.2,67181.0,SUV,Petrol,92.4,2870.0,65.2,12.14,40.1,70.2,32.6,5,9152.0,39.2,11,11,3.2,45.7,0,0,1,1,860.0
1.2,18116.0,Coupe,Petrol,92.9,3142.0,55.3,12.5,88.1,30.6,34.2,3,2176.0,67.5,5,7,3.3,83.3,1,0,0,0,8312.0
3.8,52099.0,SUV,Diesel,96.5,2695.0,46.3,12.41,65.3,32.0,34.3,5,4562.0,54.2,5,2,2.5,64.9,0,0,0,1,4833.0
5.7,81600.0,Hatchback,Diesel,88.0,2454.0,57.8,11.34,78.9,66.5,34.1,8,3247.0,52.2,7,4,1.4,45.8,0,1,0,1,2369.0
3.3,60689.0,Hatchback,Petrol,95.1,2315.0,49.4,11.83,75.5,30.9,31.5,4,4113.0,78.0,1,2,3.6,62.0,0,1,0,0,4714.0
0.8,14300.0,Sedan,Hybrid,91.8,2399.0,29.0,12.15,5.0,26.4,28.5,2,23844.0,25.0,1,3,1.6,34.8,1,0,1,0,428.0
5.4,70332.0,Sedan,Diesel,88.4,2509.0,44.6,12.26,80.4,39.0,35.6,8,3712.0,71.8,4,1,3.0,70.7,0,0,0,0,5763.0
2.3,32678.0,SUV,Petrol,93.4,2285.0,61.1,11.7,69.4,61.0,28.5,4,5103.0,52.2,2,4,1.5,40.1,0,1,0,0,2480.0
2.8,41887.0,SUV,Petrol,91.8,2624.0,45.1,12.79,5.0,79.2,30.3,6,21255.0,41.4,2,2,2.2,32.0,1,0,1,0,150.0
1.3,15447.0,Hatchback,Hybrid,88.3,2310.0,48.7,12.95,92.7,29.1,34.6,2,729.0,44.5,7,7,10.0,81.2,0,0,0,0,9032.0
0.6,11224.0,Hatchback,Electric,61.7,2477.0,41.2,12.82,100.0,18.6,36.1,2,2894.0,45.0,3,4,5.3,87.2,0,0,0,0,7929.0
1.7,24228.0,SUV,Petrol,89.8,3210.0,35.2,11.96,87.6,58.1,36.9,3,1883.0,73.0,4,2,1.1,57.9,0,0,0,0,3978.0
2.7,61943.0,Sedan,Petrol,89.5,2522.0,15.0,12.0,71.6,23.0,32.8,4,4310.0,55.3,4,5,8.3,72.8,0,0,0,0,5477.0
2.6,36094.0,Truck,Petrol,96.4,2363.0,78.2,12.54,97.6,69.4,33.4,4,1222.0,61.6,5,2,4.4,75.7,0,0,1,0,3637.0
8.4,141786.0,Sedan,Diesel,90.6,2651.0,40.5,11.87,71.4,10.6,32.6,11,4411.0,41.6,5,5,2.4,64.9,0,1,0,0,4814.0
1.9,16666.0,Hatchback,Petrol,90.0,2570.0,40.1,12.07,77.2,22.4,31.7,1,2637.0,53.6,0,1,2.7,74.7,0,0,0,0,7147.0
6.4,87768.0,SUV,Petrol,96.0,2207.0,40.5,13.17,5.0,78.1,23.6,7,22782.0,64.7,3,1,3.6,9.9,1,0,1,1,248.0
4.1,71988.0,Truck,Diesel,96.9,2762.0,47.2,11.81,93.3,56.0,34.7,6,1532.0,67.8,6,3,8.2,56.0,0,1,0,0,3937.0
9.0,206040.0,Sedan,Diesel,88.2,2493.0,64.0,11.79,56.1,49.0,34.9,17,4460.0,33.2,4,0,4.1,42.7,0,1,0,0,3186.0
3.6,48149.0,SUV,Petrol,86.5,2955.0,81.8,11.36,48.1,18.2,33.5,5,7924.0,63.3,0,1,1.8,49.1,0,1,0,1,1794.0
0.9,9039.0,SUV,Petrol,93.6,2425.0,31.3,12.33,71.6,25.4,28.4,1,6405.0,50.0,3,2,2.4,66.7,0,0,0,1,3608.0
3.4,33133.0,SUV,Diesel,90.7,2654.0,53.5,12.38,87.6,62.5,28.4,3,3015.0,57.1,3,1,1.8,66.1,0,0,1,1,3915.0
0.6,5000.0,Sedan,Petrol,89.3,2561.0,62.0,12.39,88.1,12.9,32.5,1,2416.0,44.6,3,2,3.7,87.9,0,0,0,0,8732.0
1.7,19309.0,Truck,Petrol,95.7,3428.0,63.2,11.5,71.7,63.1,29.7,1,3832.0,73.4,10,11,4.4,46.6,0,1,0,1,2944.0
3.4,62502.0,Hatchback,Hybrid,90.5,2534.0,47.8,11.95,88.5,22.7,32.3,6,872.0,55.6,3,2,4.4,76.3,0,0,0,0,8550.0
3.5,47117.0,Sedan,Petrol,99.2,2784.0,38.4,12.4,69.2,10.7,32.3,5,3115.0,43.8,5,3,6.7,76.6,0,0,0,1,6807.0
6.3,65294.0,Sedan,Diesel,91.7,2250.0,45.8,12.34,68.2,31.6,31.3,6,6315.0,45.2,2,2,4.3,67.1,0,0,0,0,3568.0
4.8,93917.0,Sedan,Electric,60.4,2853.0,56.9,12.66,100.0,15.0,23.8,9,24000.0,64.0,3,2,1.3,58.8,0,0,0,1,150.0
8.5,178847.0,SUV,Petrol,117.8,2340.0,59.1,11.95,52.7,69.4,33.0,15,6901.0,62.1,0,1,7.0,8.0,1,1,0,0,462.0
6.3,50284.0,SUV,Petrol,92.7,2125.0,39.8,12.33,5.0,26.1,30.6,6,19454.0,53.1,2,3,2.7,46.4,1,0,0,0,150.0
5.9,111115.0,SUV,Diesel,88.7,2602.0,46.0,12.3,87.5,45.6,37.0,7,435.0,46.6,1,2,3.0,67.1,0,1,0,0,5760.0
10.5,137488.0,Sedan,Hybrid,107.8,3414.0,48.9,10.97,39.6,5.0,29.9,8,10042.0,65.4,1,2,2.3,8.0,1,1,0,0,150.0
6.1,69070.0,SUV,Electric,59.2,2550.0,53.6,12.5,100.0,61.2,34.1,6,4453.0,44.6,4,3,1.7,68.7,0,0,0,0,4371.0
7.7,68336.0,SUV,Diesel,92.4,2410.0,47.9,11.65,68.9,59.4,32.8,4,6659.0,43.9,5,3,1.8,46.1,0,1,0,0,2536.0
1.2,15070.0,SUV,Petrol,95.1,3204.0,39.7,13.31,75.6,30.5,32.3,1,3284.0,87.4,2,1,5.5,76.9,0,0,0,0,6695.0
3.1,37865.0,Coupe,Diesel,85.5,2466.0,27.6,11.92,83.0,61.3,30.9,3,2663.0,57.3,2,2,3.2,54.8,0,1,0,0,3356.0
4.7,70827.0,Sedan,Petrol,91.5,2193.0,33.4,11.81,79.9,46.3,35.1,4,3215.0,50.8,3,5,2.4,63.1,0,0,0,0,5487.0
3.9,79474.0,Truck,Diesel,96.6,2720.0,59.9,12.71,55.9,85.3,31.2,7,6332.0,45.8,7,3,6.8,51.1,0,1,1,0,1198.0
2.3,31652.0,SUV,Petrol,92.5,2823.0,46.6,10.99,68.8,50.4,29.4,3,6648.0,49.1,1,1,4.3,30.8,0,1,0,0,1536.0
5.9,57038.0,SUV,Petrol,96.9,2936.0,58.9,12.81,64.0,37.4,34.0,4,5621.0,69.5,2,6,2.6,64.5,0,0,0,0,4209.0
6.7,84851.0,Truck,Hybrid,104.3,2686.0,54.7,12.16,77.7,70.3,30.8,8,3797.0,63.6,1,1,7.3,40.3,0,0,0,0,1792.0
3.6,63539.0,Truck,Diesel,90.6,2253.0,62.8,12.51,43.7,41.7,28.1,4,10332.0,42.9,2,2,6.4,52.8,0,0,0,0,972.0
3.2,38588.0,Coupe,Petrol,92.0,2553.0,32.1,12.87,28.4,62.6,29.0,3,10759.0,47.4,4,5,2.4,41.4,0,0,0,1,559.0
2.7,39315.0,Sedan,Petrol,93.7,2304.0,58.2,12.6,52.4,77.0,32.4,4,8712.0,33.6,7,1,2.0,55.3,0,0,1,0,1772.0
6.0,88360.0,Sedan,Hybrid,88.1,2525.0,17.7,11.57,76.1,80.8,32.2,8,1631.0,55.7,5,1,4.6,43.5,0,1,1,0,1008.0
3.1,44879.0,Truck,Diesel,93.2,2469.0,54.5,12.19,80.8,87.9,33.7,4,3390.0,25.0,7,8,2.3,57.3,0,0,1,1,852.0
3.8,72962.0,SUV,Petrol,106.8,1560.0,50.1,12.06,8.2,61.8,23.5,6,16072.0,30.4,6,4,3.2,8.0,1,0,0,1,150.0
7.3,72465.0,Sedan,Petrol,91.2,2616.0,30.9,12.24,62.5,37.2,29.8,4,4487.0,53.3,5,3,2.8,56.5,0,0,0,0,4006.0
4.4,47402.0,Sedan,Petrol,93.4,1948.0,15.0,11.67,63.5,14.7,31.4,3,5200.0,25.0,3,4,3.3,64.7,0,0,0,1,4546.0
3.8,39668.0,Sedan,Electric,61.9,3197.0,57.4,12.35,100.0,74.6,29.8,4,11572.0,84.0,8,6,7.7,58.2,0,0,1,0,150.0
2.6,36545.0,Hatchback,Diesel,88.9,2675.0,50.4,13.01,5.0,58.4,26.0,4,18520.0,39.6,2,3,3.3,28.2,1,0,0,1,150.0
3.7,57596.0,Sedan,Diesel,90.9,2691.0,44.8,12.59,5.0,23.9,28.0,6,18298.0,58.8,4,1,5.0,38.3,1,0,0,0,150.0
2.3,34016.0,Sedan,Diesel,86.5,2484.0,31.7,12.34,82.4,53.8,36.3,4,2314.0,69.7,3,3,3.4,64.8,0,0,0,0,5028.0
4.3,61303.0,Sedan,Petrol,85.5,2486.0,35.9,12.31,89.9,30.9,31.1,7,892.0,55.8,7,5,3.2,82.3,0,0,0,0,9229.0
2.8,31285.0,SUV,Hybrid,92.5,2496.0,49.6,11.61,66.1,59.5,34.7,3,5160.0,51.9,2,2,1.4,50.6,0,0,0,0,3119.0
3.0,39711.0,Sedan,Diesel,83.9,2588.0,35.9,12.59,53.1,56.6,29.7,4,8166.0,44.1,0,1,1.0,55.3,0,0,0,1,2296.0
3.7,75700.0,SUV,Petrol,107.8,2856.0,68.7,12.25,33.8,78.1,33.6,6,9902.0,33.5,10,9,1.7,21.6,0,0,1,1,513.0
9.1,89036.0,Sedan,Petrol,93.2,2434.0,32.1,12.23,57.8,79.9,32.6,7,7525.0,45.3,3,0,1.0,50.5,0,0,1,1,1486.0
4.7,45988.0,Hatchback,Diesel,91.6,2290.0,29.3,12.88,94.7,5.0,31.2,3,1004.0,53.4,0,2,1.8,89.4,0,0,0,0,10022.0
1.7,27844.0,Sedan,Electric,64.2,2893.0,43.0,12.64,100.0,56.0,33.5,2,3046.0,51.6,5,4,3.2,74.0,0,0,0,0,5103.0
3.1,66938.0,SUV,Petrol,93.2,2392.0,54.9,12.4,91.7,51.2,29.6,6,439.0,38.6,3,3,2.1,79.3,0,0,0,0,5720.0
2.6,18136.0,Hatchback,Hybrid,90.4,2728.0,48.0,12.36,40.6,45.6,26.9,3,10646.0,66.9,7,5,1.0,47.4,0,0,0,1,539.0
2.5,38750.0,Truck,Hybrid,93.9,2107.0,69.5,12.9,91.2,77.6,31.5,4,981.0,32.0,4,1,10.0,71.4,0,0,1,1,2569.0
2.6,24160.0,SUV,Petrol,86.3,2278.0,49.5,12.57,69.2,59.8,31.4,2,6373.0,60.3,6,3,2.9,62.7,0,0,0,0,3750.0
3.2,42428.0,Sedan,Petrol,95.5,2887.0,50.0,12.68,91.0,73.8,29.3,3,3137.0,63.9,2,1,2.9,65.0,0,0,1,1,2652.0
2.4,12978.0,Sedan,Petrol,89.5,2612.0,42.9,12.24,71.4,34.9,26.6,1,4423.0,55.3,5,4,6.5,65.4,0,0,0,1,4738.0
2.4,24729.0,Truck,Diesel,95.9,2621.0,65.9,11.98,93.1,55.6,31.3,2,2648.0,75.3,3,2,5.8,61.7,0,0,0,0,4421.0
2.6,48342.0,Coupe,Petrol,93.1,2734.0,54.4,12.89,46.3,13.9,29.1,3,9130.0,57.7,4,2,2.9,61.0,0,0,0,1,1673.0
2.5,28542.0,Truck,Petrol,94.0,3167.0,48.5,12.81,70.8,62.8,28.3,2,3015.0,71.3,8,7,3.1,60.3,0,0,1,1,3785.0
2.1,18269.0,SUV,Diesel,89.3,1712.0,76.6,12.09,56.4,45.6,29.2,1,8573.0,25.0,2,1,9.1,54.6,0,0,0,0,2153.0
5.3,70307.0,Truck,Diesel,86.9,3104.0,56.6,12.61,71.9,55.3,33.7,5,3544.0,65.1,5,3,2.9,67.9,0,0,0,1,4530.0
2.9,37169.0,SUV,Petrol,86.9,3393.0,43.8,12.9,78.3,81.6,29.6,3,3812.0,60.2,6,7,5.6,55.3,0,0,1,1,1600.0
3.3,55725.0,Sedan,Petrol,84.6,2629.0,25.9,12.27,53.6,18.9,31.4,6,5523.0,59.5,2,2,2.0,73.8,0,0,0,0,4697.0
3.1,19224.0,SUV,Diesel,90.0,2722.0,72.1,12.4,75.8,45.5,31.0,1,4112.0,60.6,3,3,1.5,71.0,0,0,0,0,5450.0
2.5,28900.0,Coupe,Diesel,89.2,3077.0,56.2,13.11,74.5,46.7,29.7,1,6212.0,45.3,2,3,4.3,65.6,0,0,0,0,3879.0
2.1,26765.0,Sedan,Hybrid,95.5,2503.0,55.2,12.9,5.0,36.2,21.5,3,16645.0,62.6,2,5,5.6,23.3,1,0,0,1,304.0
5.6,92959.0,Truck,Petrol,87.4,2817.0,49.5,10.9,77.2,25.5,34.8,9,3319.0,76.9,4,5,1.2,40.4,1,1,0,1,3562.0
2.2,18455.0,Sedan,Hybrid,100.3,2344.0,35.1,12.23,55.8,28.2,31.4,3,8447.0,25.7,1,2,4.2,55.4,0,0,0,0,2034.0
2.2,40677.0,SUV,Diesel,87.5,3541.0,44.3,12.37,20.3,94.7,26.3,2,13837.0,68.7,12,14,2.1,24.8,0,0,1,1,150.0
6.5,109198.0,Sedan,Diesel,87.9,2637.0,38.5,11.26,92.0,50.1,36.4,10,956.0,50.2,6,5,1.0,42.4,0,1,0,1,3317.0
2.6,33035.0,SUV,Diesel,85.6,2605.0,62.8,12.62,69.6,71.8,32.8,3,5707.0,42.8,8,11,1.2,62.8,0,0,0,0,2914.0
3.7,42830.0,Truck,Petrol,91.5,2543.0,70.0,11.95,85.6,68.1,30.6,5,1221.0,35.1,0,0,2.3,58.3,0,0,0,0,3245.0
3.0,52529.0,Sedan,Petrol,90.2,2666.0,37.9,12.21,31.9,13.8,32.6,3,10474.0,57.3,2,4,5.5,63.0,1,0,0,0,1196.0
3.6,63010.0,Truck,Diesel,91.1,2826.0,50.4,10.8,72.2,44.9,30.7,7,3413.0,74.2,1,3,4.7,36.0,0,1,0,0,3179.0
8.2,108348.0,Truck,Diesel,93.1,2772.0,58.7,12.46,58.9,44.0,28.9,8,5058.0,46.6,5,4,1.1,57.6,0,1,1,0,3837.0
2.3,23236.0,Hatchback,Diesel,95.4,3002.0,49.8,12.47,71.2,40.6,31.4,1,5342.0,61.3,0,2,4.3,66.1,0,0,0,0,4396.0
5.3,32263.0,Sedan,Petrol,86.8,2663.0,59.8,12.24,70.8,71.9,31.0,3,6092.0,51.9,5,4,1.6,57.7,0,0,0,0,2498.0
5.5,33142.0,SUV,Electric,61.8,2358.0,45.2,12.16,100.0,73.7,25.5,3,24000.0,29.0,3,2,4.1,37.7,0,1,1,1,150.0
5.3,82165.0,Sedan,Diesel,94.9,2836.0,39.1,12.26,67.8,53.8,30.6,7,5060.0,49.5,3,4,1.7,60.8,0,0,0,1,4347.0
8.0,122687.0,Coupe,Petrol,87.1,2346.0,41.2,11.23,52.7,59.1,31.6,11,9412.0,42.7,8,2,8.6,23.9,1,1,0,0,509.0
0.8,10108.0,Hatchback,Petrol,102.6,2251.0,37.2,12.1,5.0,23.0,21.8,1,24000.0,37.8,3,3,1.9,8.0,1,0,0,1,150.0
1.4,24298.0,SUV,Hybrid,100.9,2260.0,44.6,12.23,44.5,55.2,28.9,2,9775.0,46.0,5,0,2.4,35.8,0,0,0,1,685.0
2.1,21609.0,Hatchback,Hybrid,91.2,2185.0,35.7,12.1,39.4,36.7,29.5,1,12066.0,47.5,3,1,1.6,48.7,0,0,0,0,221.0
2.7,28115.0,SUV,Diesel,87.1,2456.0,39.8,10.8,93.9,59.4,31.6,2,696.0,66.1,5,3,4.4,40.9,0,1,0,1,2699.0
4.3,76514.0,SUV,Hybrid,107.7,3118.0,47.1,12.99,85.7,65.5,34.2,9,1759.0,52.3,5,3,1.6,46.0,0,0,0,0,2621.0
2.1,35242.0,Sedan,Petrol,92.4,2099.0,25.6,12.7,51.6,60.6,32.7,4,7783.0,32.3,3,3,1.0,64.6,0,0,0,0,2896.0
2.1,23367.0,Truck,Petrol,94.1,2875.0,55.3,12.17,20.1,59.4,28.9,5,15486.0,68.9,8,4,3.9,34.3,1,0,1,1,150.0
3.9,64371.0,Sedan,Hybrid,84.1,2692.0,37.3,12.46,88.5,37.1,30.5,7,824.0,57.4,5,5,3.8,78.3,0,0,0,0,7708.0
4.9,80889.0,Hatchback,Hybrid,87.7,2823.0,33.1,11.93,40.1,66.8,26.1,7,11178.0,55.9,3,2,1.3,29.2,0,1,1,0,367.0
3.7,77567.0,Truck,Diesel,114.8,2824.0,56.2,12.56,94.6,57.9,32.3,5,1741.0,64.2,2,5,1.6,43.6,1,0,0,0,3004.0
5.1,68407.0,Truck,Hybrid,100.5,2902.0,24.7,12.43,70.2,41.4,31.5,7,4232.0,51.7,2,3,2.6,59.5,0,0,0,0,4580.0
1.2,7557.0,Sedan,Petrol,90.3,2302.0,34.2,12.83,28.1,27.4,33.2,1,12473.0,44.5,5,0,4.5,62.0,0,0,0,0,150.0
2.4,42266.0,Sedan,Hybrid,93.2,2814.0,45.1,11.75,83.2,66.4,31.8,2,1623.0,56.9,6,6,10.0,53.8,0,1,1,1,2810.0
2.0,36711.0,Sedan,Petrol,90.9,3301.0,60.1,11.93,61.8,77.1,31.2,3,7323.0,60.7,12,13,4.5,47.2,0,0,1,1,1768.0
2.6,34844.0,SUV,Petrol,88.6,2672.0,61.7,11.92,36.8,60.5,28.9,2,11897.0,57.3,3,3,4.9,33.7,0,0,0,1,150.0
3.5,53513.0,Sedan,Petrol,91.8,3008.0,58.8,11.49,61.3,28.0,28.5,6,6806.0,63.4,8,7,7.7,41.6,0,0,0,1,2161.0
1.0,5000.0,Hatchback,Petrol,93.5,2602.0,22.4,12.48,94.3,13.0,32.7,1,584.0,53.4,4,2,5.0,92.8,0,0,0,0,10506.0
2.6,36651.0,SUV,Petrol,87.8,2129.0,68.6,12.93,61.9,76.5,33.9,4,7320.0,38.1,3,5,8.4,57.4,0,0,1,0,2270.0
2.4,36318.0,Sedan,Petrol,92.9,2690.0,44.8,11.97,95.4,65.4,30.6,3,1712.0,43.2,3,4,3.3,58.9,0,0,0,0,3297.0
1.3,16314.0,SUV,Petrol,92.8,3174.0,49.6,12.5,74.6,30.5,33.9,1,1689.0,71.2,2,5,3.8,83.9,0,0,0,0,8600.0
5.1,67040.0,SUV,Petrol,93.6,2443.0,54.1,11.41,86.5,41.2,34.9,5,3628.0,52.5,1,1,1.6,54.5,0,1,0,0,4579.0
3.7,50215.0,SUV,Diesel,108.8,2228.0,90.3,12.03,35.0,16.4,28.8,4,10030.0,36.2,3,1,1.4,25.3,1,0,1,0,282.0
2.7,33050.0,SUV,Petrol,92.0,2472.0,56.9,11.96,95.1,69.2,32.6,4,1066.0,34.9,5,4,2.1,62.9,0,0,1,0,2892.0
8.8,131647.0,Hatchback,Petrol,90.9,2866.0,42.2,11.42,70.8,71.2,31.1,11,4734.0,33.3,5,4,5.2,34.2,0,1,1,0,1500.0
1.4,24392.0,SUV,Diesel,90.3,2626.0,64.7,12.75,19.9,45.8,34.2,1,14699.0,63.5,4,3,5.3,54.5,1,0,0,0,150.0
9.1,152108.0,Coupe,Hybrid,110.7,2676.0,36.2,11.93,63.8,40.3,32.2,12,4681.0,56.3,2,1,3.1,29.4,1,1,0,0,2002.0
3.2,41051.0,Hatchback,Hybrid,91.1,2780.0,30.1,12.47,77.3,64.9,31.9,2,2826.0,77.8,4,2,6.2,71.8,0,0,0,1,3812.0
2.2,25948.0,Sedan,Petrol,93.6,2851.0,58.0,11.97,87.1,35.5,32.6,3,2521.0,60.1,2,4,2.3,73.9,0,0,0,0,6968.0
2.7,46112.0,Hatchback,Diesel,93.6,2257.0,21.5,12.84,5.0,9.5,27.6,5,24000.0,60.9,4,1,1.3,40.5,1,0,1,1,150.0
2.9,31175.0,Sedan,Petrol,87.7,3433.0,42.5,12.09,92.9,72.0,32.5,4,1142.0,79.9,9,5,4.5,68.8,1,0,1,0,2937.0
9.8,132028.0,Hatchback,Petrol,90.2,2533.0,40.4,11.87,59.8,68.4,31.9,11,3849.0,38.4,6,4,3.7,41.2,0,1,0,0,2082.0
4.3,43862.0,SUV,Petrol,91.3,2192.0,43.6,12.74,50.2,79.5,27.5,5,9400.0,31.0,0,2,3.8,40.3,0,0,1,1,1186.0
1.8,32607.0,Hatchback,Hybrid,91.9,2633.0,25.4,12.56,81.9,58.8,26.6,3,2785.0,59.7,5,4,8.6,58.5,0,0,0,1,3676.0
5.5,129508.0,Hatchback,Petrol,93.2,2588.0,38.9,12.44,23.2,54.4,25.8,11,12490.0,48.6,2,3,3.7,39.5,1,1,0,1,254.0
2.9,38399.0,Hatchback,Petrol,92.2,3065.0,44.0,12.07,62.4,58.0,33.5,3,6617.0,56.2,3,2,5.7,58.9,0,1,0,1,2905.0
0.5,5929.0,Truck,Petrol,91.7,3466.0,72.6,11.96,75.2,50.0,30.9,1,4416.0,69.1,15,10,1.0,62.7,0,1,0,0,4757.0
5.5,96067.0,Sedan,Hybrid,108.1,2575.0,30.3,12.38,5.0,10.4,26.0,8,17241.0,62.7,3,2,3.7,12.1,1,1,0,1,187.0
5.5,65689.0,Sedan,Diesel,95.7,3107.0,35.8,12.39,74.3,38.6,33.4,7,3452.0,73.2,8,9,1.0,68.9,0,0,0,0,6017.0
3.0,12993.0,SUV,Petrol,92.9,2668.0,76.7,12.29,5.0,41.5,27.5,3,22324.0,39.3,7,8,2.7,30.6,1,0,1,0,150.0
2.4,36486.0,Sedan,Diesel,91.1,2087.0,32.4,12.16,88.2,62.9,35.6,4,887.0,64.6,1,0,2.2,62.9,0,0,0,0,3813.0
5.9,81222.0,Truck,Diesel,112.3,2282.0,48.8,11.99,97.1,63.4,33.1,6,661.0,41.2,0,1,7.5,36.0,1,1,0,0,2119.0
2.4,32452.0,Sedan,Diesel,109.4,2802.0,53.4,11.93,100.0,54.7,34.5,2,955.0,75.4,2,1,7.8,37.8,1,0,0,0,2717.0
6.6,95797.0,Coupe,Petrol,105.4,2453.0,21.4,12.6,98.0,20.5,31.0,8,978.0,58.3,6,4,8.3,71.5,1,1,0,1,7784.0
2.4,39291.0,SUV,Hybrid,85.4,3121.0,40.8,12.2,94.3,79.1,35.3,6,2117.0,59.1,5,4,3.5,66.2,0,0,1,0,2135.0
3.4,53782.0,Hatchback,Petrol,87.5,2180.0,57.1,12.07,66.9,19.3,33.9,4,3801.0,43.9,5,3,1.0,67.2,0,0,0,0,5572.0
4.6,103308.0,Sedan,Diesel,96.7,2126.0,31.6,12.57,32.6,29.7,30.6,8,11242.0,44.6,2,1,4.2,48.6,0,1,1,0,288.0
4.0,70531.0,Hatchback,Petrol,93.0,2800.0,34.0,12.19,81.1,53.0,33.4,7,3619.0,57.7,5,3,2.4,67.1,0,0,0,0,4997.0
2.3,37586.0,Hatchback,Petrol,88.9,3103.0,38.2,12.24,92.0,56.7,37.2,5,1280.0,76.5,4,7,3.4,64.2,0,0,0,0,4552.0
4.4,62502.0,SUV,Petrol,90.0,2802.0,52.2,12.76,100.0,43.0,37.2,6,605.0,74.2,2,5,1.5,72.9,0,1,0,0,6563.0
5.4,77303.0,SUV,Diesel,88.1,2736.0,46.5,11.91,52.4,53.8,33.4,6,5702.0,57.0,0,0,7.5,54.0,0,1,0,0,3387.0
1.8,15425.0,Truck,Petrol,89.4,2504.0,55.3,12.09,91.6,34.5,37.3,1,2110.0,46.1,3,2,5.1,64.2,0,0,0,0,6316.0
4.7,49238.0,Sedan,Hybrid,95.6,3162.0,56.2,11.68,71.8,23.4,31.0,5,3311.0,60.0,4,4,2.7,51.8,0,1,0,1,4507.0
3.3,62896.0,SUV,Petrol,90.8,2326.0,44.8,12.4,85.8,35.9,29.6,4,2201.0,69.6,2,3,1.7,72.7,0,0,0,0,6914.0
1.9,23576.0,SUV,Diesel,94.8,2375.0,45.7,12.26,62.1,57.4,32.7,1,3780.0,55.0,3,1,5.5,67.0,0,0,0,0,4546.0
4.3,44482.0,Sedan,Hybrid,98.0,2863.0,40.0,13.02,5.0,57.8,24.6,5,23897.0,46.6,1,2,6.2,12.3,1,0,1,1,150.0
5.7,68104.0,SUV,Diesel,89.9,2793.0,73.3,12.1,5.0,52.7,24.4,7,23904.0,61.5,4,3,2.4,16.7,1,0,1,0,150.0
2.5,26727.0,Sedan,Diesel,86.3,2672.0,40.1,12.67,54.9,55.1,28.5,1,8514.0,48.6,11,7,1.8,49.5,0,0,1,1,1672.0
4.5,59194.0,Sedan,Diesel,93.2,2713.0,35.2,12.05,87.6,32.6,34.6,6,2154.0,47.0,8,10,3.5,69.3,0,1,0,0,6802.0
2.9,31652.0,Sedan,Petrol,88.2,2682.0,17.0,12.71,25.7,45.1,27.8,2,12904.0,51.2,3,4,4.1,41.9,1,0,0,1,150.0
5.1,100014.0,Coupe,Hybrid,91.5,2474.0,32.9,12.84,96.7,30.0,34.9,7,470.0,61.3,7,5,1.3,81.2,0,0,0,0,9332.0
6.3,92203.0,SUV,Petrol,92.2,2163.0,44.0,11.16,69.9,20.5,33.9,8,5099.0,48.9,2,3,5.8,43.7,0,1,0,1,3331.0
4.2,40698.0,Coupe,Diesel,98.9,2739.0,26.9,12.31,20.6,71.6,29.3,3,14019.0,51.5,7,4,2.8,23.2,1,0,1,1,150.0
5.4,107809.0,SUV,Diesel,92.8,2752.0,54.4,12.24,70.1,43.0,32.5,8,3926.0,54.0,5,2,6.7,64.2,0,0,0,0,5253.0
5.9,80885.0,Sedan,Petrol,89.7,2731.0,37.2,11.36,87.6,59.4,33.1,6,2228.0,46.7,6,3,6.8,49.8,0,1,0,0,3141.0
2.5,38977.0,SUV,Petrol,112.1,2622.0,69.9,12.79,59.3,83.5,32.3,3,6795.0,73.7,3,1,6.5,28.4,1,0,1,0,1021.0
2.8,42761.0,SUV,Diesel,94.8,2886.0,59.4,12.21,43.3,84.4,31.7,5,11486.0,77.8,6,6,1.0,40.4,0,0,1,1,150.0
4.5,74144.0,Sedan,Hybrid,96.3,2598.0,54.1,12.72,51.9,39.8,29.5,5,7593.0,47.8,2,5,1.2,55.8,0,0,0,0,2496.0
7.1,89491.0,SUV,Electric,75.6,2221.0,53.1,12.31,100.0,78.7,33.4,8,2293.0,40.8,2,4,5.3,64.5,0,1,1,0,2363.0
1.6,28803.0,Sedan,Diesel,96.7,2647.0,29.9,13.03,94.7,58.5,31.0,3,1271.0,45.5,3,3,5.3,70.8,0,0,0,0,4943.0
4.8,65713.0,SUV,Diesel,100.6,2649.0,63.4,12.46,85.5,46.5,29.5,4,2480.0,58.2,5,5,1.4,61.6,0,0,0,0,5167.0
6.8,100872.0,Truck,Electric,58.1,2438.0,39.3,11.76,100.0,27.5,28.7,8,1406.0,50.8,2,1,3.0,57.7,0,1,0,0,6164.0
3.3,43887.0,Sedan,Petrol,97.3,2300.0,54.3,12.66,5.0,62.1,21.5,5,21078.0,34.1,1,3,6.0,10.2,1,0,0,1,150.0
3.6,42263.0,Sedan,Petrol,89.8,2616.0,30.6,11.73,87.2,60.5,30.3,5,3383.0,49.8,3,2,1.0,51.4,0,0,0,0,3129.0
3.6,26594.0,Truck,Diesel,98.3,2789.0,64.9,12.3,5.0,60.2,20.0,2,22679.0,57.7,5,5,4.5,8.0,1,0,1,1,150.0
3.4,49965.0,SUV,Hybrid,105.7,3516.0,64.5,12.58,72.1,40.0,32.8,3,5983.0,65.8,10,10,5.2,53.9,1,0,0,1,3496.0
2.2,35721.0,Sedan,Hybrid,91.3,2668.0,27.1,12.18,42.6,51.6,28.4,3,8023.0,76.6,2,1,4.0,48.3,0,0,0,1,2003.0
3.3,67422.0,Coupe,Petrol,89.6,2842.0,53.3,12.34,11.8,42.6,28.8,6,16037.0,45.7,1,1,4.6,41.2,1,0,0,0,150.0
2.3,36250.0,Sedan,Petrol,89.2,1912.0,61.8,12.27,5.0,59.2,26.7,2,24000.0,43.3,1,1,3.1,26.3,1,0,0,1,162.0
5.2,57304.0,Truck,Petrol,91.5,2504.0,43.0,12.56,5.0,25.3,27.7,3,19750.0,48.5,0,0,2.7,43.2,1,0,0,0,150.0
1.1,12173.0,Coupe,Petrol,86.9,2139.0,34.9,12.39,89.8,31.7,29.7,2,4257.0,38.8,5,6,3.5,78.9,0,0,0,0,6056.0
5.8,94555.0,Sedan,Petrol,88.8,2140.0,40.4,12.35,44.2,15.6,30.4,8,8071.0,42.2,3,2,5.8,67.3,0,1,0,0,2913.0
6.3,75813.0,Sedan,Hybrid,87.6,2244.0,51.6,12.33,69.2,54.3,36.0,5,3596.0,42.3,3,4,2.2,56.8,0,1,0,0,4497.0
4.0,47737.0,Sedan,Petrol,97.6,2396.0,55.9,12.55,55.0,7.8,30.9,6,6867.0,56.6,0,4,2.5,68.0,0,0,0,1,3356.0
8.7,98367.0,Sedan,Hybrid,98.0,2312.0,36.9,12.01,75.3,23.8,30.3,9,5201.0,40.3,4,4,1.3,59.0,0,1,0,0,4174.0
4.6,57604.0,Sedan,Petrol,101.7,3472.0,46.1,12.77,94.9,47.2,31.8,3,522.0,63.5,12,8,2.7,63.6,0,0,0,1,5512.0
4.3,65634.0,Truck,Diesel,91.2,2488.0,49.4,12.73,22.9,54.6,29.2,6,13461.0,68.1,2,2,1.3,42.1,1,0,0,0,208.0
1.1,5807.0,Sedan,Petrol,91.6,2146.0,38.6,13.16,76.9,26.6,34.3,2,3266.0,36.2,9,7,6.4,78.3,0,0,0,0,6725.0
6.5,123150.0,SUV,Petrol,94.6,2373.0,46.4,11.95,58.5,61.5,30.8,10,4276.0,33.7,2,1,3.0,47.9,0,1,0,0,3144.0
2.1,24172.0,Coupe,Petrol,86.4,2485.0,23.2,12.52,77.7,40.8,32.0,4,3148.0,44.5,3,2,1.5,75.9,0,0,0,0,6636.0
1.9,21263.0,Hatchback,Electric,58.4,3406.0,57.2,11.91,100.0,43.8,36.2,2,4691.0,46.4,8,11,5.9,66.9,0,0,0,0,4926.0
4.1,65667.0,SUV,Hybrid,85.1,2806.0,56.4,11.98,67.6,53.8,31.4,7,4859.0,69.7,6,4,1.5,52.6,0,0,0,0,3854.0
2.3,33681.0,Sedan,Diesel,94.8,1889.0,57.1,12.71,60.8,55.2,27.8,1,6905.0,51.3,3,1,1.1,49.4,0,0,0,1,2424.0
3.2,27982.0,SUV,Petrol,88.1,2478.0,63.5,12.37,81.7,56.6,32.6,2,3463.0,57.9,1,2,1.0,72.3,0,0,0,0,4967.0
6.8,61351.0,SUV,Electric,62.0,2608.0,51.2,11.04,100.0,36.8,30.5,6,2083.0,57.9,3,5,1.0,47.7,0,1,0,0,4417.0
8.1,137230.0,SUV,Petrol,89.7,2193.0,42.3,12.47,72.2,17.0,33.4,9,3686.0,39.7,5,5,2.9,76.4,0,1,0,1,6218.0
2.5,40354.0,Sedan,Petrol,91.5,2466.0,64.4,12.56,77.4,74.9,35.4,5,2922.0,48.5,5,5,3.1,59.5,0,0,1,1,2448.0
3.3,38682.0,Hatchback,Diesel,90.8,2474.0,19.2,11.57,64.3,60.2,24.4,4,5859.0,51.8,2,2,4.7,26.5,0,1,0,1,1684.0
11.2,210496.0,SUV,Electric,62.6,2697.0,51.9,12.45,100.0,59.8,28.9,18,8825.0,57.3,4,5,3.5,58.6,0,1,0,0,1834.0
8.1,120826.0,Sedan,Petrol,89.5,1973.0,36.5,11.13,37.0,57.8,28.8,10,8603.0,31.9,2,3,3.4,17.2,1,1,0,0,835.0
6.0,117255.0,SUV,Petrol,113.8,2657.0,47.4,12.1,19.6,62.9,27.4,9,14844.0,43.7,3,4,1.4,8.0,1,0,0,0,150.0
2.3,24198.0,SUV,Electric,62.2,2970.0,44.2,11.98,100.0,56.9,35.6,2,1895.0,52.2,3,3,6.0,60.8,1,1,0,0,4549.0
2.6,23041.0,Hatchback,Petrol,93.0,2510.0,24.9,12.6,62.0,32.8,32.1,2,4949.0,45.8,2,2,3.9,75.7,0,0,0,0,5245.0
5.9,71065.0,Truck,Petrol,110.2,2600.0,45.7,12.13,54.0,44.1,29.0,4,6763.0,32.4,1,3,2.8,28.0,1,1,0,0,1386.0
1.0,5842.0,Truck,Diesel,87.4,2438.0,53.0,12.45,68.9,32.6,27.2,1,5110.0,41.9,4,2,3.6,64.2,0,0,0,0,4559.0
6.5,114964.0,Sedan,Hybrid,96.9,1973.0,42.5,12.29,47.1,44.9,30.4,9,7053.0,32.5,2,1,5.0,47.8,0,1,0,0,1913.0
7.5,114502.0,SUV,Diesel,88.9,2723.0,45.7,12.41,24.0,54.0,33.3,10,13055.0,71.3,2,0,1.3,48.2,1,0,0,0,150.0
3.0,32557.0,SUV,Electric,59.0,2379.0,48.0,12.52,100.0,62.3,30.0,2,1027.0,47.5,3,3,1.9,71.8,0,0,1,0,4273.0
8.2,112718.0,Sedan,Diesel,94.4,2226.0,27.1,12.72,63.0,38.8,32.2,9,3432.0,51.1,0,2,1.0,62.7,0,1,0,0,5584.0
4.7,58537.0,Sedan,Petrol,85.5,2330.0,41.6,11.72,68.4,35.2,32.7,4,4976.0,38.3,5,2,3.1,52.6,0,1,0,0,3683.0
1.7,17940.0,Truck,Electric,62.4,2847.0,55.8,12.28,100.0,46.7,31.6,4,5215.0,55.2,2,4,4.3,72.6,0,0,0,0,5081.0
3.9,56533.0,Sedan,Petrol,93.8,2635.0,45.8,12.76,91.4,19.7,30.6,4,480.0,61.7,2,4,4.0,81.8,1,0,0,0,9253.0
2.4,26690.0,SUV,Petrol,90.3,3205.0,53.5,12.17,57.0,76.1,30.0,1,5992.0,39.2,12,10,5.0,48.1,0,0,1,1,1710.0
4.2,49650.0,Sedan,Diesel,91.0,2602.0,28.7,12.78,56.1,7.2,35.4,5,8137.0,39.5,1,2,4.7,72.1,0,0,0,1,2630.0
1.6,17868.0,Sedan,Petrol,114.2,2249.0,38.6,12.66,74.2,41.9,25.3,1,3609.0,45.1,4,1,3.2,35.0,1,0,0,1,2985.0
8.6,146656.0,Sedan,Petrol,90.0,2224.0,47.4,11.55,5.0,23.2,22.3,11,16295.0,32.4,4,4,4.5,8.0,1,1,0,1,150.0
5.1,73402.0,Coupe,Petrol,92.9,3069.0,28.2,12.62,58.7,37.6,32.4,6,7815.0,57.3,1,1,7.9,64.5,0,0,0,0,2601.0
2.8,51980.0,Hatchback,Petrol,91.7,2602.0,32.9,12.23,56.0,14.9,32.3,4,6867.0,62.6,2,3,5.7,70.2,0,0,0,0,3579.0
4.3,58102.0,Coupe,Hybrid,90.7,2454.0,26.5,11.66,95.2,27.6,33.5,5,1893.0,31.9,3,4,5.5,67.6,0,1,0,0,6944.0
3.6,43387.0,SUV,Diesel,87.6,2857.0,41.1,12.06,5.0,75.7,23.4,4,24000.0,64.3,3,4,2.4,8.0,1,1,1,1,150.0
8.7,100994.0,Sedan,Electric,83.7,2411.0,36.2,11.4,100.0,21.4,33.2,9,4467.0,64.3,6,6,2.6,62.8,0,1,0,0,4504.0
3.6,61004.0,SUV,Petrol,81.9,1762.0,43.5,12.22,87.7,30.6,30.0,6,632.0,25.0,2,2,6.2,73.8,0,0,0,0,8240.0
4.1,27297.0,SUV,Petrol,92.5,2497.0,62.4,11.68,90.6,57.3,34.6,3,900.0,36.5,2,1,1.3,58.7,0,1,0,0,3865.0
1.5,25290.0,Hatchback,Petrol,91.6,2105.0,39.2,12.3,85.7,47.1,32.3,2,3061.0,43.5,2,1,3.4,73.7,0,0,0,0,6440.0
4.2,48218.0,Sedan,Petrol,88.2,2613.0,54.8,12.39,91.0,7.3,33.8,3,674.0,60.0,1,2,5.7,91.3,0,0,0,0,10278.0
4.6,78133.0,SUV,Petrol,85.9,2165.0,68.1,12.0,89.7,61.7,37.5,7,1600.0,58.1,1,1,3.4,58.6,0,0,0,0,3552.0
1.9,16909.0,Sedan,Hybrid,93.2,2322.0,40.6,12.34,54.9,39.3,28.3,1,7763.0,39.1,3,3,2.9,58.8,0,0,0,0,2424.0
5.5,66075.0,Sedan,Electric,61.4,2930.0,17.2,12.72,100.0,41.1,34.1,5,3126.0,74.7,6,4,5.0,75.5,0,0,0,0,6757.0
0.9,5873.0,Truck,Electric,58.7,1926.0,59.2,11.86,100.0,35.0,32.4,1,3850.0,42.2,6,3,4.3,71.7,0,0,0,0,5889.0
3.3,59975.0,SUV,Petrol,84.2,2477.0,68.9,12.43,5.0,36.5,30.5,4,20238.0,40.3,3,4,5.4,42.2,1,0,0,0,150.0
1.4,15504.0,SUV,Hybrid,93.4,2391.0,62.0,12.98,52.5,49.8,31.0,2,7143.0,35.7,6,3,10.0,67.5,0,0,1,0,3389.0
3.8,66055.0,SUV,Petrol,95.3,2547.0,61.0,12.7,80.0,45.9,30.7,7,2643.0,49.5,4,6,2.7,68.1,0,0,0,0,5805.0
2.9,38544.0,SUV,Petrol,90.9,3066.0,62.6,12.45,81.4,98.0,32.2,4,3108.0,64.7,22,17,4.7,58.2,0,0,1,0,150.0
4.8,45625.0,Truck,Hybrid,87.9,2269.0,39.5,11.83,5.0,16.5,21.3,3,19314.0,39.4,2,2,2.7,10.4,1,1,0,1,150.0
3.6,59677.0,Hatchback,Diesel,93.2,2680.0,51.1,12.14,64.5,40.8,31.3,3,4238.0,54.9,8,7,1.3,68.4,0,0,0,0,5389.0
4.8,44125.0,Coupe,Petrol,90.4,3029.0,37.3,12.6,80.1,70.0,35.6,3,4138.0,54.8,3,2,3.0,61.3,0,0,0,0,2611.0
3.9,56674.0,Truck,Petrol,95.0,2524.0,58.1,11.81,84.2,32.6,32.7,5,2489.0,51.6,6,3,1.0,62.4,0,1,0,1,5776.0
6.7,66261.0,Sedan,Petrol,91.6,2452.0,32.6,11.36,72.9,35.7,30.0,6,2914.0,56.5,4,2,1.5,40.6,0,1,0,0,3830.0
6.2,85071.0,Truck,Diesel,82.9,2816.0,80.8,12.63,45.6,76.5,30.7,8,9631.0,64.7,6,6,4.6,44.8,0,0,1,1,1160.0
2.3,17250.0,SUV,Diesel,82.1,2846.0,59.7,12.09,34.8,44.8,29.1,1,11292.0,55.8,4,6,4.3,44.0,0,0,0,1,589.0
6.4,56271.0,Sedan,Electric,64.6,2877.0,36.6,11.87,100.0,26.7,31.2,5,2215.0,66.7,6,4,6.9,70.0,0,0,0,0,6632.0
4.6,50403.0,Hatchback,Petrol,93.3,2442.0,26.0,12.62,5.0,24.6,27.4,4,18558.0,36.6,3,2,6.2,39.3,1,0,1,0,150.0
7.1,112636.0,Sedan,Petrol,89.5,2680.0,24.4,13.11,85.0,47.9,34.2,9,2887.0,45.8,6,4,1.9,71.9,0,1,0,0,6196.0
1.9,23166.0,Hatchback,Diesel,93.5,2459.0,55.8,12.5,62.1,66.9,32.9,2,8447.0,36.6,13,13,5.0,59.3,0,0,1,0,2066.0
1.6,24505.0,SUV,Diesel,88.9,2781.0,47.4,12.79,57.7,50.3,32.7,2,6667.0,59.7,3,3,4.3,68.0,0,0,0,0,3751.0
1.7,27978.0,SUV,Petrol,99.8,2720.0,47.4,11.45,96.8,59.8,28.3,1,596.0,69.1,3,1,2.3,39.5,0,1,0,0,2454.0
8.2,100956.0,Truck,Diesel,90.7,2217.0,45.5,12.41,32.9,30.4,32.0,9,13242.0,47.7,2,0,3.7,49.8,0,1,1,0,150.0
7.2,59347.0,Hatchback,Hybrid,92.6,2542.0,25.7,12.07,70.3,26.0,34.7,6,6885.0,55.9,2,1,1.8,60.8,0,1,0,0,3111.0
6.2,109444.0,SUV,Electric,61.9,2506.0,54.9,12.26,100.0,61.9,28.7,9,6029.0,31.1,8,8,6.6,61.4,0,0,1,1,3797.0
1.5,14705.0,SUV,Hybrid,89.8,2512.0,54.3,12.76,75.6,50.8,32.7,4,5622.0,52.3,5,2,4.4,73.4,0,0,0,0,4553.0
6.2,73041.0,Sedan,Hybrid,93.5,2322.0,28.3,12.31,55.7,52.8,27.7,6,7511.0,28.6,4,3,7.0,50.5,0,0,0,1,2205.0
1.6,11960.0,SUV,Diesel,91.3,2149.0,58.4,12.29,88.7,36.2,30.7,1,959.0,52.8,4,3,1.1,81.0,0,0,0,0,8292.0
0.5,11491.0,Sedan,Hybrid,80.4,2347.0,26.5,12.98,41.9,21.2,29.2,3,9609.0,25.1,4,4,3.3,66.0,0,0,0,1,1455.0
2.9,46595.0,Truck,Petrol,93.5,2961.0,48.3,12.88,88.3,19.4,32.1,5,2769.0,75.7,2,2,1.8,83.1,0,0,0,0,7999.0
3.4,68056.0,SUV,Petrol,93.9,2702.0,60.4,12.12,82.2,40.7,32.1,8,3959.0,51.3,1,5,1.0,67.1,0,0,0,0,5477.0
7.7,99142.0,Truck,Petrol,109.8,2497.0,56.6,12.63,98.8,36.2,28.5,8,674.0,50.7,5,6,2.0,46.8,1,0,0,1,4835.0
1.9,23449.0,Sedan,Diesel,95.9,2529.0,18.3,12.82,91.9,38.0,32.9,2,1363.0,78.7,3,0,2.0,81.0,0,0,0,0,7935.0
11.7,142743.0,Sedan,Petrol,92.2,2480.0,15.0,12.14,29.8,7.8,29.8,12,11092.0,52.9,1,0,5.0,43.9,0,1,0,0,346.0
4.2,36754.0,Truck,Electric,58.2,2400.0,59.6,12.66,100.0,71.4,33.3,4,3368.0,29.5,3,1,3.8,65.1,0,0,0,0,2839.0
3.5,67604.0,Sedan,Petrol,92.4,2904.0,50.3,12.6,39.7,43.0,31.9,7,8847.0,46.0,7,5,5.6,58.0,1,0,1,0,1930.0
3.5,95821.0,Sedan,Petrol,82.3,2942.0,43.2,12.03,75.2,11.1,37.4,9,3436.0,79.2,2,0,2.2,63.3,0,0,0,1,5388.0
1.6,19048.0,Sedan,Diesel,92.4,2627.0,39.3,12.61,34.9,37.0,27.9,2,13576.0,39.5,5,5,6.0,48.1,0,0,0,0,150.0
3.0,46642.0,Coupe,Petrol,96.0,1939.0,39.0,12.38,71.7,10.1,33.2,5,4781.0,45.8,3,5,2.9,79.8,0,0,0,0,5529.0
4.4,62491.0,Truck,Petrol,86.0,2576.0,51.5,11.98,86.0,47.1,28.6,4,2926.0,73.7,1,1,1.9,52.4,0,0,0,0,4161.0
6.3,92400.0,SUV,Petrol,90.4,2553.0,62.2,12.0,40.4,28.4,30.6,7,10520.0,41.2,3,4,1.0,47.4,0,1,0,1,444.0
3.0,51687.0,Sedan,Diesel,112.0,2328.0,38.0,11.08,56.5,15.5,31.0,4,5868.0,50.7,4,2,1.2,15.6,1,1,0,0,928.0
4.2,38073.0,Sedan,Petrol,89.2,2598.0,45.7,11.76,70.3,62.1,27.8,1,5793.0,70.9,5,4,2.1,41.6,0,1,0,0,2721.0
5.8,70999.0,Truck,Hybrid,90.5,2377.0,73.4,12.1,51.7,64.5,32.6,6,8734.0,44.0,7,7,3.6,51.1,0,1,1,0,1625.0
2.9,57798.0,Truck,Diesel,94.6,2866.0,42.8,11.62,5.0,38.4,23.1,6,24000.0,40.8,4,3,1.8,8.0,1,0,1,1,150.0
6.5,105140.0,Sedan,Petrol,86.4,1969.0,39.0,11.82,75.6,27.2,30.4,9,3418.0,26.2,4,4,10.0,57.1,0,0,0,0,4735.0
5.1,69771.0,Sedan,Petrol,91.5,2276.0,29.3,11.91,68.6,30.8,31.9,7,5354.0,36.6,2,2,4.8,60.6,0,0,0,0,3722.0
6.0,92229.0,Sedan,Petrol,87.6,2228.0,35.7,12.96,75.1,5.0,34.9,7,2683.0,39.6,1,3,1.4,75.8,0,0,0,0,6957.0
1.0,10131.0,Truck,Hybrid,90.4,2147.0,50.8,11.51,75.7,32.4,28.3,1,3591.0,46.9,3,0,2.3,50.3,0,1,0,0,4250.0
3.1,60195.0,Truck,Petrol,92.4,2722.0,43.8,12.43,84.7,36.3,34.6,4,818.0,57.0,4,3,2.5,78.4,0,0,0,0,7960.0
2.5,39266.0,Sedan,Petrol,95.7,2758.0,20.9,12.62,74.3,64.3,30.3,3,3706.0,51.4,3,3,4.0,59.5,0,0,0,0,3573.0
0.8,11362.0,Sedan,Hybrid,92.7,2058.0,24.7,12.45,85.0,26.7,33.2,3,1811.0,34.8,6,3,1.0,91.1,0,0,0,1,9229.0
9.4,143711.0,Sedan,Diesel,89.2,2890.0,47.3,12.13,51.0,29.9,29.9,14,6500.0,71.0,7,5,8.4,57.5,0,1,1,1,3306.0
6.2,86160.0,Coupe,Petrol,120.0,2481.0,34.8,10.98,91.0,79.6,31.3,5,685.0,36.6,5,6,10.0,8.0,1,1,1,1,150.0
1.3,5000.0,Sedan,Petrol,94.0,2930.0,41.0,12.27,87.0,19.0,34.1,1,1297.0,77.3,6,7,4.3,80.0,0,0,0,0,8689.0
7.8,109235.0,Truck,Electric,61.4,2261.0,53.4,12.33,100.0,48.4,34.1,8,5410.0,54.1,3,1,6.9,70.0,0,1,0,0,4747.0
3.6,46772.0,SUV,Hybrid,94.9,3101.0,66.9,11.97,69.6,25.8,31.9,3,3824.0,66.6,4,5,3.7,65.9,0,0,0,1,5300.0
4.9,42861.0,SUV,Diesel,91.8,2614.0,55.0,12.84,76.4,79.5,29.5,3,3816.0,59.4,6,8,2.6,56.8,0,0,1,1,1892.0
2.5,42592.0,Sedan,Diesel,91.4,2441.0,42.6,11.81,72.8,62.7,30.2,3,5468.0,73.1,2,2,1.5,48.9,0,0,0,1,2930.0
6.5,115013.0,Sedan,Diesel,96.3,2871.0,27.6,12.34,82.8,52.6,28.4,10,2110.0,51.4,7,4,4.2,59.1,0,1,0,1,4579.0
3.6,54339.0,SUV,Electric,59.1,2520.0,51.7,12.02,100.0,31.1,36.1,6,1412.0,48.3,2,2,3.3,74.1,0,0,0,0,8029.0
5.0,80967.0,Truck,Electric,78.7,2315.0,42.7,12.5,100.0,68.6,32.9,8,986.0,56.3,7,3,8.6,71.2,0,0,0,1,3789.0
6.9,95913.0,SUV,Petrol,96.6,2628.0,55.1,11.91,23.8,30.9,29.4,7,14160.0,48.1,5,6,5.1,30.2,0,1,0,1,150.0
5.4,68138.0,SUV,Hybrid,91.7,2615.0,58.3,12.52,41.3,49.5,31.5,6,10082.0,58.4,6,6,1.7,55.3,0,0,0,0,1046.0
2.9,51120.0,Sedan,Petrol,93.3,3147.0,36.8,11.8,78.3,9.5,31.0,6,3419.0,73.7,3,2,4.7,67.2,0,1,0,0,5610.0
3.6,37942.0,Coupe,Petrol,94.3,2349.0,37.7,12.71,96.3,65.2,33.5,4,2494.0,28.3,6,6,2.2,70.5,1,0,0,1,3858.0
6.1,63738.0,Truck,Diesel,93.3,2634.0,56.8,12.12,82.0,52.1,38.0,7,5159.0,50.9,7,2,1.6,60.6,0,1,1,0,4277.0
0.5,5000.0,Sedan,Petrol,95.1,2833.0,34.0,13.06,95.0,19.9,32.1,1,976.0,82.8,3,1,2.1,88.2,0,0,0,0,9865.0
3.2,53815.0,Coupe,Electric,69.1,2807.0,34.6,12.43,100.0,21.9,24.4,6,16622.0,46.5,4,2,1.9,62.5,0,0,0,1,150.0
3.8,64954.0,SUV,Petrol,88.9,2825.0,42.6,12.37,65.8,47.8,33.5,5,5982.0,66.2,3,4,4.0,67.5,0,0,0,0,3856.0
4.5,35558.0,SUV,Diesel,86.5,2905.0,58.9,12.55,5.0,66.4,28.6,2,17792.0,64.2,5,1,5.0,29.5,1,0,1,0,150.0
2.5,32472.0,Truck,Electric,62.7,2678.0,57.9,11.87,100.0,73.6,27.1,1,19326.0,31.9,9,8,1.0,33.7,0,0,1,1,237.0
3.5,25275.0,Hatchback,Electric,76.7,2336.0,32.2,12.32,100.0,39.4,33.9,1,5523.0,56.2,2,0,2.0,76.8,0,0,0,0,4943.0
4.2,73674.0,Truck,Petrol,96.8,2642.0,42.7,12.5,62.0,54.4,33.4,6,4875.0,55.1,2,4,4.7,67.5,0,0,0,0,5015.0
4.1,72546.0,Sedan,Petrol,93.4,3311.0,73.2,12.17,78.0,70.6,33.3,4,2745.0,96.6,12,9,5.2,63.0,0,0,1,0,2778.0
4.0,63495.0,Sedan,Diesel,88.0,2092.0,15.0,12.36,29.5,34.4,29.0,6,11500.0,25.0,2,3,3.8,53.4,0,0,0,0,198.0
3.0,32862.0,Hatchback,Petrol,86.4,2017.0,31.3,13.01,5.0,68.7,27.8,3,19465.0,29.3,7,3,3.1,30.1,1,0,1,1,324.0
4.3,47560.0,Sedan,Electric,69.1,2770.0,33.0,12.08,100.0,5.0,33.7,4,1662.0,48.8,0,1,1.7,85.6,0,0,0,1,9035.0
7.6,93849.0,SUV,Electric,63.4,1984.0,65.4,12.5,100.0,13.7,32.7,8,10354.0,47.0,2,3,1.2,76.2,0,0,0,0,1472.0
3.6,36428.0,SUV,Petrol,93.1,2833.0,52.2,12.18,83.9,74.8,31.7,4,1712.0,39.6,1,5,2.6,64.6,0,0,1,0,2457.0
4.2,55556.0,SUV,Petrol,82.7,1952.0,54.2,12.4,83.4,26.0,33.3,4,1680.0,40.5,2,0,2.6,83.2,0,0,0,0,8797.0
3.5,37878.0,SUV,Petrol,90.7,2765.0,48.3,12.59,81.6,69.2,33.1,2,2381.0,61.6,5,2,3.0,67.5,0,0,1,0,2925.0
7.3,62737.0,Hatchback,Electric,64.2,2451.0,65.7,12.52,100.0,34.5,31.7,5,8051.0,40.2,5,7,4.1,73.3,0,1,0,0,2883.0
3.2,53755.0,Sedan,Petrol,96.6,2141.0,46.7,12.54,86.6,30.8,35.0,6,873.0,44.4,7,5,3.9,78.8,0,0,0,0,8722.0
2.1,29559.0,Sedan,Petrol,93.1,2968.0,31.8,12.07,82.2,53.1,29.4,2,2905.0,66.0,3,2,4.6,62.9,0,0,0,0,4667.0
5.5,111962.0,Sedan,Petrol,89.5,2011.0,47.2,12.25,62.9,40.9,33.1,10,5238.0,63.8,3,1,3.2,66.1,0,0,0,0,4299.0
3.1,41373.0,Hatchback,Diesel,97.2,2678.0,37.4,12.26,35.3,73.8,34.6,3,10755.0,45.3,5,3,1.7,40.5,0,0,1,0,239.0
5.3,42832.0,SUV,Petrol,89.8,2300.0,75.5,12.68,89.4,79.7,32.4,1,3038.0,31.5,1,2,8.7,65.5,0,0,1,0,2148.0
2.8,45008.0,Sedan,Petrol,91.1,3059.0,58.2,11.78,76.8,8.3,28.3,3,4880.0,64.3,5,5,1.3,66.8,0,1,0,1,4732.0
1.8,30250.0,Hatchback,Electric,62.7,2467.0,42.3,12.33,100.0,49.8,32.9,1,6849.0,38.8,3,1,1.7,75.5,0,0,0,0,3885.0
3.6,64118.0,Hatchback,Electric,80.0,3154.0,41.6,12.31,100.0,55.5,37.6,6,2325.0,70.1,10,8,3.9,67.5,0,0,1,1,4927.0
1.4,28918.0,Hatchback,Hybrid,91.5,2719.0,30.4,12.55,5.0,50.7,30.4,3,17676.0,57.9,4,0,2.2,36.7,1,0,0,1,150.0
4.4,83508.0,Hatchback,Petrol,97.2,2691.0,50.2,12.67,69.6,63.8,29.5,5,3319.0,49.3,3,2,7.0,54.1,0,0,0,1,2933.0
5.9,64263.0,Sedan,Petrol,104.8,2745.0,57.8,12.37,32.8,47.8,26.9,5,9344.0,58.1,2,3,3.2,26.2,1,0,0,1,787.0
9.8,189276.0,Truck,Diesel,87.6,2151.0,50.9,12.05,49.6,29.5,32.3,16,7551.0,25.0,1,3,4.5,57.7,0,1,0,0,2826.0
2.7,39169.0,SUV,Petrol,97.9,2795.0,60.6,12.73,59.3,73.9,29.5,5,7072.0,72.7,5,4,2.8,41.6,0,0,1,1,1738.0
2.3,38580.0,Hatchback,Electric,83.5,2776.0,50.5,12.55,100.0,78.1,26.2,3,3812.0,49.1,7,8,1.0,57.0,0,0,1,1,1959.0
5.8,85939.0,Truck,Diesel,93.9,2475.0,64.3,12.34,14.3,74.1,26.7,8,13443.0,54.3,2,2,10.0,22.1,1,0,1,1,150.0
5.6,60692.0,Truck,Petrol,94.6,3098.0,46.7,12.23,43.6,43.7,29.2,4,10356.0,43.9,3,5,3.7,49.1,0,0,0,0,759.0
5.8,111297.0,Truck,Electric,70.5,2464.0,58.9,12.64,100.0,37.4,29.0,9,5794.0,49.6,2,2,1.7,68.0,0,0,0,0,4289.0
9.9,120375.0,Sedan,Electric,55.4,2540.0,67.3,11.97,100.0,48.3,36.5,8,2841.0,74.4,3,3,3.0,59.1,0,1,0,0,5167.0
3.8,82079.0,SUV,Petrol,115.5,2438.0,54.8,11.7,62.6,77.4,33.3,6,5723.0,48.2,3,2,5.1,13.9,1,1,1,0,478.0
11.1,122478.0,Coupe,Diesel,88.4,2280.0,45.8,12.52,83.9,51.9,31.7,10,990.0,46.2,5,3,1.0,69.0,0,1,0,0,5195.0
3.0,31629.0,Hatchback,Petrol,89.6,3209.0,45.7,12.94,55.7,54.8,30.3,1,5472.0,61.6,4,4,3.2,63.3,0,0,0,0,4189.0
2.4,24853.0,Sedan,Petrol,88.5,2635.0,47.0,12.21,53.5,44.4,28.6,3,8213.0,56.3,3,3,2.6,57.0,0,0,0,0,2237.0
2.3,42751.0,Sedan,Petrol,94.9,2934.0,25.7,12.41,9.1,65.6,24.8,4,16914.0,73.8,6,2,1.3,24.6,0,0,0,1,150.0
2.2,16018.0,Sedan,Diesel,95.2,2454.0,66.6,11.51,67.8,38.1,29.7,2,8631.0,25.0,6,5,5.2,40.7,0,1,0,0,1532.0
10.2,178189.0,Truck,Electric,59.7,2719.0,55.6,11.95,100.0,75.6,34.7,15,2136.0,45.6,1,3,1.8,58.4,0,1,1,0,2453.0
7.1,142945.0,Hatchback,Diesel,88.4,2245.0,44.5,12.12,84.0,15.0,32.5,11,745.0,32.1,0,0,6.6,79.7,1,1,0,0,9134.0
9.7,132170.0,Sedan,Petrol,88.9,2621.0,40.7,13.29,82.4,65.8,30.1,12,2585.0,69.2,4,2,2.2,61.5,0,1,1,0,3344.0
1.0,10517.0,SUV,Diesel,88.7,2219.0,63.3,12.51,87.3,33.9,29.7,1,3687.0,33.9,2,0,4.7,76.1,0,0,0,0,6336.0
1.6,22825.0,Hatchback,Petrol,92.9,2308.0,34.4,12.69,100.0,38.1,37.3,1,493.0,56.6,3,3,3.8,79.1,0,0,0,0,7705.0
3.1,37052.0,Truck,Hybrid,85.2,2257.0,37.9,11.92,5.0,61.9,29.1,3,19374.0,33.7,1,2,3.6,14.4,1,0,1,0,179.0
2.8,62171.0,SUV,Petrol,89.9,2788.0,50.6,12.46,60.4,45.6,29.3,5,6122.0,45.0,2,0,3.1,66.5,0,0,0,0,3798.0
4.3,67375.0,SUV,Petrol,86.1,2621.0,61.0,11.97,5.0,62.8,27.2,6,19265.0,38.1,8,4,3.4,19.5,1,1,1,1,150.0
3.8,35982.0,SUV,Petrol,93.5,2531.0,50.2,12.72,76.5,63.0,33.0,2,3175.0,51.9,2,3,4.7,69.6,0,0,0,0,4202.0
1.9,21162.0,Sedan,Hybrid,87.5,3403.0,32.3,12.45,51.1,34.0,31.8,3,8620.0,80.4,4,3,6.8,65.8,1,0,0,0,2343.0
2.6,40513.0,SUV,Petrol,99.3,2212.0,59.4,11.89,58.4,80.1,27.0,4,7073.0,32.0,6,4,2.2,24.5,0,0,1,1,710.0
3.2,30474.0,Truck,Hybrid,95.7,2499.0,44.1,12.47,82.6,67.5,37.7,3,2222.0,36.1,4,4,10.0,61.1,0,0,1,0,2881.0
1.7,15830.0,Hatchback,Petrol,91.1,2494.0,50.6,12.58,91.7,30.4,34.2,2,2478.0,60.4,1,1,5.6,83.0,0,0,0,0,8092.0
3.5,47981.0,SUV,Petrol,93.2,2753.0,55.5,12.8,72.9,32.8,28.5,4,3763.0,49.9,11,9,4.3,63.0,0,0,1,1,5192.0
1.8,32744.0,Truck,Diesel,93.4,2399.0,59.6,12.0,93.4,55.8,33.6,3,1805.0,34.2,2,2,4.1,66.0,0,0,0,0,4997.0
3.4,59804.0,Sedan,Electric,57.7,2759.0,28.9,12.36,100.0,32.8,28.5,5,2999.0,45.4,4,6,1.0,73.8,0,0,0,0,6662.0
2.1,31647.0,SUV,Electric,58.3,2479.0,74.6,12.22,100.0,87.6,30.6,2,5903.0,30.8,10,8,9.9,59.6,0,0,1,1,1005.0
6.2,79530.0,Sedan,Petrol,91.1,2357.0,47.6,11.99,71.7,56.9,36.8,7,2216.0,45.1,4,5,4.9,52.6,0,1,0,0,3665.0
4.7,66623.0,Sedan,Petrol,88.4,2809.0,47.0,12.43,80.2,46.0,29.8,4,2600.0,38.4,3,2,1.6,67.8,0,0,0,0,5693.0
4.7,84946.0,Truck,Petrol,93.7,2862.0,42.9,12.19,13.8,85.7,25.0,6,15116.0,56.4,7,8,1.0,9.9,1,0,1,1,150.0
5.5,48573.0,Coupe,Diesel,87.0,2318.0,29.8,12.49,79.9,5.0,31.1,6,4548.0,61.0,3,1,5.0,81.0,0,0,0,1,6053.0
4.9,48087.0,Sedan,Diesel,94.1,1979.0,42.8,12.03,46.0,5.0,31.3,4,8410.0,25.0,1,3,2.3,60.8,0,0,1,1,2288.0
6.2,74167.0,SUV,Electric,68.1,3075.0,41.4,12.23,100.0,60.0,32.5,9,2441.0,53.5,4,3,3.0,66.3,0,0,0,0,4197.0
4.0,50051.0,Hatchback,Electric,61.2,2941.0,34.5,12.48,100.0,25.5,37.2,5,6290.0,25.0,6,5,2.9,75.6,0,0,0,0,4056.0
5.5,80241.0,Sedan,Petrol,95.3,2599.0,48.7,12.46,58.6,61.8,32.2,7,7876.0,52.1,4,2,3.0,57.2,0,0,0,1,2256.0
4.6,72116.0,SUV,Diesel,94.3,2898.0,51.1,12.42,80.8,74.6,31.5,5,2750.0,74.3,9,8,1.0,65.9,1,1,1,0,2600.0
4.6,71614.0,Truck,Hybrid,90.2,2538.0,58.1,12.34,70.7,51.4,32.3,6,4141.0,47.1,3,2,6.2,63.7,0,0,0,0,4791.0
1.3,9842.0,SUV,Hybrid,93.7,2571.0,45.3,12.29,29.1,32.4,32.2,1,12425.0,55.6,5,4,2.2,54.7,0,0,0,0,176.0
1.9,13843.0,Sedan,Petrol,86.2,3051.0,51.6,13.02,45.9,36.1,34.7,1,8309.0,62.3,7,8,2.7,67.0,0,0,1,0,2361.0
4.3,52114.0,SUV,Petrol,93.5,2776.0,40.9,12.44,9.6,27.0,26.0,4,14989.0,62.8,4,3,1.9,39.5,1,0,0,0,150.0
2.3,40271.0,Truck,Petrol,85.7,2916.0,65.5,12.05,96.8,95.1,32.7,3,1730.0,63.7,11,8,5.3,59.8,0,0,1,1,326.0
3.6,38679.0,SUV,Petrol,92.0,2566.0,79.6,11.71,50.2,75.4,33.1,3,7668.0,58.1,5,2,1.8,43.8,0,1,1,0,1605.0
2.7,34927.0,Sedan,Petrol,94.3,2557.0,37.2,12.85,98.6,72.5,32.0,2,501.0,41.4,9,7,1.5,70.9,1,0,1,1,3202.0
2.7,38439.0,Truck,Petrol,92.9,3039.0,48.9,11.21,77.2,82.4,30.9,1,2192.0,61.0,6,6,4.8,31.5,0,1,1,1,1149.0
3.8,62325.0,Sedan,Diesel,97.7,2627.0,51.7,12.45,82.8,28.4,34.5,5,792.0,72.9,0,0,2.6,74.3,0,1,0,0,8390.0
3.1,57760.0,Truck,Petrol,88.3,3199.0,56.0,12.0,47.4,38.1,27.2,5,9592.0,58.8,4,4,4.0,44.9,0,0,0,1,1095.0
7.7,120315.0,Sedan,Petrol,93.1,3129.0,26.4,12.27,64.1,50.2,35.3,8,4974.0,54.7,4,3,2.1,59.4,0,1,0,0,4159.0
1.4,29700.0,Coupe,Petrol,83.0,2049.0,42.1,12.6,69.6,46.4,34.1,2,4960.0,28.6,0,0,1.5,73.4,0,0,0,0,5328.0
5.1,71126.0,SUV,Hybrid,89.5,2200.0,55.4,11.85,67.1,32.6,31.7,6,3789.0,37.1,0,1,2.4,61.4,0,1,0,0,5132.0
5.7,104545.0,Sedan,Hybrid,90.3,2336.0,31.2,12.27,93.4,24.4,32.3,9,783.0,41.9,3,1,5.6,85.2,0,1,0,0,9787.0
8.0,115230.0,Sedan,Diesel,111.9,2214.0,32.3,12.17,38.9,41.5,32.2,9,9734.0,36.6,5,3,2.4,27.4,1,1,0,0,595.0
3.9,31157.0,Sedan,Petrol,108.8,2699.0,50.0,12.01,54.3,54.5,30.2,3,8604.0,49.7,4,2,5.9,23.7,0,1,0,0,895.0
5.4,122438.0,Hatchback,Electric,65.6,2834.0,30.9,12.23,100.0,65.7,32.6,11,8581.0,39.0,9,6,2.3,63.0,0,0,1,0,2246.0
7.7,114495.0,Coupe,Petrol,104.5,2980.0,23.2,11.29,5.0,47.9,28.8,9,24000.0,64.1,3,2,4.3,8.0,1,1,0,0,321.0
2.5,41857.0,SUV,Petrol,90.2,2440.0,45.1,12.46,35.1,75.7,28.1,2,12244.0,46.4,4,3,2.9,40.0,0,0,1,0,150.0
2.1,22768.0,SUV,Petrol,88.2,2182.0,62.4,12.4,92.6,49.4,30.7,1,2418.0,36.4,0,0,2.3,74.9,0,0,0,0,6082.0
4.0,87575.0,Truck,Petrol,87.5,1951.0,52.1,12.0,82.1,80.1,28.2,8,1423.0,39.1,5,4,1.6,56.6,0,0,1,0,2114.0
3.2,36459.0,Hatchback,Petrol,87.8,2632.0,37.6,11.96,73.4,77.6,30.4,3,4282.0,53.0,10,8,2.2,51.5,0,0,1,1,1953.0
5.4,71831.0,SUV,Electric,58.7,2323.0,54.4,12.84,100.0,53.0,31.2,6,12028.0,48.0,1,4,3.4,64.0,0,0,0,0,150.0
1.5,12374.0,SUV,Diesel,99.7,2199.0,58.6,12.69,92.0,36.7,32.4,1,1520.0,52.6,3,1,1.0,76.8,0,1,0,0,7797.0
7.4,116841.0,SUV,Petrol,91.3,2440.0,73.6,13.05,36.9,54.4,30.9,8,10122.0,48.5,4,4,1.5,48.0,1,0,0,0,1072.0
4.3,57211.0,Truck,Electric,58.8,2681.0,57.0,12.5,100.0,35.8,33.1,5,18621.0,76.1,2,1,4.2,73.6,0,0,0,0,230.0
3.2,27934.0,Sedan,Petrol,89.4,2652.0,63.1,12.64,85.1,47.2,36.6,2,1370.0,64.0,3,2,1.2,72.0,0,0,0,0,6346.0
3.7,49693.0,SUV,Petrol,95.6,2710.0,62.4,12.07,50.0,17.2,31.1,3,7869.0,40.0,3,2,3.2,57.1,0,0,0,1,2575.0
6.4,90529.0,SUV,Diesel,88.7,2481.0,50.0,12.79,84.5,12.0,29.5,7,1973.0,25.0,1,2,4.9,71.7,0,1,0,0,7207.0
4.9,65632.0,Truck,Diesel,97.5,2308.0,66.7,11.69,5.0,60.1,28.8,6,24000.0,47.0,5,5,6.8,8.0,1,1,0,0,150.0
3.7,32272.0,Sedan,Petrol,95.6,2655.0,51.2,12.62,17.4,60.7,26.5,2,14829.0,36.1,9,7,1.0,32.5,1,0,1,1,150.0
3.3,51576.0,SUV,Petrol,90.7,2204.0,70.7,11.7,79.5,18.5,32.4,3,3417.0,27.8,5,6,3.3,65.2,0,0,0,0,5429.0
3.4,29657.0,SUV,Diesel,112.9,2568.0,60.8,12.91,93.4,54.3,30.9,4,692.0,60.9,1,0,8.5,45.0,1,0,0,0,3093.0
5.3,84299.0,SUV,Diesel,87.7,2976.0,57.4,11.2,100.0,77.3,35.0,6,700.0,51.9,4,5,7.0,41.5,0,1,1,0,1392.0
3.1,40333.0,Sedan,Diesel,92.3,2806.0,37.8,11.69,60.9,89.5,29.9,2,4808.0,67.7,8,7,1.0,34.1,0,0,1,0,490.0
5.1,98690.0,SUV,Petrol,93.2,2435.0,58.4,11.65,5.0,42.3,25.9,8,20936.0,51.0,9,6,3.7,13.2,1,1,1,1,236.0
2.1,28400.0,SUV,Petrol,96.9,2490.0,35.8,11.8,31.6,52.8,28.0,2,12571.0,48.9,2,2,2.0,32.7,0,0,0,0,150.0
2.4,32295.0,SUV,Petrol,92.9,2765.0,54.0,12.58,75.1,71.7,33.5,2,4636.0,34.2,8,5,2.0,71.3,0,0,1,1,3357.0
3.6,69763.0,SUV,Petrol,90.1,3180.0,44.2,12.79,77.4,62.4,33.3,6,1986.0,43.2,8,8,2.1,71.3,0,0,0,0,4074.0
3.3,33340.0,Truck,Electric,56.9,2104.0,59.9,12.51,100.0,63.8,33.0,3,846.0,26.9,3,3,4.9,76.5,0,0,0,0,4374.0
2.5,31397.0,Hatchback,Diesel,94.8,2811.0,51.2,11.52,79.7,57.4,32.2,4,3559.0,66.5,4,4,3.9,48.3,0,0,0,0,3601.0
1.8,30350.0,Sedan,Petrol,88.7,2362.0,43.4,12.58,41.8,52.5,29.2,1,11417.0,33.6,2,2,3.9,50.5,0,0,0,1,223.0
2.2,20575.0,Hatchback,Hybrid,91.2,2286.0,39.2,12.52,74.6,42.3,30.3,2,4715.0,55.1,3,4,3.8,69.0,0,0,0,0,4864.0
8.4,91019.0,SUV,Diesel,94.1,2013.0,48.6,12.42,67.1,12.1,30.9,7,4576.0,48.5,1,0,1.7,73.2,0,1,0,0,5092.0
2.4,23863.0,Sedan,Petrol,92.7,2705.0,54.8,12.11,67.8,42.6,32.9,2,4600.0,57.4,1,3,1.5,68.0,0,0,0,0,5251.0
0.8,12648.0,Sedan,Hybrid,87.5,2696.0,56.2,12.6,78.6,45.4,31.3,1,1943.0,52.5,9,8,1.3,75.5,0,0,0,0,6290.0
3.8,42701.0,Sedan,Hybrid,112.7,2122.0,30.1,12.03,21.7,68.0,25.8,3,11245.0,33.5,4,6,2.9,8.0,1,0,1,1,150.0
2.4,29700.0,Truck,Diesel,88.8,2584.0,55.9,12.83,41.5,66.5,28.1,2,9495.0,47.3,1,1,1.0,44.1,0,0,0,1,1082.0
3.1,34569.0,Truck,Petrol,91.8,2832.0,59.1,12.03,65.9,66.5,32.2,2,2710.0,69.7,3,4,3.9,54.3,0,0,0,0,2793.0
6.0,76542.0,Truck,Diesel,99.3,2334.0,50.3,12.21,84.9,60.8,31.9,6,1720.0,40.5,3,1,7.6,56.0,0,0,0,1,3644.0
3.2,55664.0,SUV,Hybrid,87.9,2435.0,37.2,12.62,45.9,42.4,34.7,4,10509.0,68.2,4,2,4.0,56.9,1,0,0,0,1009.0
3.0,52893.0,SUV,Petrol,99.9,2289.0,30.5,11.96,5.0,35.7,24.8,4,24000.0,61.3,5,4,4.4,8.0,1,0,0,1,150.0
2.5,24018.0,Sedan,Petrol,89.8,2389.0,41.7,12.16,85.6,47.2,34.3,2,1371.0,54.0,3,2,1.9,72.3,0,0,0,0,5959.0
3.2,36513.0,Sedan,Hybrid,96.0,2358.0,18.5,12.34,82.9,58.4,31.5,2,1528.0,41.7,2,1,2.3,67.3,0,0,0,0,4654.0
4.6,90813.0,SUV,Petrol,91.0,2337.0,46.5,12.68,68.5,30.7,36.3,7,6200.0,55.8,6,1,2.9,68.4,0,0,0,1,3570.0
1.1,17942.0,Sedan,Hybrid,86.7,2200.0,48.6,12.62,72.0,35.9,31.0,2,4684.0,44.9,3,3,2.8,73.4,0,0,0,0,5594.0
1.6,15507.0,Sedan,Diesel,87.2,2742.0,47.0,12.71,89.8,27.6,30.6,1,1472.0,67.5,5,5,3.9,80.6,0,0,0,0,8423.0
4.6,61729.0,SUV,Petrol,88.3,2307.0,46.4,11.75,58.7,35.8,30.9,6,6356.0,34.0,2,2,7.1,51.7,0,1,0,0,2790.0
3.8,78606.0,Truck,Petrol,100.1,3054.0,66.7,11.96,91.7,63.2,37.8,6,551.0,56.3,4,5,2.8,48.9,0,0,0,0,2742.0
2.6,34534.0,Coupe,Hybrid,90.6,2781.0,49.9,12.29,66.9,55.3,30.5,4,4817.0,52.4,4,7,6.2,64.0,0,0,0,0,4541.0
4.8,36093.0,Hatchback,Petrol,92.2,2202.0,33.7,12.17,90.9,65.8,33.9,2,1201.0,56.6,2,2,3.1,69.1,0,0,0,1,3790.0
2.9,32515.0,SUV,Diesel,94.2,2443.0,77.5,13.06,75.6,86.2,34.6,4,3508.0,62.0,11,9,1.1,58.4,0,0,1,1,1103.0
6.0,86604.0,SUV,Diesel,93.5,1707.0,58.6,12.13,5.0,72.7,22.4,9,24000.0,39.6,2,1,3.4,8.0,1,1,1,1,150.0
2.6,29854.0,SUV,Diesel,95.0,2675.0,48.2,12.48,78.5,72.2,33.5,3,3385.0,39.6,7,7,3.5,66.9,1,0,1,0,3079.0
2.1,41759.0,Truck,Electric,69.2,2242.0,28.2,11.99,100.0,79.4,32.9,4,3192.0,55.0,3,1,1.2,63.5,0,0,1,0,1880.0
12.6,193337.0,Sedan,Diesel,101.5,2845.0,43.1,12.16,59.2,24.4,30.5,17,4102.0,65.5,3,3,6.7,47.4,1,1,0,0,3972.0
5.3,57021.0,SUV,Petrol,87.7,2767.0,47.5,12.37,58.7,39.7,35.4,5,5623.0,48.5,5,2,4.5,59.0,1,0,1,0,3561.0
2.3,18361.0,Hatchback,Electric,65.9,2948.0,40.7,12.37,100.0,34.2,34.2,1,465.0,72.1,3,3,5.5,81.3,0,0,0,0,8534.0
2.9,40990.0,SUV,Diesel,89.4,2677.0,55.6,12.12,32.9,94.6,28.9,2,11413.0,47.8,10,8,5.7,28.8,0,0,1,1,229.0
2.6,41201.0,SUV,Petrol,76.6,2901.0,28.0,12.52,89.4,69.4,32.4,4,2692.0,42.0,1,3,1.6,71.9,0,0,0,1,3532.0
1.2,8021.0,SUV,Petrol,94.4,2746.0,54.9,12.28,29.1,25.4,31.1,1,12600.0,58.4,4,8,5.7,58.6,1,0,0,0,257.0
3.0,27375.0,Sedan,Hybrid,93.8,2287.0,28.0,12.81,100.0,41.0,36.5,3,1385.0,44.4,5,4,1.0,73.2,0,0,0,0,6920.0
4.0,65596.0,SUV,Petrol,87.6,2417.0,45.9,12.47,69.5,50.5,33.6,6,4063.0,44.5,4,0,3.2,70.2,0,0,0,0,5342.0
7.5,94654.0,Sedan,Diesel,99.9,3066.0,38.3,12.05,5.0,31.5,23.9,7,24000.0,55.6,11,9,2.3,8.3,1,1,1,1,150.0
3.5,35764.0,Sedan,Diesel,97.6,2069.0,41.2,12.75,71.5,69.7,32.0,3,1792.0,65.0,3,3,1.2,60.3,0,0,1,0,2847.0
2.8,54548.0,Sedan,Petrol,95.4,3202.0,49.6,12.28,68.8,31.2,31.2,6,5062.0,56.2,6,10,4.3,68.5,0,0,0,0,4992.0
8.0,122624.0,Hatchback,Diesel,90.5,2171.0,45.9,12.54,82.9,59.3,29.5,10,2922.0,53.5,6,3,4.7,62.5,0,1,0,1,4013.0
7.1,100679.0,Sedan,Petrol,88.8,2369.0,15.0,11.44,52.5,27.9,33.8,8,7177.0,78.9,5,3,1.6,46.2,0,1,0,0,2054.0
4.0,49630.0,SUV,Petrol,91.7,2546.0,70.7,11.71,93.2,28.6,32.0,3,886.0,61.8,3,2,3.1,67.0,0,1,0,0,7808.0
3.8,48474.0,Sedan,Diesel,85.7,2327.0,22.4,12.59,38.0,15.7,28.6,5,11037.0,47.3,5,5,4.2,59.3,0,0,0,1,463.0
4.6,58790.0,Hatchback,Petrol,92.7,2803.0,39.4,12.33,50.2,22.6,30.5,4,6997.0,67.4,3,2,1.0,63.6,0,0,0,1,3143.0
2.5,35988.0,Sedan,Diesel,86.7,2607.0,30.5,12.64,29.5,54.4,24.2,5,13584.0,48.6,4,3,4.6,35.1,0,0,1,1,150.0
3.7,42142.0,SUV,Hybrid,81.9,2647.0,56.3,12.47,28.4,78.8,35.0,3,9690.0,60.4,1,1,1.4,44.6,1,0,1,0,1029.0
2.5,36887.0,Hatchback,Hybrid,88.2,2911.0,17.6,12.52,96.7,70.6,32.2,4,1356.0,59.6,5,2,1.4,70.6,0,0,0,1,3409.0
7.2,79061.0,Hatchback,Petrol,99.6,2345.0,56.6,12.25,20.6,51.0,32.1,6,13592.0,52.0,2,0,4.6,34.1,1,1,1,1,191.0
2.2,36116.0,Sedan,Petrol,98.7,2710.0,39.3,13.46,77.7,66.6,32.1,4,3627.0,41.9,6,7,1.3,61.3,0,0,0,1,3301.0
4.2,63651.0,Hatchback,Diesel,98.2,2227.0,48.0,12.55,64.0,28.9,32.0,4,4782.0,51.6,2,5,5.8,68.6,0,0,0,0,4982.0
4.3,48737.0,SUV,Electric,56.7,2765.0,45.6,11.74,100.0,34.4,35.6,5,806.0,45.4,3,4,2.6,60.7,0,1,0,0,6280.0
7.6,100816.0,SUV,Hybrid,91.1,2568.0,75.9,11.69,83.1,34.5,29.9,8,2072.0,55.7,5,5,2.1,53.1,0,1,0,0,5117.0
2.7,38620.0,Sedan,Hybrid,88.9,2649.0,25.5,12.58,76.9,66.5,33.7,3,2634.0,57.9,4,5,5.1,68.9,0,0,0,0,3672.0
2.4,14544.0,Sedan,Petrol,98.9,2059.0,15.0,12.25,34.1,28.3,27.7,1,11033.0,25.0,1,1,3.1,47.1,0,0,0,0,291.0
5.1,86585.0,Truck,Petrol,84.2,2546.0,70.0,12.7,63.2,85.0,31.8,9,4589.0,56.7,5,2,3.4,56.9,1,0,1,0,1357.0
4.8,44894.0,SUV,Diesel,93.4,3229.0,45.1,12.46,89.4,98.0,34.0,3,3341.0,93.0,10,9,1.2,57.1,0,0,1,1,172.0
9.8,125906.0,SUV,Petrol,96.6,1965.0,53.6,12.26,5.0,61.7,26.6,10,19696.0,47.6,1,3,9.4,13.8,1,1,0,0,150.0
4.0,19394.0,Truck,Petrol,89.3,3035.0,73.1,11.37,93.9,48.6,28.6,3,2160.0,65.8,3,3,7.9,47.1,0,1,0,1,3891.0
7.2,113649.0,Truck,Electric,67.7,2476.0,48.7,12.44,100.0,58.3,29.0,11,4673.0,62.4,4,2,3.2,60.5,0,1,0,0,4194.0
6.7,76267.0,Sedan,Petrol,95.7,2099.0,41.9,12.32,90.8,49.9,27.8,7,2346.0,29.0,1,1,2.4,58.7,0,1,0,0,4690.0
2.4,30267.0,SUV,Petrol,87.1,2820.0,68.2,12.12,87.6,66.2,34.2,1,2134.0,59.0,9,8,4.0,59.4,0,0,1,1,3294.0
1.4,18713.0,Sedan,Petrol,94.0,2549.0,40.8,11.03,22.9,22.8,32.9,1,14528.0,40.2,2,3,1.0,32.2,0,1,0,0,150.0
3.1,27003.0,Truck,Electric,60.7,2357.0,69.2,13.0,100.0,56.6,32.3,3,5778.0,49.2,3,2,3.8,81.5,0,0,0,0,5188.0
5.8,87509.0,Truck,Diesel,85.1,2806.0,66.9,12.5,94.2,88.7,31.8,8,401.0,31.6,11,8,1.0,63.2,0,1,1,1,1146.0
7.6,122944.0,Coupe,Diesel,94.9,3147.0,30.5,12.09,92.7,55.6,33.3,11,1438.0,58.2,4,4,2.5,64.2,0,0,0,0,4528.0
0.5,5223.0,Sedan,Electric,64.3,2910.0,49.2,12.34,100.0,16.2,28.6,1,14205.0,47.2,1,3,1.3,72.1,0,0,0,1,252.0
2.2,25366.0,Sedan,Petrol,92.2,2758.0,38.4,11.63,96.5,44.8,34.0,2,818.0,70.8,3,1,4.7,61.5,0,0,0,0,5400.0
4.6,69200.0,Sedan,Diesel,86.8,2322.0,42.4,12.45,21.3,48.5,25.6,4,14952.0,33.0,9,6,2.0,37.6,1,0,1,1,150.0
5.3,70140.0,Sedan,Petrol,92.6,2471.0,42.8,10.8,83.9,34.4,32.7,6,1895.0,64.7,2,1,1.1,47.0,0,1,0,0,4876.0
2.0,27464.0,Sedan,Petrol,84.9,2582.0,52.2,12.42,5.0,54.3,24.3,2,24000.0,57.9,4,4,5.8,18.9,1,0,1,1,165.0
2.5,40733.0,Hatchback,Hybrid,96.7,2112.0,27.2,11.72,58.9,63.2,31.1,3,6748.0,40.0,2,1,10.0,41.1,0,1,0,0,2130.0
1.2,17742.0,Sedan,Hybrid,94.8,2809.0,63.3,12.49,5.0,63.9,25.4,2,24000.0,30.4,15,12,2.9,21.9,1,0,1,1,150.0
8.5,120427.0,Sedan,Petrol,104.9,2543.0,56.9,12.69,58.1,52.3,35.2,10,5119.0,47.9,4,5,4.0,42.4,1,1,0,1,3330.0
4.2,47391.0,Truck,Petrol,84.0,2550.0,46.0,11.91,50.0,7.7,29.3,4,10339.0,55.3,2,2,1.8,56.9,0,1,0,1,920.0
2.5,39055.0,SUV,Diesel,90.7,2348.0,76.3,12.39,86.1,91.6,36.9,3,2481.0,37.1,7,4,2.1,57.7,0,0,1,1,813.0
6.9,100984.0,Truck,Petrol,90.1,2692.0,55.5,11.23,80.8,38.1,33.6,9,1502.0,38.7,6,7,7.2,50.2,0,1,0,0,5007.0
4.2,57077.0,Sedan,Petrol,89.3,3060.0,52.0,11.97,91.2,33.6,37.0,5,1120.0,65.9,10,9,4.5,64.8,0,0,1,0,6804.0
7.6,118908.0,SUV,Petrol,95.7,2340.0,48.9,11.46,76.8,67.0,26.6,9,3022.0,41.1,5,3,4.5,29.4,0,1,1,1,1530.0
8.1,105861.0,Sedan,Petrol,96.4,2799.0,53.4,11.74,69.6,41.9,33.5,8,3569.0,60.1,6,7,1.9,54.1,0,1,0,0,4438.0
2.0,28444.0,Sedan,Hybrid,93.2,2637.0,33.5,12.12,85.3,55.2,34.6,3,2907.0,69.1,3,1,1.5,70.7,0,0,0,0,5128.0
7.1,79106.0,Hatchback,Petrol,97.5,2546.0,41.5,12.3,5.0,56.3,24.1,7,21474.0,40.7,4,2,8.0,8.6,1,0,1,1,150.0
7.0,102952.0,Sedan,Petrol,80.3,2289.0,15.0,11.37,85.5,19.7,34.1,9,1375.0,34.5,4,6,2.9,61.2,0,1,0,0,6438.0
4.8,59508.0,SUV,Diesel,106.2,2589.0,48.7,12.23,89.5,45.2,33.3,5,1862.0,64.2,5,3,4.3,57.4,1,1,1,0,5053.0
5.0,86252.0,SUV,Hybrid,90.1,2214.0,50.8,12.8,91.3,93.6,35.7,6,1882.0,47.8,10,7,1.6,59.6,0,0,1,0,544.0
4.0,47116.0,Sedan,Petrol,94.9,2172.0,16.9,12.63,52.1,5.0,26.8,4,8960.0,45.9,1,2,1.0,62.4,0,0,0,1,1867.0
1.7,21616.0,Hatchback,Petrol,90.2,2785.0,50.4,13.17,58.4,37.5,29.4,1,7551.0,72.0,4,4,2.5,61.4,0,0,1,0,2787.0
1.6,15353.0,Sedan,Petrol,93.7,2405.0,35.8,12.44,80.9,30.4,33.6,1,1667.0,48.3,5,3,8.2,85.2,0,0,0,1,8673.0
8.7,125264.0,Truck,Diesel,89.6,2160.0,33.4,11.81,89.2,76.7,33.2,10,570.0,55.9,6,4,4.0,51.6,0,1,1,0,2067.0
4.2,54694.0,Coupe,Diesel,88.8,2284.0,45.2,12.3,83.3,23.9,33.7,4,663.0,29.4,4,0,4.0,83.4,0,0,0,0,9298.0
3.2,43726.0,SUV,Hybrid,94.7,2416.0,69.1,12.27,91.7,87.3,32.6,3,2212.0,50.9,5,5,2.4,64.8,0,0,1,0,1228.0
5.2,89494.0,Hatchback,Electric,62.2,2051.0,39.6,11.97,100.0,59.5,29.1,7,9563.0,39.7,1,4,2.9,50.3,0,1,0,0,1099.0
2.4,24061.0,Sedan,Hybrid,92.7,2565.0,22.3,12.74,14.3,49.7,26.6,2,15159.0,44.9,6,3,3.3,36.7,1,0,1,1,150.0
2.9,46185.0,SUV,Diesel,86.5,2718.0,32.6,11.02,17.7,19.0,26.1,4,15553.0,44.1,3,4,3.7,13.0,1,1,0,1,336.0
3.8,29185.0,Sedan,Diesel,94.2,2213.0,26.5,12.26,69.8,59.5,31.5,2,4080.0,70.2,3,4,1.2,65.9,0,0,0,0,4433.0
2.6,41032.0,Truck,Petrol,87.2,2663.0,45.2,12.26,27.9,77.8,27.6,2,11608.0,42.7,5,4,6.4,33.6,1,0,1,1,408.0
4.9,87923.0,Coupe,Electric,54.8,2685.0,65.7,12.02,100.0,78.3,32.1,8,8637.0,44.5,8,9,4.5,58.0,0,1,1,0,2045.0
3.4,53064.0,Sedan,Petrol,90.5,2708.0,37.2,11.66,87.7,21.4,31.6,3,886.0,73.5,3,2,3.4,71.4,0,0,0,0,7629.0
4.9,70833.0,Truck,Petrol,89.8,2264.0,39.9,12.84,5.0,54.8,25.2,7,16931.0,47.0,3,4,5.2,25.3,1,0,0,1,150.0
5.2,105813.0,Sedan,Diesel,95.1,2416.0,33.0,12.64,72.6,13.3,31.1,8,5484.0,43.3,2,3,5.9,70.6,0,1,0,0,4495.0
6.8,91882.0,SUV,Petrol,91.3,2856.0,69.6,12.26,78.1,22.1,33.1,9,4439.0,67.4,6,6,5.2,71.3,1,1,0,1,5325.0
3.1,49471.0,SUV,Diesel,94.4,3215.0,62.7,11.9,60.9,25.5,31.3,5,6140.0,52.2,3,5,5.4,63.8,0,1,0,1,3705.0
1.9,26843.0,Coupe,Diesel,90.3,2704.0,41.0,12.51,85.2,40.1,34.1,2,1668.0,53.2,2,3,2.1,76.6,0,0,0,0,7649.0
12.0,104633.0,SUV,Petrol,94.4,2699.0,54.0,11.21,70.1,50.2,31.5,8,1531.0,56.2,8,5,3.0,36.5,0,1,0,0,2855.0
7.5,102628.0,Sedan,Hybrid,106.0,3035.0,39.6,12.19,87.3,32.3,33.6,9,4120.0,70.8,3,2,5.8,54.2,0,0,0,0,4070.0
1.1,23554.0,Sedan,Petrol,95.0,2561.0,41.5,12.97,48.6,31.1,33.1,1,5947.0,37.5,2,2,2.6,72.5,0,0,0,0,4528.0
13.0,105173.0,Sedan,Petrol,114.7,2792.0,45.3,10.9,89.2,57.0,34.8,8,782.0,68.0,15,12,5.0,8.0,1,1,1,1,694.0
2.5,49852.0,Sedan,Diesel,99.8,2564.0,43.2,12.23,85.7,9.2,29.3,4,979.0,31.1,3,5,2.0,67.2,0,0,0,1,7341.0
3.5,62898.0,Sedan,Diesel,92.9,2402.0,36.0,12.74,5.0,37.5,26.9,7,18709.0,40.6,4,2,1.8,39.8,1,0,0,1,150.0
1.7,30055.0,Hatchback,Hybrid,98.8,2278.0,30.9,12.78,78.9,65.1,30.0,1,3269.0,39.4,4,4,3.7,61.9,0,0,0,0,3403.0
4.0,73647.0,SUV,Petrol,94.0,2366.0,52.8,12.9,88.9,65.7,32.9,6,1150.0,50.0,10,5,7.1,76.5,0,0,1,0,4155.0
2.6,51080.0,SUV,Diesel,101.3,2396.0,58.4,12.62,86.9,11.9,34.8,3,1446.0,41.5,2,3,4.6,79.3,0,0,0,0,8309.0
1.8,26502.0,Sedan,Petrol,87.8,2635.0,29.3,12.19,76.5,31.5,31.3,1,3675.0,69.8,1,0,3.5,69.8,0,0,0,0,5948.0
1.5,8719.0,Hatchback,Electric,57.9,2844.0,43.9,11.58,100.0,26.3,29.8,1,12623.0,59.3,2,1,4.5,54.9,0,1,0,0,150.0
2.3,25169.0,Truck,Petrol,93.5,2039.0,65.2,11.85,79.1,42.3,32.8,3,3158.0,51.8,2,4,3.9,63.9,0,1,0,0,5439.0
5.5,60165.0,Sedan,Diesel,89.4,2097.0,44.5,12.11,49.3,27.8,30.6,5,9026.0,39.7,4,3,1.8,57.3,0,0,1,1,1847.0
4.9,78783.0,Truck,Petrol,86.6,2888.0,48.5,12.8,84.2,75.9,27.8,6,2638.0,71.6,6,4,2.7,56.7,1,0,1,1,2097.0
2.0,28007.0,SUV,Petrol,100.2,2406.0,53.2,12.89,68.8,54.5,31.6,5,4235.0,53.4,1,0,1.2,59.6,0,0,0,0,4301.0
3.0,28584.0,Sedan,Diesel,96.0,2680.0,44.6,12.28,95.4,54.4,34.6,3,2237.0,48.5,7,6,4.0,70.7,0,0,1,0,4853.0
6.2,108536.0,SUV,Hybrid,93.7,2467.0,57.6,12.57,43.1,44.3,29.8,10,8991.0,50.1,3,4,6.0,53.1,1,0,0,0,1757.0
3.1,59377.0,SUV,Diesel,91.7,2539.0,71.5,11.93,39.1,41.3,29.7,5,10445.0,48.9,3,2,6.5,45.4,0,1,0,0,349.0
7.7,149011.0,Sedan,Electric,68.8,2258.0,25.7,12.65,100.0,25.2,33.3,14,4404.0,63.8,3,2,2.6,76.7,0,0,0,0,5783.0
11.3,117684.0,Hatchback,Diesel,94.0,3318.0,43.7,11.35,45.2,47.2,33.6,10,8589.0,67.8,4,4,1.7,33.1,0,1,0,1,1119.0
2.3,33885.0,Hatchback,Diesel,97.3,2552.0,36.4,12.68,76.2,66.2,33.9,2,2912.0,39.0,7,4,4.2,64.8,0,0,1,1,3400.0
2.5,16622.0,Truck,Petrol,88.7,2609.0,40.3,12.63,80.4,52.7,34.4,1,4400.0,42.9,5,4,1.1,70.2,0,0,1,0,5217.0
8.3,180977.0,SUV,Hybrid,91.9,2147.0,38.5,12.35,12.3,15.7,27.5,14,13959.0,43.6,3,2,1.0,45.2,1,1,1,1,150.0
3.0,38678.0,SUV,Petrol,90.0,2826.0,71.3,12.0,88.7,84.7,33.1,4,710.0,56.5,10,11,4.8,58.9,0,0,1,1,1396.0
6.4,84090.0,Truck,Hybrid,87.3,2855.0,37.6,12.07,71.6,76.8,32.0,7,4368.0,66.0,4,3,3.4,48.3,0,1,1,0,1781.0
4.2,49291.0,SUV,Electric,66.7,2151.0,56.4,12.74,100.0,21.0,35.5,5,769.0,32.8,3,1,4.3,81.8,0,0,0,0,9257.0
3.3,55650.0,Sedan,Electric,80.2,2361.0,40.4,12.58,100.0,20.1,30.0,5,4080.0,37.4,2,1,1.1,84.1,0,0,0,0,6684.0
5.3,79918.0,SUV,Diesel,111.1,2307.0,44.1,10.8,66.8,68.5,30.8,5,5186.0,47.2,3,3,8.7,8.0,1,1,0,0,417.0
8.4,66304.0,Hatchback,Diesel,91.6,2224.0,48.8,11.44,33.2,26.2,32.7,6,9560.0,59.5,3,1,1.0,40.3,0,1,0,0,746.0
7.0,130232.0,SUV,Hybrid,94.4,2813.0,42.6,11.88,78.0,72.7,33.2,11,2774.0,38.8,6,6,7.0,52.2,0,1,1,0,2067.0
3.6,58551.0,Sedan,Petrol,96.1,2315.0,34.6,11.95,46.0,22.7,28.4,5,10305.0,46.6,5,4,7.1,46.4,0,0,0,0,872.0
4.2,80108.0,Truck,Diesel,102.1,2530.0,38.9,12.15,92.5,60.4,37.6,7,789.0,41.9,0,0,5.7,51.5,0,0,0,0,3102.0
6.5,132179.0,Sedan,Petrol,108.0,2657.0,52.8,12.23,80.1,71.4,30.0,11,2087.0,62.6,7,7,4.5,39.7,1,1,1,1,1670.0
4.4,60576.0,Sedan,Diesel,89.0,2411.0,53.0,10.8,66.6,29.4,31.1,6,6435.0,50.5,2,1,4.1,39.4,0,1,0,0,2363.0
9.0,156721.0,Sedan,Petrol,95.9,2340.0,43.4,12.47,85.5,46.9,36.1,13,450.0,41.8,5,3,1.4,61.6,0,1,0,0,5373.0
0.7,12185.0,Sedan,Petrol,90.2,2398.0,72.5,12.27,68.2,31.8,35.0,1,7058.0,35.5,6,5,1.7,71.6,0,0,0,0,3778.0
2.4,35729.0,Truck,Petrol,88.7,2682.0,59.7,12.43,54.6,87.6,32.2,2,8650.0,46.5,6,3,2.4,50.5,0,0,1,1,1136.0
5.1,100842.0,SUV,Petrol,94.0,2833.0,60.4,12.49,31.6,33.2,29.4,8,12401.0,48.3,2,1,3.4,53.6,0,0,0,0,225.0
2.8,33313.0,Sedan,Diesel,97.2,2564.0,50.9,13.07,35.5,56.7,32.3,3,9760.0,63.9,4,1,2.5,48.0,0,0,0,0,1148.0
8.5,131913.0,Hatchback,Petrol,104.3,2761.0,32.3,12.39,5.0,69.8,26.3,11,18086.0,66.3,3,3,2.8,8.0,1,1,1,1,150.0
2.5,31847.0,Hatchback,Diesel,92.8,2337.0,46.1,12.34,75.3,49.3,27.9,1,5314.0,35.4,2,4,1.4,63.5,0,0,0,0,4434.0
4.0,48896.0,Hatchback,Petrol,93.3,2791.0,29.6,12.03,47.5,14.9,31.1,4,9228.0,65.8,3,4,7.6,60.7,0,0,0,1,1445.0
2.3,22556.0,Sedan,Diesel,87.7,2545.0,25.4,12.01,49.8,41.6,29.1,4,11249.0,62.0,4,4,3.8,46.1,0,0,0,0,150.0
3.5,59993.0,SUV,Diesel,85.8,2211.0,67.5,12.05,60.6,22.3,30.7,5,6942.0,44.6,2,3,8.7,67.7,0,1,0,0,3544.0
1.1,19829.0,Coupe,Diesel,85.9,2677.0,28.6,12.45,5.0,37.8,24.9,3,17721.0,62.6,3,1,1.1,30.6,1,0,0,1,150.0
1.4,26341.0,Truck,Diesel,96.6,2482.0,56.6,12.91,73.3,55.7,31.7,1,4566.0,40.9,3,3,1.2,69.7,0,0,0,0,5191.0
10.9,80779.0,Sedan,Petrol,89.6,2911.0,60.0,12.03,95.1,58.0,33.3,8,2058.0,57.7,2,3,5.9,60.6,0,1,0,0,4181.0
3.8,55076.0,Sedan,Hybrid,89.0,2979.0,18.7,12.19,93.5,31.2,37.2,4,2401.0,86.0,4,3,2.4,72.9,0,0,0,0,7251.0
3.0,34331.0,SUV,Petrol,92.8,2766.0,65.4,12.46,74.0,69.3,30.2,3,3289.0,55.2,2,7,6.4,60.4,0,0,1,0,3072.0
1.7,29018.0,Hatchback,Diesel,96.7,2541.0,38.5,13.05,43.6,42.1,31.5,1,9071.0,47.2,1,1,5.4,58.2,0,0,0,0,1930.0
1.9,44996.0,SUV,Diesel,110.6,2539.0,52.8,12.2,75.3,77.9,30.2,4,5687.0,33.6,3,2,2.9,27.6,1,0,1,1,1104.0
10.2,63567.0,SUV,Petrol,83.9,2578.0,55.9,12.27,5.0,44.4,20.8,6,18133.0,53.1,4,4,1.5,14.0,1,1,0,1,150.0
3.9,61395.0,Sedan,Diesel,97.4,2038.0,39.8,12.25,14.6,27.7,26.4,4,15269.0,66.0,1,2,1.6,36.2,1,0,0,0,203.0
6.9,148669.0,Truck,Diesel,108.0,2223.0,61.5,11.62,66.9,29.8,36.2,12,4375.0,42.1,3,4,2.0,25.4,1,1,0,0,2082.0
0.5,5261.0,Hatchback,Petrol,100.6,2828.0,26.2,12.75,82.7,12.1,30.1,1,3676.0,59.6,3,1,3.3,70.1,0,0,0,0,5808.0
2.6,42400.0,SUV,Petrol,89.7,2851.0,58.8,12.92,5.0,75.9,25.8,5,23292.0,48.3,2,1,4.6,20.6,1,0,1,0,150.0
9.4,155519.0,Truck,Petrol,102.3,2825.0,40.9,11.31,61.0,42.1,37.0,13,4667.0,46.4,5,3,1.5,19.7,0,1,0,0,1540.0
2.7,19379.0,Coupe,Electric,63.0,2397.0,63.2,12.83,100.0,22.8,27.7,1,24000.0,58.9,1,0,1.7,62.7,0,0,0,0,263.0
1.9,28716.0,Sedan,Diesel,95.6,2159.0,39.1,12.61,89.7,44.2,33.2,3,2156.0,25.5,1,3,1.6,80.0,0,0,0,0,6972.0
4.8,56466.0,SUV,Petrol,94.2,2847.0,59.0,10.8,32.5,39.8,28.5,5,14777.0,49.3,7,6,10.0,8.0,1,1,0,1,150.0
1.3,31353.0,Sedan,Petrol,112.7,2830.0,60.8,12.43,90.0,54.3,35.9,2,2440.0,65.8,2,2,2.2,43.5,1,0,0,1,3264.0
1.1,12090.0,Truck,Diesel,93.0,1951.0,45.9,13.32,69.2,40.4,30.7,2,7095.0,49.4,4,4,4.0,66.8,0,0,1,1,3256.0
8.5,100238.0,SUV,Hybrid,88.5,2526.0,53.5,11.02,5.0,25.7,27.1,9,24000.0,52.1,1,2,5.6,8.0,1,1,1,0,166.0
2.3,38111.0,SUV,Petrol,89.7,2388.0,35.1,12.34,72.9,62.3,29.1,2,5937.0,50.1,2,0,1.7,57.4,0,0,0,0,3301.0
5.3,84508.0,Truck,Petrol,91.5,2593.0,42.8,12.21,39.3,71.9,28.0,9,11846.0,78.8,3,3,4.4,36.2,1,0,0,1,285.0
10.4,181553.0,SUV,Hybrid,90.4,2384.0,35.7,11.94,77.0,20.1,34.2,15,2259.0,57.4,3,1,4.4,63.2,0,1,0,1,6447.0
3.8,72802.0,Hatchback,Petrol,91.5,2275.0,47.6,11.9,69.0,48.0,28.5,5,5802.0,34.1,5,0,1.5,50.7,0,1,0,1,3128.0
5.2,57814.0,SUV,Petrol,85.0,2269.0,59.6,11.52,71.2,33.4,29.1,7,4486.0,39.9,1,1,2.2,45.4,0,1,0,0,3378.0
1.1,19381.0,Sedan,Electric,60.9,2673.0,32.8,12.23,100.0,31.8,32.6,3,3446.0,53.3,3,0,4.4,82.6,0,0,1,0,6944.0
2.1,40278.0,Truck,Diesel,87.2,3390.0,51.5,12.34,97.8,83.7,29.9,3,812.0,69.6,7,7,2.8,63.9,0,0,1,0,1719.0
9.3,104536.0,Truck,Petrol,83.1,2952.0,66.8,12.34,46.2,42.5,29.9,9,9226.0,61.3,3,4,6.0,53.3,0,1,0,0,1349.0
3.0,41717.0,Sedan,Petrol,88.6,2883.0,41.1,12.29,5.0,60.9,21.6,3,24000.0,65.9,2,4,1.2,8.0,1,0,1,1,150.0
1.5,25962.0,Hatchback,Petrol,90.6,2467.0,32.4,12.53,62.6,49.2,29.6,2,6739.0,36.2,5,6,6.4,65.5,1,0,0,1,3335.0
5.1,65513.0,Hatchback,Petrol,99.6,2729.0,50.9,11.92,92.5,35.1,35.7,5,918.0,60.8,1,0,2.9,62.1,0,1,0,0,6629.0
7.8,159333.0,Sedan,Hybrid,107.8,2190.0,37.1,11.61,49.6,40.8,30.6,12,7520.0,41.7,2,1,2.6,19.3,1,1,0,0,835.0
2.7,29463.0,Coupe,Petrol,92.3,2402.0,48.5,12.55,5.0,54.2,21.9,1,24000.0,50.3,3,3,4.7,13.5,1,0,0,1,150.0
5.1,77142.0,Sedan,Diesel,92.8,2304.0,39.7,12.56,43.8,50.3,30.0,8,9435.0,63.9,3,1,2.7,51.5,0,0,0,0,1227.0
6.3,67398.0,Sedan,Electric,67.7,2075.0,65.3,12.62,100.0,36.0,34.0,3,3978.0,44.0,2,3,3.4,76.9,0,0,0,0,6375.0
3.3,42170.0,Sedan,Petrol,91.1,2772.0,40.3,12.83,5.0,78.1,26.2,5,24000.0,31.8,10,6,5.3,18.2,1,0,1,1,150.0
3.0,67417.0,Hatchback,Petrol,103.3,2654.0,17.9,12.88,10.0,42.3,30.3,6,16116.0,46.8,6,5,3.9,29.7,1,0,0,0,150.0
10.2,208014.0,Truck,Diesel,91.8,2667.0,50.9,12.35,37.6,52.0,29.7,16,10152.0,53.7,3,2,5.7,47.7,0,1,0,0,1043.0
1.6,26610.0,Sedan,Electric,61.0,2553.0,42.0,12.28,100.0,38.8,26.3,2,17787.0,61.6,2,1,2.5,56.5,0,0,0,1,150.0
4.1,72812.0,SUV,Hybrid,111.2,2838.0,59.1,12.47,42.6,55.1,30.5,6,10032.0,39.6,2,2,4.0,22.3,1,0,0,0,282.0
3.5,53821.0,SUV,Petrol,88.1,2860.0,63.3,12.29,5.0,24.8,26.8,5,24000.0,44.2,5,2,7.8,29.4,1,0,1,0,241.0
3.5,44357.0,Sedan,Diesel,93.4,2681.0,35.0,12.32,41.1,78.2,29.6,3,9632.0,55.0,8,5,1.0,41.6,0,0,1,1,954.0
6.1,133393.0,Hatchback,Diesel,101.6,2598.0,58.4,12.42,91.1,70.8,34.4,11,1443.0,59.6,3,2,4.1,55.2,0,0,1,0,2453.0
5.3,98746.0,Hatchback,Electric,73.6,2403.0,49.6,12.76,100.0,18.9,32.6,9,1080.0,54.8,2,0,5.1,86.9,0,0,0,0,9486.0
4.5,63478.0,SUV,Petrol,98.5,2165.0,54.4,12.62,90.2,38.0,30.1,4,2237.0,49.9,1,1,7.3,69.6,0,0,0,0,6813.0
1.1,17508.0,Coupe,Diesel,84.2,2467.0,34.5,12.5,100.0,44.6,32.3,1,1361.0,41.6,8,6,4.0,84.0,0,0,0,1,7627.0
2.0,25986.0,SUV,Hybrid,89.4,2539.0,75.9,12.5,68.0,52.1,31.8,2,5804.0,64.4,1,1,4.4,64.6,0,0,0,0,3947.0
3.2,45304.0,Coupe,Petrol,92.4,2299.0,50.8,12.54,51.9,20.3,30.6,2,7426.0,69.0,8,5,2.0,65.8,0,0,0,1,2907.0
4.0,55868.0,Truck,Diesel,89.1,2026.0,50.9,11.71,86.2,32.3,30.6,3,1268.0,43.8,3,6,6.6,68.9,0,1,0,0,7627.0
9.2,168799.0,SUV,Petrol,92.1,2374.0,69.6,12.03,84.2,55.9,32.0,14,446.0,45.4,1,1,4.7,63.9,0,1,0,0,4664.0
3.9,56502.0,Sedan,Petrol,86.1,2882.0,43.0,12.43,53.0,19.7,27.9,4,8164.0,61.6,1,3,2.0,63.4,0,0,0,0,2453.0
5.9,58175.0,Hatchback,Petrol,84.1,2349.0,57.7,12.22,87.4,36.3,33.4,4,734.0,54.3,3,2,1.8,72.8,0,0,0,0,7454.0
3.6,35632.0,SUV,Electric,65.7,3139.0,45.1,12.45,100.0,74.8,32.2,5,8705.0,60.1,4,4,2.7,64.0,0,0,1,1,2322.0
5.6,93420.0,Sedan,Petrol,92.1,2669.0,40.4,12.67,98.9,14.7,33.8,9,875.0,55.8,3,6,3.3,87.8,0,0,0,1,9702.0
3.8,32716.0,Sedan,Diesel,90.8,2501.0,58.6,12.57,5.0,69.0,22.0,4,21897.0,57.3,6,5,3.1,14.3,1,0,1,1,150.0
1.8,23028.0,SUV,Diesel,108.1,2090.0,45.6,12.29,95.7,47.4,32.8,1,2266.0,46.3,2,2,3.1,59.1,1,0,0,0,5040.0
5.2,69223.0,SUV,Petrol,85.8,2214.0,50.6,12.33,85.6,47.7,30.5,6,854.0,25.0,2,2,2.7,69.3,0,0,0,0,5573.0
4.9,50512.0,Truck,Diesel,89.2,2089.0,21.5,12.34,65.0,27.9,27.1,5,6724.0,54.7,7,3,3.1,62.5,0,0,1,1,2927.0
1.3,19184.0,Hatchback,Diesel,91.2,2668.0,48.5,12.27,62.1,40.5,35.1,2,8736.0,61.7,7,7,5.8,67.6,0,0,1,0,2089.0
3.6,53970.0,Sedan,Hybrid,87.6,2798.0,57.5,12.16,5.0,23.9,28.7,5,17163.0,56.0,6,7,4.7,39.9,1,0,0,0,150.0
3.6,49303.0,Truck,Diesel,92.1,2220.0,45.7,11.97,29.8,29.6,26.7,3,11757.0,41.6,3,6,1.0,36.6,1,0,1,1,200.0
2.5,55210.0,Sedan,Diesel,90.4,2241.0,44.2,12.39,86.2,5.0,32.7,4,2550.0,43.9,1,1,6.2,89.5,0,0,0,0,8355.0
1.7,8735.0,Hatchback,Petrol,93.4,2933.0,33.1,12.87,93.5,10.5,33.3,1,1851.0,86.4,0,2,4.0,90.8,0,0,0,0,9158.0
4.3,53457.0,Hatchback,Electric,67.9,2268.0,21.5,12.72,100.0,17.9,31.1,5,2770.0,56.9,5,2,1.5,86.5,0,0,0,0,7736.0
8.7,110312.0,SUV,Petrol,84.1,2398.0,50.5,11.14,83.6,48.3,33.3,10,2197.0,25.0,6,3,3.4,42.5,0,1,0,0,3516.0
5.5,51865.0,Truck,Hybrid,112.0,2698.0,47.5,12.94,61.5,29.5,31.2,5,8675.0,44.0,4,3,2.0,43.5,1,1,0,0,1357.0
1.2,31175.0,Sedan,Petrol,82.8,2360.0,43.5,12.48,56.9,43.8,26.7,2,8198.0,49.0,2,5,2.0,52.1,0,0,0,1,1817.0
8.3,178361.0,SUV,Electric,64.0,2346.0,51.5,12.07,100.0,81.5,25.9,15,5736.0,34.7,6,4,2.7,41.2,1,1,1,1,1259.0
7.6,79924.0,Hatchback,Diesel,91.2,2461.0,55.6,11.53,85.7,50.9,30.4,8,872.0,50.2,2,2,6.2,50.3,0,1,0,0,3856.0
2.6,44061.0,SUV,Hybrid,92.7,2698.0,50.1,11.76,5.0,89.4,24.7,5,20325.0,45.1,6,6,1.0,8.0,1,1,1,1,150.0
1.3,21741.0,SUV,Petrol,90.4,2427.0,51.2,12.18,83.1,35.5,33.5,3,3198.0,54.7,2,1,2.2,76.0,0,0,0,0,6716.0
2.7,53154.0,SUV,Petrol,89.3,2195.0,54.9,12.94,42.1,23.6,32.4,2,11350.0,48.0,1,0,4.9,61.9,0,0,0,0,705.0
2.8,41997.0,Hatchback,Diesel,91.2,2267.0,41.4,11.99,33.1,85.1,30.7,5,10772.0,42.2,11,5,10.0,34.6,0,0,1,0,566.0
1.3,14221.0,Sedan,Hybrid,93.6,2847.0,36.4,12.94,83.4,52.5,30.4,1,2689.0,47.3,12,6,10.0,73.3,0,0,1,0,5791.0
4.2,73553.0,Sedan,Petrol,86.9,2557.0,41.0,12.44,92.7,54.5,31.5,7,2255.0,63.9,5,3,2.7,73.5,0,0,0,0,5096.0
2.2,43471.0,Truck,Electric,64.9,2466.0,62.3,12.05,100.0,85.4,28.2,3,5380.0,52.9,4,5,1.3,49.0,0,0,1,1,1119.0
1.5,16052.0,Hatchback,Hybrid,88.0,2920.0,53.6,10.9,80.1,46.0,31.6,1,3278.0,49.0,9,6,4.2,40.4,0,1,0,0,3254.0
3.1,32090.0,Sedan,Petrol,96.8,2744.0,16.6,12.55,10.0,45.9,27.5,2,16808.0,56.9,2,5,4.7,37.2,1,0,0,1,150.0
8.6,97521.0,Sedan,Hybrid,93.0,2303.0,46.5,11.86,11.7,10.8,32.6,9,16242.0,52.0,3,3,5.9,39.1,1,1,0,0,150.0
6.2,44071.0,Sedan,Diesel,93.8,2234.0,30.7,11.59,46.1,72.2,28.4,4,10002.0,36.5,3,1,4.2,25.2,0,0,1,0,231.0
4.8,82738.0,Sedan,Diesel,97.9,2387.0,53.5,11.85,100.0,61.0,34.8,6,538.0,61.6,3,2,1.2,52.8,0,1,0,1,3406.0
2.6,30083.0,SUV,Petrol,94.6,2114.0,64.8,12.74,27.0,63.8,29.7,1,12550.0,43.3,4,2,1.0,42.3,0,0,0,1,199.0
1.3,26844.0,Truck,Diesel,92.1,2365.0,65.5,12.09,62.0,63.6,27.8,1,7333.0,47.2,4,3,6.5,40.8,0,0,0,0,2140.0
1.7,22330.0,Truck,Diesel,97.7,2208.0,46.6,11.84,75.8,49.0,31.0,1,5227.0,30.8,3,2,5.5,51.6,0,0,0,0,3524.0
5.9,58309.0,SUV,Petrol,87.6,2453.0,36.1,12.71,69.3,30.3,29.5,7,3617.0,63.5,2,1,1.6,70.5,0,0,0,0,6061.0
2.2,43981.0,SUV,Diesel,111.8,2895.0,72.9,11.98,55.8,94.4,34.9,4,6629.0,53.7,9,7,1.5,8.1,1,0,1,1,211.0
4.0,59034.0,Hatchback,Diesel,96.1,2770.0,54.4,12.41,84.5,27.7,33.5,6,2323.0,56.0,4,3,9.0,80.7,0,1,0,0,7614.0
4.8,48434.0,SUV,Diesel,82.7,2969.0,38.4,12.5,72.0,53.2,28.4,4,5975.0,63.4,13,13,6.0,64.3,0,0,1,1,3936.0
1.1,20909.0,Coupe,Petrol,88.3,2743.0,58.5,12.32,62.9,56.7,33.0,1,7242.0,63.5,7,5,2.7,66.3,0,0,0,0,3169.0
3.7,37178.0,SUV,Hybrid,94.7,2322.0,58.7,12.05,53.3,77.1,33.4,4,7736.0,42.1,6,3,1.8,47.8,0,0,1,1,1797.0
4.6,62910.0,Sedan,Diesel,91.9,2224.0,40.4,11.69,74.2,24.7,35.2,6,3950.0,52.2,0,1,2.6,59.6,0,0,0,0,5012.0
9.9,96833.0,Truck,Petrol,93.6,2539.0,43.7,12.28,96.9,28.0,34.1,8,871.0,50.8,2,2,2.2,78.2,0,1,0,0,8701.0
4.0,45781.0,Sedan,Petrol,83.8,2014.0,51.8,13.21,79.3,13.1,31.9,4,3921.0,49.5,3,2,4.7,83.4,0,0,0,1,6455.0
5.8,116343.0,Truck,Diesel,88.1,2229.0,49.7,11.9,11.1,69.4,28.7,12,15461.0,40.7,9,4,3.8,16.1,1,1,1,0,150.0
2.7,35282.0,Sedan,Hybrid,94.1,2418.0,33.2,12.08,69.0,49.3,31.6,3,5406.0,72.0,1,1,2.0,62.5,0,0,0,0,4115.0
6.6,76676.0,Sedan,Petrol,87.9,2594.0,16.4,12.54,91.0,57.0,34.0,5,659.0,66.2,6,5,5.0,73.9,0,1,0,0,4985.0
1.5,26031.0,Hatchback,Diesel,94.8,2407.0,32.3,11.63,77.7,43.2,29.5,2,3444.0,58.2,3,4,1.9,52.0,0,0,0,0,4244.0
4.9,62252.0,Sedan,Petrol,114.1,2293.0,26.9,12.06,67.1,30.4,33.6,4,6617.0,71.0,3,1,2.1,30.3,1,1,0,0,1500.0
4.1,86586.0,Hatchback,Diesel,86.8,2655.0,17.1,12.45,78.3,63.4,31.6,7,2537.0,58.6,5,5,2.8,68.9,0,1,0,0,4171.0
7.3,139425.0,Sedan,Electric,76.8,2326.0,57.5,11.94,100.0,18.0,35.1,13,1751.0,47.8,3,1,6.1,71.5,0,1,0,1,7372.0
4.8,68677.0,SUV,Hybrid,94.5,2441.0,52.1,12.52,57.6,51.5,30.3,6,6007.0,46.1,0,2,1.9,58.5,0,0,0,0,3510.0
3.2,35584.0,Truck,Petrol,92.9,2638.0,36.5,12.56,60.0,65.1,32.7,2,6479.0,57.4,1,2,5.4,60.5,0,0,0,0,3363.0
6.6,46183.0,SUV,Diesel,93.6,2339.0,41.2,12.3,91.8,15.7,35.2,5,4394.0,32.7,0,1,9.0,78.5,0,1,0,0,6003.0
4.8,49162.0,Sedan,Petrol,84.6,2593.0,35.0,12.08,98.5,31.2,34.0,5,1031.0,64.1,11,5,2.3,74.4,0,0,1,0,8302.0
1.9,13214.0,Sedan,Petrol,100.5,2346.0,34.0,12.32,43.1,24.4,31.8,1,9122.0,29.2,4,4,5.7,48.5,0,0,0,0,1378.0
3.4,59131.0,Sedan,Hybrid,102.8,2633.0,49.2,12.43,50.3,26.9,31.6,6,9564.0,67.4,3,2,6.5,53.2,0,0,1,0,1047.0
1.7,31816.0,Sedan,Hybrid,97.2,2661.0,38.0,11.74,85.2,48.7,30.7,2,3623.0,59.0,4,4,10.0,49.5,0,0,0,0,4106.0
4.6,59219.0,Truck,Petrol,112.2,2727.0,54.8,12.85,98.4,50.7,30.0,6,458.0,79.3,7,2,4.3,42.4,0,0,0,0,3402.0
4.9,82086.0,Hatchback,Electric,55.6,2388.0,37.2,12.59,100.0,67.6,35.3,8,6995.0,54.5,2,3,2.9,66.2,0,0,1,0,3371.0
9.0,91600.0,Hatchback,Diesel,90.0,2788.0,57.6,12.03,5.0,9.7,25.5,8,24000.0,61.2,6,7,7.8,23.2,1,1,0,1,180.0
3.3,21665.0,Truck,Petrol,94.6,2513.0,70.1,12.6,80.2,50.2,34.6,3,4737.0,61.8,3,2,5.0,67.1,0,0,0,0,4761.0
3.0,44346.0,Truck,Diesel,95.8,2530.0,53.6,12.64,54.1,91.8,33.5,4,7964.0,39.6,4,4,4.8,48.0,0,0,1,1,728.0
1.2,11547.0,Truck,Diesel,88.9,2616.0,43.0,12.27,63.6,35.5,29.1,1,5271.0,37.1,4,3,4.4,68.7,0,0,1,0,4869.0
3.3,59009.0,Sedan,Diesel,91.4,2167.0,39.1,12.61,82.1,32.3,29.3,4,2163.0,38.9,2,3,9.3,73.3,0,0,0,0,7150.0
3.1,65249.0,Hatchback,Diesel,96.5,2329.0,15.0,12.33,70.4,41.2,32.9,6,3104.0,51.5,2,1,2.2,72.4,0,0,0,0,6470.0
3.9,47066.0,Truck,Diesel,106.0,3227.0,59.8,12.48,5.0,25.9,25.5,3,21415.0,51.9,7,5,5.7,14.6,1,0,1,1,150.0
3.0,49144.0,SUV,Petrol,91.9,2200.0,39.7,12.77,68.7,24.3,28.7,4,6279.0,52.5,8,5,4.4,71.0,0,0,0,1,3886.0
3.0,49048.0,Sedan,Hybrid,97.0,2149.0,36.1,12.78,87.4,10.0,26.5,5,1753.0,58.9,1,1,6.8,71.4,0,0,0,1,7494.0
3.9,56736.0,SUV,Diesel,96.4,2652.0,59.3,12.08,100.0,33.6,34.4,5,732.0,41.6,2,2,2.1,73.8,0,0,0,0,7824.0
3.5,48233.0,SUV,Petrol,94.7,3178.0,47.6,12.01,87.9,16.4,32.1,4,756.0,63.7,2,3,1.3,81.9,0,0,0,0,9135.0
3.0,40810.0,Hatchback,Hybrid,87.2,2949.0,34.3,13.04,63.3,76.1,36.6,2,4913.0,58.0,4,2,9.2,53.7,0,0,1,0,2163.0
3.0,39232.0,SUV,Electric,55.3,2903.0,57.5,13.04,100.0,85.8,34.4,4,1121.0,74.1,5,3,1.0,68.5,0,0,1,1,1732.0
10.6,213258.0,SUV,Electric,67.3,2523.0,47.7,12.35,100.0,73.5,29.9,17,12020.0,58.0,2,3,2.0,50.4,0,1,1,0,150.0
2.9,45948.0,Coupe,Petrol,89.4,2478.0,51.5,12.32,76.2,9.2,32.1,5,3124.0,51.0,3,3,1.0,79.4,0,0,0,0,7025.0
3.2,68273.0,Sedan,Petrol,92.4,2975.0,48.9,12.31,73.1,34.7,29.3,6,3550.0,82.1,1,2,6.1,65.3,0,0,0,1,5395.0
1.0,14636.0,SUV,Diesel,91.1,2823.0,62.0,12.16,84.2,42.8,35.5,2,3143.0,50.8,4,4,1.6,70.5,0,0,0,0,6168.0
6.6,39816.0,Sedan,Petrol,90.9,2742.0,32.8,12.34,60.9,68.1,34.0,3,5377.0,56.1,2,3,4.1,59.0,0,0,0,0,2877.0
0.6,5000.0,Truck,Electric,60.1,2173.0,62.1,12.48,100.0,29.0,25.7,1,24000.0,58.1,4,4,1.6,56.6,0,0,0,1,150.0
1.9,20371.0,Hatchback,Petrol,88.0,2466.0,32.3,12.43,24.6,41.5,22.8,1,15153.0,65.0,4,4,1.3,33.8,1,0,1,1,150.0
5.1,45206.0,Sedan,Petrol,89.7,2688.0,40.2,11.93,84.0,5.0,34.5,1,2114.0,53.2,4,4,8.8,77.5,0,0,0,1,7732.0
0.9,14001.0,Hatchback,Petrol,101.2,2677.0,15.0,12.84,14.0,34.4,20.0,1,15207.0,90.7,4,3,5.0,16.3,1,0,0,1,155.0
2.4,28894.0,Sedan,Petrol,94.3,1897.0,52.7,12.6,68.7,44.3,27.9,1,6074.0,44.0,2,1,2.5,61.5,0,0,0,0,3512.0
3.6,64283.0,Hatchback,Hybrid,91.6,3253.0,65.1,12.55,48.0,50.6,31.4,5,8941.0,72.9,8,8,3.5,64.6,0,0,0,0,2036.0
3.4,71089.0,Truck,Diesel,85.5,2422.0,57.9,11.78,68.0,55.4,30.3,6,5179.0,31.5,6,4,1.3,56.4,1,1,0,1,4115.0
2.3,27067.0,Hatchback,Petrol,87.5,2736.0,20.6,11.92,64.0,51.8,33.2,2,7430.0,38.2,2,2,10.0,59.6,0,0,0,0,2719.0
5.8,78752.0,Sedan,Petrol,91.3,2405.0,35.4,11.91,77.9,55.7,30.8,7,3632.0,30.2,3,0,1.9,55.8,0,1,0,0,3901.0
6.0,110420.0,Coupe,Diesel,96.9,2112.0,38.9,11.67,77.5,35.0,30.9,8,2554.0,39.0,3,0,5.4,55.5,0,1,0,0,5247.0
5.2,66888.0,Truck,Petrol,109.7,2346.0,54.6,12.15,65.7,51.3,28.8,7,4949.0,29.1,4,3,1.1,23.6,1,0,0,0,1733.0
2.7,37844.0,Sedan,Diesel,92.4,2289.0,69.3,12.07,78.3,59.0,28.2,3,4593.0,53.5,4,1,3.8,52.8,0,0,0,1,3534.0
4.0,61430.0,Hatchback,Diesel,95.9,1916.0,35.9,12.61,71.8,21.6,34.9,3,3671.0,39.5,1,1,4.5,73.8,0,0,0,0,6225.0
2.5,38427.0,Sedan,Diesel,87.6,3112.0,33.5,12.33,43.2,54.8,31.8,3,10512.0,73.2,3,3,3.2,51.1,0,0,0,1,964.0
12.6,158585.0,Hatchback,Electric,66.1,2594.0,42.4,12.13,100.0,40.0,30.1,13,8612.0,59.0,2,3,5.3,58.2,0,1,0,0,1937.0
4.5,61477.0,Sedan,Electric,59.0,3132.0,42.7,12.0,100.0,41.0,29.5,6,2600.0,52.9,5,8,2.6,64.9,0,1,1,0,6221.0
2.7,26832.0,Truck,Electric,61.9,2721.0,47.0,12.42,100.0,61.0,31.1,1,1829.0,55.7,5,5,2.0,75.0,0,0,0,0,4723.0
11.3,179676.0,SUV,Petrol,98.2,2647.0,31.7,12.53,93.8,83.3,29.3,13,431.0,61.0,3,1,3.3,50.3,0,1,1,0,1420.0
2.9,37613.0,Sedan,Petrol,87.9,3219.0,54.8,12.86,5.0,73.5,25.3,4,24000.0,68.7,11,10,1.3,13.5,1,0,1,1,150.0
4.4,79918.0,Sedan,Petrol,91.5,2474.0,30.8,12.08,63.3,57.7,34.2,7,3218.0,45.0,3,4,1.4,58.0,1,1,0,1,3929.0
5.9,112826.0,Sedan,Hybrid,94.7,2296.0,26.7,12.2,61.0,34.5,29.0,9,6559.0,42.5,1,1,1.9,62.9,0,0,0,0,3500.0
2.6,23530.0,SUV,Electric,58.0,2599.0,43.1,12.72,100.0,46.8,26.5,3,9349.0,57.8,0,1,8.0,65.7,0,0,1,1,1493.0
2.5,40741.0,Sedan,Hybrid,90.5,3000.0,20.5,12.47,82.0,51.8,31.8,2,1898.0,74.0,0,0,3.0,72.1,0,0,0,0,5704.0
6.5,142060.0,SUV,Petrol,89.9,2456.0,62.3,12.39,58.6,24.9,28.4,13,7556.0,32.9,3,3,10.0,58.3,0,1,1,1,2463.0
5.8,65563.0,Sedan,Electric,60.4,2585.0,45.9,12.78,100.0,34.9,31.3,7,1189.0,57.6,2,2,2.9,80.7,0,0,0,0,8241.0
5.8,102239.0,Sedan,Petrol,95.7,2674.0,42.7,11.54,93.0,13.4,34.8,10,1062.0,70.1,1,3,2.0,61.8,0,1,0,0,6551.0
4.9,85576.0,Truck,Petrol,87.5,2588.0,62.1,12.13,85.1,85.8,30.2,8,2747.0,60.6,6,2,8.6,52.5,0,0,1,0,1273.0
10.5,178668.0,Sedan,Petrol,82.3,2443.0,46.4,12.53,75.6,74.1,32.2,14,2910.0,56.6,4,4,1.9,60.4,0,0,1,0,2502.0
3.8,40191.0,Hatchback,Petrol,95.7,2360.0,46.7,12.1,96.8,46.1,32.8,3,1689.0,59.6,1,2,2.8,68.5,0,0,0,0,6015.0
2.1,48071.0,Hatchback,Diesel,93.4,2712.0,60.7,12.45,67.8,5.0,32.1,4,4495.0,77.2,3,1,1.2,83.7,1,0,0,1,6700.0
1.6,24640.0,Truck,Petrol,86.2,2604.0,64.6,12.28,59.5,52.8,29.3,3,6647.0,63.1,3,1,7.1,54.3,0,0,0,0,2733.0
2.9,48517.0,SUV,Diesel,95.8,2435.0,55.7,12.01,5.0,32.8,27.9,4,17372.0,30.3,3,2,3.1,26.0,1,0,0,1,157.0
0.5,5000.0,Hatchback,Diesel,94.2,2217.0,28.4,12.49,62.6,12.3,29.4,1,8271.0,50.8,1,2,6.9,72.7,1,0,0,0,2762.0
7.9,125826.0,Sedan,Hybrid,91.5,2531.0,20.4,12.23,64.1,38.6,29.5,11,5208.0,53.2,1,2,4.5,58.4,0,1,0,1,4179.0
4.7,44154.0,Sedan,Diesel,90.1,2794.0,18.5,12.26,63.8,66.4,32.5,4,5439.0,66.4,3,2,3.1,60.2,0,0,0,1,3020.0
2.1,30318.0,Sedan,Petrol,91.0,2193.0,49.4,12.81,57.5,52.4,29.2,3,5953.0,53.2,3,0,4.1,59.9,0,0,0,0,3330.0
6.7,101680.0,Truck,Hybrid,92.3,2356.0,46.1,11.99,68.7,24.2,34.5,9,2607.0,52.2,2,1,7.6,68.5,0,1,0,0,6374.0
1.6,23549.0,Sedan,Electric,53.5,2711.0,40.6,12.61,100.0,48.8,28.6,2,9282.0,52.6,5,2,3.5,68.4,0,0,0,1,1834.0
1.9,22450.0,SUV,Petrol,96.0,2450.0,40.6,12.04,62.3,49.5,30.4,2,7290.0,55.4,3,0,2.8,56.0,0,0,0,0,2497.0
3.9,69259.0,Coupe,Diesel,93.7,2039.0,66.9,12.56,79.1,46.6,27.2,7,4759.0,50.7,2,3,1.0,58.9,0,0,0,1,4178.0
8.5,72523.0,Hatchback,Petrol,108.5,2547.0,16.4,11.95,86.4,35.0,31.0,6,1963.0,46.1,0,0,4.4,40.4,0,1,0,0,4094.0
4.7,82218.0,SUV,Petrol,98.5,2466.0,54.5,10.8,25.0,73.6,25.6,7,12736.0,49.9,3,1,3.1,8.0,1,1,1,1,150.0
0.5,8429.0,Sedan,Diesel,90.3,2254.0,36.9,12.45,92.3,17.5,34.6,2,1833.0,56.3,1,4,8.3,85.2,0,0,0,0,8607.0
1.9,35193.0,Hatchback,Hybrid,97.7,2624.0,43.8,12.55,99.2,74.0,28.8,3,1830.0,60.7,6,7,1.2,59.5,0,0,1,0,2487.0
2.2,43375.0,SUV,Petrol,92.7,3122.0,53.0,12.76,85.7,91.1,35.0,4,1429.0,90.3,6,6,4.5,61.5,0,0,1,1,806.0
4.2,73820.0,Sedan,Hybrid,94.5,2549.0,32.1,12.74,5.0,51.1,27.1,7,24000.0,33.4,4,6,1.0,24.5,1,0,1,1,160.0
1.3,17527.0,Sedan,Hybrid,90.0,2825.0,25.4,12.71,80.0,24.5,30.3,1,2225.0,60.2,3,1,2.7,81.4,0,0,0,0,7820.0
1.4,22566.0,Hatchback,Electric,60.4,2807.0,69.0,12.78,100.0,50.6,26.4,3,12785.0,72.7,10,8,7.9,61.1,0,0,0,1,150.0
3.1,43536.0,Truck,Petrol,93.4,2272.0,50.0,12.8,96.2,80.1,31.3,3,630.0,41.2,2,2,7.8,69.6,0,0,1,1,2386.0
5.4,63111.0,Hatchback,Electric,78.4,3075.0,47.7,12.4,100.0,41.8,28.4,6,8388.0,61.6,7,7,4.4,65.9,0,0,0,0,2195.0
5.6,75342.0,Hatchback,Petrol,89.0,2849.0,22.9,12.04,92.2,58.1,32.9,8,600.0,46.9,4,5,4.4,68.5,0,0,0,0,4594.0
3.9,51890.0,SUV,Diesel,91.8,2572.0,32.2,12.41,57.7,32.3,29.6,4,6762.0,44.8,8,7,5.8,61.0,0,0,0,0,3270.0
6.2,96173.0,SUV,Petrol,88.9,2257.0,45.5,12.03,86.1,19.3,32.5,9,2412.0,41.7,1,2,3.1,74.3,0,1,0,0,7362.0
13.1,206685.0,SUV,Petrol,113.6,2578.0,63.3,11.52,80.7,55.7,32.2,18,863.0,50.7,0,1,2.9,16.0,1,1,0,0,1078.0
9.2,177447.0,Sedan,Diesel,92.3,1975.0,39.9,11.4,77.4,67.2,35.4,14,2484.0,50.2,2,2,1.2,36.7,0,1,0,0,1666.0
2.7,26380.0,SUV,Petrol,85.6,2682.0,47.9,12.87,100.0,52.3,34.5,2,1264.0,62.5,2,3,3.5,77.2,0,0,0,0,5872.0
1.3,16244.0,Truck,Petrol,92.6,2310.0,59.6,12.09,92.2,32.3,30.7,2,2015.0,31.8,4,3,1.4,72.3,0,0,0,0,7237.0
2.9,42088.0,SUV,Petrol,89.0,2495.0,46.2,12.8,60.6,79.0,31.8,5,7955.0,63.9,5,1,2.5,54.0,0,0,1,0,1848.0
2.0,32134.0,Hatchback,Diesel,87.2,2771.0,56.1,12.26,34.7,51.5,27.0,3,12036.0,63.6,4,2,6.1,43.8,1,0,0,1,150.0
4.9,98486.0,SUV,Petrol,83.5,2929.0,72.2,12.47,59.0,41.1,29.2,9,4149.0,56.3,5,4,4.2,58.3,0,0,0,1,4417.0
1.6,27198.0,SUV,Hybrid,107.9,2654.0,46.7,12.77,83.2,60.4,33.0,2,3909.0,84.0,2,2,1.9,51.9,1,0,0,0,2951.0
3.5,54407.0,SUV,Petrol,106.2,2585.0,45.1,11.9,76.8,31.8,34.5,4,4429.0,69.3,4,3,2.4,44.2,1,0,0,0,3002.0
2.0,33643.0,SUV,Petrol,91.7,2687.0,54.3,12.77,73.6,68.1,33.3,1,4539.0,45.0,4,4,3.7,65.9,0,0,0,0,3171.0
3.0,49273.0,Truck,Petrol,93.6,1951.0,58.7,10.85,79.0,20.0,33.8,3,2140.0,35.3,1,2,4.8,49.7,0,1,0,0,4851.0
3.6,61906.0,Sedan,Diesel,98.4,2221.0,35.5,12.32,5.0,36.9,28.6,3,24000.0,42.4,5,1,1.7,22.7,1,0,1,1,150.0
5.3,66989.0,SUV,Petrol,96.9,3049.0,67.8,12.66,54.8,62.4,31.5,4,7573.0,43.9,9,4,7.2,52.6,0,1,0,0,2555.0
3.7,45376.0,Sedan,Petrol,95.5,2209.0,42.0,12.85,41.0,10.8,29.4,1,10059.0,26.4,3,1,3.4,60.1,0,0,0,0,1353.0
2.5,19526.0,SUV,Electric,53.5,2616.0,68.3,12.72,100.0,48.8,32.1,1,4196.0,58.9,5,4,1.7,76.2,0,0,0,0,5780.0
5.8,74667.0,SUV,Diesel,109.4,1997.0,42.5,11.37,35.4,60.6,27.7,5,9699.0,33.6,7,5,2.0,8.0,1,1,0,0,150.0
3.8,52712.0,Truck,Petrol,92.2,1952.0,46.5,12.18,56.3,28.2,30.2,4,7875.0,55.3,5,2,7.0,62.0,0,0,0,0,2492.0
2.7,36582.0,Coupe,Petrol,97.6,3027.0,47.6,12.38,32.0,57.9,31.6,3,11808.0,65.1,2,4,4.9,45.5,1,0,0,0,150.0
5.4,74234.0,SUV,Hybrid,92.4,2503.0,55.0,12.33,92.7,63.1,32.1,5,694.0,71.6,1,3,6.2,70.0,0,0,0,0,4323.0
4.2,68953.0,Truck,Petrol,92.5,2663.0,54.5,11.71,86.2,64.5,34.9,7,700.0,48.5,6,6,4.3,53.5,0,1,0,0,3048.0
5.1,75186.0,SUV,Petrol,96.2,2668.0,46.6,12.31,73.8,49.2,36.5,8,5874.0,42.0,2,1,1.0,55.2,0,0,0,0,3329.0
7.1,105727.0,SUV,Hybrid,90.4,2614.0,54.6,12.08,74.9,40.0,28.9,9,3495.0,70.7,4,2,1.7,56.6,0,1,0,0,4827.0
1.7,21779.0,Sedan,Diesel,91.0,2607.0,55.9,12.35,37.0,27.1,26.7,2,10947.0,73.1,0,1,7.1,51.3,0,0,0,0,737.0
12.6,138116.0,Sedan,Diesel,86.1,2983.0,18.7,12.4,73.5,26.5,36.7,12,1578.0,61.6,9,6,1.6,63.0,0,1,0,1,6362.0
4.8,79703.0,SUV,Petrol,89.6,2961.0,55.8,12.36,83.7,76.3,38.1,6,2275.0,42.3,7,7,3.6,50.6,0,0,1,1,1871.0
1.6,23776.0,SUV,Petrol,90.2,2595.0,53.9,13.01,76.5,49.8,29.9,1,3947.0,33.6,3,4,1.2,66.0,0,0,0,1,5396.0
7.6,140305.0,Sedan,Diesel,90.4,3159.0,28.2,11.9,20.8,13.4,27.2,11,14976.0,67.6,2,4,2.5,37.3,1,1,0,1,150.0
2.3,32106.0,Sedan,Petrol,94.7,1926.0,37.7,12.27,88.3,52.3,35.2,2,1325.0,51.1,2,2,2.6,72.0,0,0,0,0,5371.0
9.3,138999.0,Sedan,Diesel,87.5,2963.0,22.3,11.99,38.6,12.9,33.7,13,10124.0,69.4,4,5,1.5,57.4,1,1,1,1,878.0
1.8,14569.0,Coupe,Diesel,97.5,2858.0,35.0,12.43,5.0,37.1,26.1,2,24000.0,42.7,6,5,1.9,25.2,1,0,0,1,150.0
3.5,57842.0,Sedan,Petrol,83.3,2858.0,37.2,12.35,42.3,34.2,30.4,4,9414.0,67.5,4,3,3.9,60.2,0,0,0,0,1701.0
5.9,84158.0,SUV,Electric,64.1,2804.0,55.1,12.7,100.0,83.2,27.7,7,5594.0,71.7,4,4,2.3,54.9,0,0,1,1,1533.0
5.4,82802.0,Sedan,Hybrid,108.5,2392.0,66.1,12.13,62.7,67.5,30.0,7,5712.0,48.6,7,7,10.0,20.4,1,0,1,0,1187.0
4.5,63150.0,SUV,Diesel,94.3,2382.0,43.8,12.39,83.9,51.0,31.0,8,1566.0,56.3,3,2,5.1,72.5,0,0,0,0,5914.0
6.6,114256.0,Sedan,Petrol,115.7,2828.0,26.1,12.38,69.2,53.4,31.5,8,4158.0,35.7,5,5,5.4,26.1,1,0,0,0,1802.0
2.8,55140.0,Sedan,Petrol,90.7,2314.0,51.5,12.68,60.2,17.8,34.1,7,5311.0,36.1,3,2,6.3,73.8,0,0,0,0,4962.0
6.8,107975.0,SUV,Diesel,96.5,2409.0,15.0,12.42,62.8,48.1,33.0,9,4884.0,56.4,3,2,4.4,66.4,0,0,0,0,4607.0
2.4,44514.0,Sedan,Petrol,88.7,2080.0,33.0,12.58,98.2,75.3,32.2,3,1169.0,44.4,5,3,2.0,68.9,0,0,1,1,2714.0
8.7,100552.0,Sedan,Electric,83.7,2941.0,40.5,12.01,100.0,41.0,30.1,7,1470.0,55.4,8,8,5.3,60.0,0,1,0,0,5792.0
2.6,28739.0,Sedan,Petrol,99.8,2295.0,27.5,12.3,94.4,46.0,33.5,1,2286.0,54.3,2,1,2.8,70.9,0,0,0,0,6019.0
1.4,22128.0,Sedan,Diesel,92.2,2705.0,40.1,12.58,72.3,45.3,30.0,3,5192.0,61.1,3,4,1.3,63.2,0,0,0,0,4327.0
5.5,83971.0,Sedan,Petrol,95.3,3169.0,34.2,12.25,95.7,71.9,35.1,8,1538.0,59.4,6,5,4.7,54.9,0,1,1,0,2247.0
4.1,61966.0,Sedan,Diesel,93.5,3048.0,21.9,12.05,82.7,38.4,32.6,5,2525.0,64.9,7,6,4.3,66.7,1,0,0,0,6191.0
4.6,46817.0,Hatchback,Petrol,94.4,3150.0,51.8,12.2,90.1,18.4,35.0,4,3121.0,55.2,9,8,5.4,76.8,0,0,0,1,6960.0
3.0,31526.0,SUV,Petrol,83.5,2602.0,61.5,12.48,53.9,57.9,33.4,3,7594.0,56.3,3,2,3.1,62.9,0,0,0,0,2815.0
5.0,66257.0,SUV,Petrol,93.0,2737.0,42.6,12.75,91.1,43.7,34.7,4,3035.0,52.0,2,3,5.8,75.9,0,0,0,0,6559.0
8.3,65897.0,Sedan,Hybrid,91.6,3158.0,35.5,11.14,55.9,39.7,32.3,4,8175.0,66.7,5,5,1.6,36.2,0,1,0,0,1425.0
4.4,71642.0,Hatchback,Petrol,95.4,2706.0,63.5,11.31,82.6,45.4,30.8,8,1464.0,77.8,2,4,1.0,45.3,0,1,0,0,3869.0
1.2,14943.0,SUV,Electric,58.7,2631.0,59.0,12.76,100.0,35.6,30.9,2,2568.0,62.5,2,2,3.6,85.1,0,0,0,1,7778.0
3.7,34217.0,Sedan,Hybrid,96.3,2426.0,39.6,12.25,76.0,65.9,31.2,3,3976.0,59.0,4,2,2.3,59.7,0,0,0,0,3109.0
4.8,60440.0,SUV,Petrol,86.7,2281.0,72.2,12.05,79.3,42.7,31.7,4,2406.0,49.0,4,1,1.8,64.0,0,1,0,0,5770.0
9.0,131601.0,Sedan,Hybrid,111.9,2473.0,19.3,12.15,91.5,71.7,32.0,11,1721.0,55.4,4,1,2.8,31.1,1,1,1,0,1535.0
5.7,53043.0,Sedan,Petrol,103.4,2120.0,15.0,11.99,5.0,15.6,27.0,5,23714.0,46.5,2,0,4.9,16.7,1,1,1,1,150.0
2.2,21365.0,SUV,Electric,56.0,2318.0,55.6,13.23,100.0,57.8,34.5,2,7344.0,43.4,4,2,1.0,72.8,0,0,0,1,3264.0
3.6,41080.0,Hatchback,Diesel,91.5,2653.0,49.7,12.12,94.0,58.2,31.2,4,539.0,49.3,1,2,2.6,74.0,0,0,0,0,4697.0
5.8,76174.0,SUV,Petrol,97.0,2926.0,35.5,12.37,86.9,58.8,34.3,6,1745.0,77.1,7,5,8.5,58.9,0,0,1,1,4218.0
5.1,67341.0,Truck,Petrol,91.6,2351.0,38.8,11.87,64.0,43.1,32.6,6,7415.0,50.8,2,3,1.2,53.9,1,1,0,1,2405.0
5.2,96106.0,Coupe,Petrol,86.4,3028.0,49.9,12.66,78.1,15.3,30.6,7,3244.0,74.7,3,3,2.2,76.2,0,0,1,1,6748.0
1.5,31767.0,Sedan,Electric,70.7,2392.0,30.6,12.11,100.0,68.5,29.9,3,5028.0,38.4,11,8,6.9,58.4,0,0,1,1,2679.0
5.5,64580.0,Sedan,Petrol,94.2,2306.0,37.3,11.5,36.7,36.3,31.0,4,10851.0,53.9,5,3,3.0,33.1,0,1,1,0,207.0
4.3,49514.0,SUV,Diesel,88.9,2890.0,55.3,11.79,96.5,15.3,31.0,4,1200.0,62.1,1,1,3.9,73.3,0,0,0,1,7804.0
5.6,73811.0,SUV,Petrol,89.4,2945.0,66.7,12.42,56.2,66.3,33.5,7,7062.0,62.8,7,4,2.6,56.4,1,1,0,1,2780.0
4.1,70650.0,SUV,Electric,63.3,2337.0,51.5,12.35,100.0,66.7,31.4,5,4774.0,36.8,3,4,7.3,68.7,0,0,0,0,3553.0
3.4,18737.0,Hatchback,Petrol,112.3,2829.0,46.3,12.67,87.0,30.5,35.1,1,2063.0,35.0,3,3,2.1,47.7,1,0,0,1,4955.0
6.9,93490.0,Truck,Diesel,90.3,2747.0,43.5,12.34,75.6,31.3,37.1,10,2928.0,60.7,6,8,3.5,65.6,0,0,1,1,6120.0
4.9,65042.0,SUV,Diesel,92.1,2637.0,61.5,11.54,97.9,45.2,33.8,7,587.0,44.3,1,3,5.5,54.5,0,1,0,0,4832.0
1.6,29503.0,Sedan,Diesel,97.4,2316.0,30.3,12.47,5.0,52.5,25.7,3,24000.0,60.9,3,4,1.9,22.1,1,0,0,1,150.0
4.0,75136.0,Hatchback,Petrol,92.5,2681.0,26.2,10.81,87.8,59.1,29.7,6,1289.0,72.1,6,6,1.1,37.4,0,1,0,0,2339.0
3.0,28965.0,Coupe,Petrol,82.9,2661.0,64.4,12.13,54.8,51.1,31.6,2,9317.0,42.8,4,2,1.0,54.6,0,0,0,1,1698.0
2.8,45735.0,Hatchback,Petrol,104.0,3007.0,65.6,12.96,77.3,20.3,30.6,3,4149.0,44.7,8,7,4.9,62.5,1,0,0,1,4747.0
5.0,28152.0,Sedan,Diesel,90.4,2107.0,40.6,11.6,82.9,39.7,28.8,1,4503.0,25.0,1,1,1.5,47.4,0,1,0,0,3509.0
4.1,57744.0,SUV,Petrol,95.0,3263.0,73.0,12.61,59.0,28.3,30.4,4,6228.0,63.2,3,3,4.3,61.3,0,0,0,0,3272.0
4.9,81814.0,Sedan,Diesel,86.5,3154.0,34.9,12.12,10.5,59.0,30.4,7,16182.0,81.8,2,1,4.2,30.9,1,0,0,0,150.0
6.3,136521.0,Sedan,Petrol,112.4,2175.0,38.8,12.58,71.4,22.1,28.8,11,5746.0,34.5,5,3,1.4,35.0,1,1,0,1,2381.0
3.6,53788.0,Sedan,Hybrid,103.7,2538.0,35.9,12.3,38.7,19.4,33.0,4,10955.0,69.4,4,0,3.7,53.0,1,0,0,0,433.0
6.2,73187.0,SUV,Electric,50.1,2437.0,43.4,11.78,100.0,53.6,33.3,6,12390.0,70.7,2,3,10.0,57.0,0,1,0,0,477.0
2.5,26108.0,Truck,Diesel,101.3,2940.0,32.7,12.41,67.6,80.2,34.7,1,7213.0,63.0,10,11,5.0,47.3,0,0,1,1,1717.0
7.1,137110.0,Sedan,Petrol,109.5,2607.0,38.3,12.7,60.4,17.8,29.3,11,7015.0,43.5,6,5,10.0,38.3,1,1,0,1,1772.0
2.7,53213.0,SUV,Petrol,97.6,2573.0,70.8,10.8,33.7,18.9,30.8,4,13309.0,48.6,2,4,2.3,18.6,0,1,0,0,150.0
1.8,24846.0,SUV,Petrol,95.1,2614.0,56.9,12.73,90.2,64.2,35.3,1,741.0,59.7,3,2,3.8,73.2,0,0,0,1,4073.0
4.6,61668.0,SUV,Petrol,93.9,2896.0,64.2,12.41,60.0,41.0,29.2,6,6986.0,59.3,3,3,1.8,58.9,0,0,0,1,2895.0
3.6,64654.0,Sedan,Diesel,112.9,2694.0,47.5,13.3,71.5,44.3,33.6,6,5188.0,48.5,8,6,8.5,39.7,1,1,0,0,2529.0
3.9,59928.0,SUV,Diesel,92.1,2807.0,44.2,13.18,82.2,29.1,31.8,6,2409.0,58.4,3,3,2.7,81.6,0,0,0,0,8109.0
1.7,22559.0,Truck,Electric,59.9,2699.0,59.0,11.86,100.0,58.9,31.4,2,10291.0,46.9,7,5,1.4,56.8,0,0,0,0,1028.0
1.7,14857.0,Sedan,Petrol,94.9,2792.0,39.6,12.96,82.0,42.3,34.6,1,2691.0,50.4,8,7,3.8,72.2,0,0,0,0,6686.0
3.0,38977.0,Sedan,Diesel,93.6,2711.0,26.8,12.28,26.9,67.8,26.6,3,10220.0,49.2,3,2,2.2,36.1,1,0,1,1,716.0
5.6,95362.0,SUV,Diesel,89.0,2898.0,64.6,11.37,8.7,20.0,30.1,9,16233.0,67.3,1,2,4.3,28.0,1,1,0,0,150.0
3.1,31542.0,Hatchback,Diesel,98.5,2037.0,24.7,12.21,55.3,52.3,31.1,3,5919.0,32.0,2,3,3.1,51.7,0,0,0,0,3079.0
1.8,18097.0,Truck,Petrol,96.3,3213.0,48.1,12.23,35.8,48.0,30.0,2,10982.0,61.1,5,5,5.1,47.4,0,0,1,0,583.0
7.1,115146.0,Truck,Diesel,110.7,2649.0,81.0,12.7,85.9,55.0,33.2,9,2363.0,57.0,4,3,1.0,46.2,1,0,0,0,3195.0
1.7,26889.0,SUV,Diesel,90.1,2177.0,66.0,11.65,88.8,53.0,32.5,4,1506.0,25.0,8,7,3.4,63.8,0,0,0,1,4897.0
4.0,62868.0,SUV,Diesel,90.9,2869.0,60.5,12.14,66.5,49.5,27.1,5,5846.0,64.2,6,7,1.7,53.8,0,1,0,0,3400.0
5.6,68760.0,Sedan,Electric,58.7,2791.0,15.0,12.54,100.0,42.4,32.4,5,4009.0,65.9,3,3,6.3,74.4,0,0,0,0,6044.0
2.9,34604.0,SUV,Petrol,88.3,2593.0,52.2,11.71,76.2,60.2,29.5,4,3987.0,46.3,2,2,8.0,48.4,0,0,0,0,3145.0
5.6,61252.0,Hatchback,Petrol,108.0,2926.0,27.2,12.23,92.1,36.1,37.6,5,1287.0,58.8,5,4,2.1,44.8,1,0,0,0,4590.0
8.5,142358.0,SUV,Diesel,95.0,2705.0,51.9,11.76,5.0,22.9,25.2,11,18388.0,55.7,1,1,1.0,16.1,1,1,0,1,150.0
5.5,79102.0,Hatchback,Diesel,93.7,3393.0,38.1,12.39,85.4,47.7,37.5,9,1144.0,83.2,2,3,4.3,71.5,0,0,0,0,6063.0
3.6,52304.0,Truck,Petrol,83.7,2579.0,42.5,12.41,74.9,23.8,34.5,5,2639.0,59.0,2,1,1.6,81.1,0,0,0,0,7749.0
3.9,38043.0,Sedan,Hybrid,107.7,2672.0,56.9,12.71,78.5,70.4,32.1,3,4555.0,53.5,5,6,4.1,38.7,1,0,1,0,1608.0
0.7,9413.0,Hatchback,Electric,58.4,2556.0,55.1,11.71,100.0,28.0,28.8,1,9233.0,67.3,8,7,1.7,57.6,0,0,0,1,1748.0
2.6,39274.0,Sedan,Electric,67.5,3026.0,26.1,12.59,100.0,56.5,31.5,2,6827.0,74.5,3,2,4.2,71.2,0,0,0,0,3482.0
0.8,18608.0,SUV,Petrol,90.0,3149.0,74.9,12.25,88.8,47.8,33.0,2,886.0,81.0,7,5,1.1,79.5,0,0,0,0,6730.0
2.1,32683.0,Sedan,Hybrid,89.6,2272.0,25.8,12.97,100.0,53.4,32.5,2,702.0,43.6,4,2,4.6,81.9,0,0,0,0,6165.0
3.7,54157.0,Sedan,Diesel,88.9,2692.0,60.4,12.23,66.6,27.8,29.6,4,5902.0,58.0,6,3,9.0,67.9,0,0,0,0,4162.0
4.5,32675.0,SUV,Diesel,107.5,2497.0,52.7,11.26,93.4,71.8,32.3,2,479.0,43.3,5,4,1.1,26.6,0,1,1,0,1041.0
5.0,96718.0,Sedan,Diesel,107.7,2903.0,34.0,12.14,68.8,15.4,34.0,7,5786.0,84.5,1,1,4.4,46.6,0,0,1,0,2855.0
10.1,98021.0,SUV,Hybrid,85.0,2634.0,74.7,12.31,81.7,18.3,31.4,8,1707.0,52.7,1,6,1.0,73.9,0,1,0,0,7755.0
1.3,26834.0,SUV,Diesel,89.4,2703.0,51.6,12.74,76.5,53.6,37.2,2,1770.0,65.4,1,2,3.1,68.8,0,0,0,0,5128.0
2.0,30480.0,Sedan,Petrol,94.7,2332.0,56.8,12.45,86.1,56.8,37.3,3,1683.0,49.7,7,7,3.0,68.7,0,0,0,0,4714.0
4.4,36657.0,Sedan,Diesel,93.1,2587.0,25.6,12.02,39.4,61.7,29.9,3,10085.0,59.0,4,4,3.0,43.9,0,0,0,0,970.0
5.9,85613.0,SUV,Diesel,86.0,2602.0,59.5,11.88,67.2,98.0,32.0,6,4575.0,26.7,12,9,1.0,47.0,1,1,1,1,183.0
2.4,15127.0,Sedan,Petrol,83.8,2468.0,44.5,12.68,85.7,20.4,28.7,2,1961.0,66.6,2,1,3.2,78.6,0,0,0,0,7880.0
4.1,79503.0,Truck,Electric,63.3,2875.0,68.8,12.56,100.0,65.7,30.5,7,823.0,70.2,5,3,3.1,72.9,0,0,0,1,3970.0
4.5,57846.0,Truck,Diesel,82.8,3021.0,63.7,12.5,78.6,37.5,33.1,5,4217.0,43.7,5,4,1.0,80.1,0,0,0,0,6113.0
9.0,95146.0,Hatchback,Diesel,108.1,2012.0,41.7,12.09,60.8,26.3,29.9,9,5292.0,26.7,8,4,1.0,34.7,1,1,0,1,2263.0
1.5,21442.0,Truck,Petrol,89.7,2305.0,59.3,12.21,53.1,52.2,25.2,2,6248.0,72.8,6,2,3.7,47.0,0,0,0,1,2693.0
4.9,71598.0,SUV,Diesel,90.0,3178.0,47.3,13.03,93.5,48.8,32.0,5,992.0,71.0,2,5,6.0,73.6,0,0,0,0,6163.0
6.0,99504.0,Truck,Petrol,109.3,3125.0,60.0,12.41,59.4,36.8,32.4,7,3448.0,63.1,3,1,3.5,46.9,1,1,0,0,4166.0
5.2,67909.0,Sedan,Petrol,117.6,2711.0,47.7,12.15,75.1,44.0,38.6,5,3148.0,49.4,7,5,3.8,19.0,1,1,0,1,1520.0
7.6,134471.0,Sedan,Diesel,92.5,2649.0,33.5,11.16,84.3,73.3,30.6,11,2999.0,48.1,5,6,1.9,33.9,0,1,1,0,1499.0
1.8,18536.0,Truck,Petrol,90.6,2487.0,53.5,12.05,9.1,40.9,27.6,1,14663.0,70.7,2,0,3.0,33.1,1,0,0,1,150.0
0.7,8131.0,SUV,Diesel,88.7,2550.0,62.1,12.16,89.0,37.5,33.1,2,3327.0,47.5,3,1,1.1,72.0,0,0,0,0,6055.0
7.3,73848.0,Truck,Petrol,90.1,2582.0,83.7,12.19,55.1,57.7,33.2,5,6993.0,54.2,4,3,4.5,54.9,0,1,0,1,2701.0
2.9,53507.0,Hatchback,Petrol,112.7,2725.0,53.8,12.7,20.2,22.9,27.9,4,14308.0,51.9,3,2,1.6,18.4,1,0,0,0,304.0
3.6,35975.0,Hatchback,Petrol,95.2,2186.0,43.1,12.15,100.0,57.2,34.6,3,431.0,56.6,3,3,1.1,63.9,0,0,0,0,4332.0
3.9,68636.0,Hatchback,Electric,65.2,2938.0,49.4,11.95,100.0,47.8,29.6,6,9193.0,50.5,11,10,3.2,58.0,0,1,1,0,1520.0
4.0,39659.0,SUV,Diesel,87.0,2352.0,52.7,12.36,51.6,79.8,33.6,3,7238.0,52.1,4,3,6.3,50.2,0,0,1,0,1541.0
6.3,113312.0,Sedan,Diesel,91.5,2962.0,39.3,12.07,5.0,38.0,30.0,10,16059.0,77.1,1,0,3.6,32.2,1,1,0,0,150.0
4.8,62404.0,SUV,Petrol,83.1,2270.0,62.1,11.89,67.9,47.0,34.8,6,4340.0,59.3,4,1,6.3,52.7,0,0,0,0,3978.0
1.4,26345.0,SUV,Petrol,92.6,2736.0,62.6,12.31,5.0,52.5,28.1,5,20855.0,57.4,3,2,2.3,32.8,1,0,1,1,240.0
3.5,56604.0,SUV,Electric,61.3,2551.0,53.4,12.9,100.0,35.2,31.9,3,4468.0,63.5,5,3,3.8,77.7,0,0,0,0,5605.0
4.5,66506.0,Truck,Petrol,100.9,2307.0,42.0,12.96,92.4,57.9,36.2,6,840.0,36.3,6,4,2.7,58.7,0,0,0,0,3920.0
5.1,87457.0,Truck,Petrol,91.8,2942.0,51.8,12.54,45.3,73.8,25.9,6,9870.0,66.2,3,3,4.8,40.2,0,0,1,1,1133.0
3.4,59972.0,SUV,Diesel,94.9,2410.0,44.4,12.42,87.4,38.3,28.5,6,555.0,56.2,3,3,4.2,69.7,0,0,0,0,6883.0
2.6,34166.0,Sedan,Petrol,91.6,2081.0,25.8,11.93,5.0,56.4,29.7,4,22435.0,43.4,4,3,1.8,21.0,1,1,0,0,269.0
6.5,51056.0,SUV,Hybrid,98.0,2472.0,60.1,10.8,91.8,18.5,35.1,5,404.0,50.7,2,1,9.2,38.9,0,1,0,0,4352.0
2.9,59070.0,Sedan,Diesel,89.8,2439.0,43.7,12.49,52.8,26.1,27.8,7,8328.0,59.5,2,2,1.2,57.6,0,0,0,0,1881.0
5.4,67936.0,Hatchback,Petrol,92.8,2231.0,29.4,12.18,88.0,47.5,34.7,5,1115.0,53.2,5,3,3.5,67.6,0,0,0,0,5962.0
6.3,145611.0,Sedan,Petrol,93.9,2964.0,38.9,12.09,74.9,31.2,35.5,12,4950.0,67.2,6,6,1.6,66.5,1,1,0,1,4767.0
4.3,49616.0,Sedan,Petrol,93.1,2415.0,42.5,12.5,94.6,9.5,38.7,4,1241.0,41.5,1,1,3.1,82.2,0,1,0,0,9004.0
2.4,32620.0,Sedan,Hybrid,88.4,2399.0,43.5,11.98,66.6,49.0,30.1,3,5943.0,36.2,4,3,1.5,51.9,0,0,0,0,3047.0
4.9,74802.0,SUV,Diesel,86.0,2558.0,59.7,12.85,59.1,60.9,28.1,7,5714.0,41.3,4,3,3.1,55.2,0,0,0,1,3440.0
3.2,51947.0,SUV,Petrol,95.6,1992.0,45.3,13.06,90.7,28.8,35.1,5,860.0,46.3,8,3,3.7,78.6,0,0,0,1,8943.0
12.2,186549.0,Sedan,Petrol,92.5,2481.0,46.3,11.27,78.8,13.9,33.2,14,1430.0,53.9,6,5,4.8,53.6,0,1,0,1,5474.0
6.1,72076.0,Sedan,Diesel,91.8,2708.0,42.2,11.18,64.2,48.6,27.2,7,8535.0,47.4,6,6,1.0,29.3,0,1,0,1,1066.0
5.9,48486.0,SUV,Diesel,95.1,2484.0,61.3,12.08,53.6,23.8,28.7,4,7526.0,35.4,2,0,2.2,54.0,0,1,0,0,2617.0
7.1,90672.0,Sedan,Petrol,94.9,2437.0,54.1,12.13,88.2,5.0,32.9,8,2627.0,33.1,1,4,5.3,79.0,0,0,0,0,7351.0
0.8,5000.0,Truck,Petrol,92.9,2726.0,92.4,12.63,84.3,34.2,30.6,1,1709.0,34.1,6,5,4.0,76.7,0,0,0,0,8063.0
3.5,76182.0,SUV,Petrol,94.0,2387.0,70.9,12.75,55.5,63.6,28.7,5,7726.0,48.0,6,4,10.0,50.2,0,0,0,0,2046.0
6.9,66680.0,SUV,Diesel,89.4,2269.0,55.9,12.41,73.1,43.0,33.0,5,5405.0,40.6,1,3,2.2,68.9,0,1,0,0,4648.0
2.6,28745.0,Sedan,Electric,66.3,2356.0,39.1,12.88,100.0,60.3,33.4,1,2284.0,46.6,4,2,1.0,70.2,0,0,0,0,4359.0
1.2,20260.0,Coupe,Petrol,85.2,2627.0,26.8,12.69,5.0,34.0,25.4,1,24000.0,70.6,0,0,9.4,30.4,1,0,0,0,150.0
4.1,60240.0,SUV,Diesel,91.6,2053.0,45.9,12.73,77.2,42.3,34.2,6,3489.0,35.6,5,6,5.1,73.0,0,0,0,0,6413.0
2.1,20752.0,Truck,Petrol,94.5,2694.0,59.3,12.45,56.6,45.2,34.6,3,7941.0,56.2,4,5,7.0,68.7,0,0,0,0,2883.0
2.2,25224.0,Sedan,Petrol,88.6,2261.0,42.4,12.05,19.1,47.4,28.9,3,14387.0,35.4,3,1,1.8,38.9,1,0,0,1,180.0
3.4,35178.0,SUV,Petrol,92.1,2136.0,85.7,12.85,5.0,67.4,20.0,3,20328.0,33.3,5,2,4.1,8.0,1,0,1,1,150.0
1.6,21834.0,Sedan,Hybrid,92.7,2384.0,30.9,13.25,20.1,36.2,27.7,1,15119.0,57.2,2,2,3.6,48.0,1,0,0,0,211.0
3.3,46522.0,SUV,Diesel,87.9,2695.0,43.6,12.51,65.4,22.7,34.7,4,6229.0,61.4,3,2,2.3,77.5,0,0,0,0,4502.0
4.4,50790.0,Coupe,Diesel,96.0,2973.0,45.8,12.17,89.0,25.7,35.9,6,1926.0,63.0,6,6,6.3,68.3,0,0,0,0,6853.0
10.7,185647.0,SUV,Petrol,92.8,2692.0,46.8,12.25,5.0,12.5,27.4,17,17426.0,67.6,2,1,3.1,35.6,1,1,0,1,150.0
2.8,42080.0,Sedan,Petrol,84.8,2475.0,43.5,12.31,5.0,69.1,23.7,3,24000.0,49.5,3,1,5.0,13.7,1,0,1,1,360.0
3.4,46835.0,Sedan,Petrol,91.9,2550.0,33.9,12.41,93.8,5.1,31.6,5,441.0,55.8,2,2,1.1,92.9,0,0,0,1,10620.0
5.3,68620.0,SUV,Diesel,97.3,2588.0,52.6,12.35,9.9,57.3,28.9,5,16123.0,46.6,7,5,3.7,31.5,1,0,1,0,150.0
3.0,47097.0,Sedan,Petrol,104.3,2811.0,43.2,12.15,8.8,5.4,23.7,4,14542.0,70.1,1,0,5.5,20.0,1,0,0,1,150.0
2.5,43761.0,Sedan,Diesel,88.9,2901.0,35.2,12.19,62.2,81.7,34.7,3,4297.0,39.2,3,5,2.0,54.7,0,0,1,0,1617.0
6.9,101410.0,Truck,Petrol,89.3,2881.0,47.7,12.23,41.2,28.4,30.9,11,10683.0,59.0,1,0,2.9,50.3,0,0,0,0,792.0
8.7,103349.0,SUV,Petrol,113.0,2289.0,63.9,12.1,5.0,38.6,23.6,9,19843.0,37.1,5,7,3.1,8.0,1,1,1,1,150.0
3.0,54311.0,Sedan,Diesel,86.7,1959.0,39.4,12.62,88.8,10.5,30.8,3,2802.0,53.5,1,1,3.1,85.6,0,0,0,0,8043.0
2.5,35330.0,Hatchback,Petrol,97.1,2557.0,35.1,12.54,74.5,65.9,28.7,4,4531.0,29.5,7,6,1.5,57.5,0,0,0,1,3009.0
2.2,46295.0,Sedan,Petrol,95.2,2558.0,33.8,12.67,93.5,5.0,31.9,3,1378.0,55.2,3,2,5.5,88.4,0,0,0,0,9046.0
5.4,72242.0,Coupe,Petrol,95.8,2875.0,52.9,12.27,81.0,49.0,31.7,6,2647.0,79.6,2,3,2.5,65.3,0,0,0,0,5553.0
7.5,148078.0,Sedan,Diesel,85.5,2426.0,41.7,11.94,14.3,20.7,28.1,14,14409.0,44.2,1,0,4.7,36.3,1,1,0,1,150.0
4.7,73498.0,Hatchback,Diesel,92.0,2412.0,35.3,11.98,92.3,46.1,33.7,6,1686.0,48.6,3,2,3.5,68.3,0,0,0,0,5903.0
5.5,57586.0,SUV,Petrol,95.8,2434.0,67.2,12.66,5.0,46.5,26.5,5,18914.0,64.1,7,6,1.6,27.0,1,0,1,0,188.0
6.7,172250.0,Hatchback,Diesel,87.7,2236.0,44.8,12.09,49.6,59.6,28.6,13,5718.0,52.6,4,2,4.0,42.6,0,1,0,1,2772.0
8.9,83532.0,Coupe,Petrol,91.2,2674.0,59.9,11.94,49.5,73.0,30.3,9,8308.0,69.1,7,7,2.0,37.5,0,1,1,1,1157.0
4.8,40512.0,Sedan,Petrol,87.1,2657.0,48.6,12.79,68.8,51.5,30.5,2,3644.0,57.5,0,0,2.5,67.1,0,1,0,0,4878.0
2.9,14918.0,Coupe,Petrol,94.8,3133.0,53.6,12.29,77.4,14.5,30.6,1,2134.0,64.3,0,2,1.0,76.5,0,0,0,0,7520.0
5.7,132490.0,SUV,Hybrid,90.6,2343.0,54.3,11.54,60.9,75.2,31.0,11,4680.0,25.0,8,8,5.4,37.0,0,1,1,0,1810.0
7.1,158013.0,SUV,Petrol,108.3,3270.0,44.5,12.32,80.2,57.6,34.2,12,2767.0,53.3,5,4,1.1,46.9,1,1,0,0,3058.0
3.2,54383.0,Sedan,Petrol,87.0,1899.0,49.7,12.22,70.9,29.6,31.1,5,5172.0,36.5,5,3,5.5,64.6,0,0,0,0,4339.0
0.8,11368.0,SUV,Petrol,97.7,2636.0,68.6,12.26,100.0,40.9,35.6,2,1088.0,46.5,6,9,3.0,73.9,0,0,0,0,7223.0
2.9,44232.0,Sedan,Petrol,91.7,3037.0,45.5,12.38,11.3,96.2,28.4,5,16619.0,58.0,12,11,3.5,19.0,0,0,1,1,150.0
1.6,13889.0,SUV,Diesel,94.7,1793.0,40.3,11.76,94.4,40.3,33.5,2,2482.0,48.8,3,1,2.3,68.6,0,1,0,0,6757.0
0.5,10490.0,SUV,Petrol,93.0,2718.0,56.5,11.88,60.7,30.4,29.2,1,6939.0,41.0,1,1,1.1,58.0,0,0,0,0,3129.0
3.0,56933.0,Truck,Petrol,87.9,2507.0,57.5,12.26,56.4,30.9,27.2,3,7183.0,69.6,2,1,6.6,53.1,0,0,0,0,2674.0
3.6,40348.0,Hatchback,Diesel,84.9,2827.0,25.7,12.59,95.5,79.4,30.0,6,2272.0,66.1,7,5,1.8,65.8,0,0,1,1,2097.0
5.0,68496.0,SUV,Petrol,90.7,2441.0,58.9,12.24,5.0,44.9,27.1,7,24000.0,32.8,2,3,7.7,21.5,1,0,0,1,150.0
5.5,72966.0,Sedan,Diesel,95.9,2425.0,56.6,11.34,71.6,49.7,33.4,8,4696.0,62.7,3,6,9.0,47.8,0,1,0,0,3432.0
3.1,43664.0,Sedan,Diesel,83.6,3286.0,26.2,12.42,55.2,81.0,34.6,4,9537.0,54.4,6,5,4.6,49.3,0,0,1,1,1017.0
5.2,58456.0,Sedan,Petrol,99.3,2677.0,47.6,12.64,94.8,25.3,36.2,6,608.0,55.3,4,4,2.8,74.9,0,1,0,0,8433.0
5.0,69180.0,Sedan,Diesel,94.8,2690.0,55.3,12.35,91.9,39.3,29.8,6,2100.0,73.8,1,2,1.2,70.8,0,0,0,0,6702.0
4.9,63911.0,Sedan,Petrol,113.3,2263.0,56.1,12.32,78.0,36.9,37.2,4,1125.0,54.2,4,2,5.1,37.2,1,0,0,0,3791.0
2.3,47168.0,Sedan,Diesel,91.0,2775.0,18.7,12.26,73.6,5.0,32.8,3,3178.0,62.0,0,4,6.7,84.4,0,0,0,0,7488.0
5.8,81749.0,Coupe,Petrol,94.9,2111.0,51.9,12.16,49.6,62.0,26.7,7,9256.0,55.0,2,1,3.3,39.4,0,0,0,0,1022.0
4.2,54578.0,SUV,Petrol,86.6,2541.0,49.0,11.62,85.5,26.3,31.3,5,1388.0,55.1,2,1,3.2,60.7,0,1,0,0,6487.0
3.6,50650.0,Sedan,Diesel,93.3,2797.0,36.0,12.85,77.2,20.4,28.7,4,3867.0,39.0,4,4,4.3,71.3,0,0,0,0,5698.0
2.4,31199.0,SUV,Hybrid,92.7,3398.0,86.9,12.53,87.0,62.6,34.9,1,1818.0,86.4,6,6,1.9,72.2,0,0,0,0,4543.0
3.0,33902.0,Sedan,Electric,60.1,2366.0,47.8,12.14,100.0,69.8,34.9,3,2072.0,25.0,11,9,1.0,65.9,0,0,1,1,3213.0
6.3,99117.0,SUV,Diesel,90.0,2592.0,53.8,11.54,78.9,40.4,30.7,5,725.0,41.8,9,8,3.8,52.6,0,1,0,1,4914.0
5.2,67784.0,SUV,Petrol,91.7,2523.0,62.4,12.71,70.9,48.6,31.6,6,5010.0,45.2,4,1,1.0,66.5,0,0,0,0,4468.0
2.6,31306.0,SUV,Petrol,91.2,3187.0,77.8,12.46,85.4,63.9,35.3,2,1581.0,64.7,6,7,2.9,69.9,0,0,0,0,4132.0
4.1,38800.0,SUV,Petrol,89.4,2705.0,56.5,11.89,89.1,69.6,37.8,3,2795.0,32.2,4,3,2.0,51.2,0,0,0,1,2618.0
5.1,78593.0,Coupe,Diesel,97.4,3071.0,36.4,12.48,83.3,64.2,35.5,8,3279.0,49.5,7,6,2.5,57.1,0,0,1,0,3355.0
2.7,52573.0,Hatchback,Petrol,87.6,2548.0,43.1,12.21,82.9,29.2,32.6,5,2079.0,63.0,9,5,2.6,81.1,0,0,0,0,8192.0
5.7,80548.0,SUV,Electric,63.2,2857.0,73.1,10.8,100.0,84.5,36.3,7,4627.0,34.9,10,10,4.4,27.4,0,1,1,0,673.0
1.1,20780.0,SUV,Petrol,113.8,2055.0,48.3,12.53,91.3,41.7,34.3,2,1001.0,50.1,0,0,2.2,51.7,1,0,0,0,4929.0
5.7,63267.0,SUV,Petrol,88.6,2459.0,68.3,12.01,47.0,38.1,29.1,7,8381.0,49.6,4,4,3.4,49.8,0,0,0,0,1805.0
5.5,41781.0,Sedan,Petrol,92.5,2255.0,40.3,12.6,83.2,70.5,28.8,5,2641.0,43.6,4,5,1.4,59.4,0,0,0,1,2650.0
4.4,84607.0,SUV,Hybrid,94.0,2187.0,30.5,12.39,70.2,80.9,33.7,9,5055.0,52.5,5,1,1.7,59.9,0,0,1,1,1650.0
3.3,53742.0,Sedan,Diesel,116.1,2547.0,58.6,12.88,95.2,13.3,30.3,3,1193.0,46.0,2,3,4.5,47.0,1,0,0,0,4904.0
2.1,34879.0,SUV,Diesel,91.6,2548.0,58.4,12.58,89.8,64.4,31.6,3,571.0,65.5,0,3,2.2,71.4,0,0,0,0,3747.0
3.9,57785.0,SUV,Petrol,83.3,2854.0,69.4,12.21,72.2,45.8,31.4,6,3196.0,59.4,9,6,1.5,66.3,0,0,0,1,5492.0
4.9,54100.0,Sedan,Hybrid,93.7,2451.0,48.0,12.16,52.8,32.9,32.5,6,7659.0,49.4,7,8,3.4,58.0,0,0,0,0,2514.0
5.8,74364.0,Coupe,Petrol,92.3,2691.0,40.8,11.27,66.9,34.8,30.9,7,4281.0,52.9,4,3,3.0,40.1,0,1,0,1,2780.0
2.4,29384.0,Hatchback,Hybrid,99.0,2477.0,50.8,12.62,46.4,55.2,26.1,3,8408.0,46.6,3,5,7.2,39.7,0,0,0,1,1266.0
3.0,36433.0,Truck,Diesel,96.0,2620.0,51.0,11.92,56.7,76.1,30.8,3,7302.0,70.7,3,1,4.1,46.7,1,0,1,0,1714.0
3.0,39909.0,SUV,Petrol,85.6,2444.0,78.6,12.52,46.3,85.0,30.9,3,8454.0,58.3,8,6,1.5,44.3,0,0,1,1,1168.0
1.4,28000.0,Hatchback,Diesel,95.7,2655.0,37.6,12.17,28.3,48.6,29.1,3,12872.0,50.0,1,0,1.0,43.6,0,0,0,0,420.0
7.3,151596.0,Sedan,Diesel,86.3,2622.0,61.4,13.02,79.2,33.6,31.6,12,2441.0,58.1,5,2,3.0,72.0,0,1,0,0,6855.0
7.7,87903.0,Truck,Petrol,94.8,3191.0,64.9,11.63,89.1,83.7,31.1,8,448.0,78.4,6,7,5.4,42.0,1,1,1,0,932.0
2.2,24412.0,Sedan,Hybrid,97.3,2215.0,15.0,12.68,96.2,51.7,33.2,2,731.0,42.4,4,5,3.0,76.6,0,0,0,1,5861.0
9.5,142223.0,Truck,Petrol,99.0,2832.0,41.7,12.16,81.1,24.8,30.8,10,2001.0,64.4,3,2,3.1,64.2,0,1,0,1,6621.0
3.4,38148.0,Sedan,Petrol,106.1,2684.0,51.4,11.84,97.6,61.3,32.7,4,1159.0,57.8,0,4,1.1,47.6,1,1,0,0,3120.0
5.7,80519.0,Hatchback,Petrol,94.3,2354.0,28.6,11.18,80.6,48.9,26.6,7,2583.0,49.0,1,2,2.0,34.4,0,1,0,1,3017.0
5.5,83999.0,Hatchback,Petrol,95.5,2871.0,25.7,12.45,53.2,66.3,33.2,7,6398.0,41.8,4,5,1.0,57.1,1,1,0,0,3275.0
0.6,7302.0,Sedan,Diesel,93.4,2715.0,54.2,12.32,41.1,5.9,29.5,1,9849.0,64.0,2,1,4.2,60.8,0,0,0,0,1150.0
4.0,62748.0,SUV,Petrol,84.8,2631.0,33.7,12.35,98.0,42.8,27.2,6,1505.0,56.1,3,1,3.7,73.8,0,0,0,0,6565.0
2.1,29404.0,Coupe,Diesel,92.1,2220.0,48.1,12.68,58.6,52.1,35.7,3,5963.0,72.2,1,1,3.2,65.1,0,0,0,0,3704.0
0.9,5000.0,SUV,Petrol,93.8,3071.0,50.8,12.55,11.2,25.6,29.3,1,15158.0,68.4,4,4,1.7,49.0,1,0,1,0,150.0
4.3,50303.0,Hatchback,Electric,64.4,2631.0,47.2,12.46,100.0,16.5,27.0,3,9229.0,56.2,2,1,1.4,75.5,0,0,0,0,2045.0
5.3,92361.0,SUV,Diesel,110.4,2747.0,57.6,11.82,94.0,23.4,31.3,7,1496.0,41.9,6,3,3.7,40.6,1,1,0,1,4363.0
2.6,40596.0,SUV,Hybrid,90.7,2801.0,30.3,12.87,59.1,76.9,26.7,6,7095.0,80.8,3,4,3.6,44.0,1,0,1,1,1651.0
4.1,16997.0,Sedan,Petrol,95.1,2186.0,35.0,12.08,65.8,28.2,30.1,1,4632.0,43.3,1,1,4.9,60.4,0,1,0,0,4319.0
7.5,61103.0,Sedan,Petrol,93.1,3147.0,38.3,12.9,68.4,20.8,32.3,6,2276.0,63.6,0,4,3.6,78.6,0,0,0,0,7715.0
3.4,53882.0,Truck,Petrol,93.4,2591.0,60.9,13.08,66.3,34.6,31.5,3,5275.0,27.2,5,5,4.6,71.5,0,0,0,0,4714.0
1.6,24532.0,SUV,Diesel,90.5,2466.0,58.2,12.29,88.3,56.3,30.9,1,1544.0,74.0,3,3,3.7,65.3,0,0,0,0,4787.0
6.1,41215.0,SUV,Hybrid,93.2,2239.0,51.5,12.52,91.5,70.8,31.5,2,2872.0,25.0,1,3,6.0,68.6,0,0,1,0,3248.0
3.0,53414.0,SUV,Petrol,83.1,2717.0,40.0,13.06,78.6,28.8,33.1,3,3290.0,47.6,5,2,2.3,77.1,0,0,0,1,6813.0
2.5,41589.0,SUV,Petrol,91.3,2470.0,61.0,12.95,75.2,67.7,32.5,3,3058.0,37.1,1,4,3.6,68.2,0,0,0,0,3557.0
3.2,39662.0,Hatchback,Hybrid,90.0,2566.0,49.3,11.81,93.6,65.1,37.5,4,1024.0,71.5,3,1,4.4,54.6,0,0,0,0,2933.0
3.1,61434.0,Coupe,Petrol,91.6,2267.0,44.4,12.36,69.8,30.5,28.1,6,3888.0,41.6,3,3,3.1,67.9,0,0,0,0,5447.0
1.1,10054.0,SUV,Diesel,86.8,2664.0,51.8,12.33,24.7,37.6,28.8,1,12418.0,59.4,3,3,1.0,49.7,0,0,0,0,179.0
4.5,55880.0,Hatchback,Diesel,93.0,2904.0,36.8,12.65,25.9,25.8,32.3,5,12256.0,55.7,3,4,4.3,59.9,1,0,1,0,151.0
4.5,51525.0,Truck,Hybrid,99.2,1978.0,41.8,12.69,65.4,23.5,38.3,4,3949.0,31.8,1,1,2.0,61.9,0,0,0,0,5115.0
3.3,22749.0,SUV,Petrol,91.8,2063.0,55.0,11.99,100.0,39.1,30.7,1,482.0,66.4,1,0,1.6,72.9,0,0,0,0,7143.0
4.3,68788.0,Coupe,Petrol,91.7,2455.0,42.7,11.1,65.8,38.5,32.0,6,6035.0,51.8,2,3,1.2,43.2,0,1,0,0,2627.0
5.5,84381.0,Sedan,Diesel,117.0,2835.0,48.8,11.76,59.9,59.6,31.4,6,6288.0,73.1,4,1,5.0,10.6,1,1,0,1,736.0
4.4,53119.0,Sedan,Electric,58.9,3010.0,36.1,12.33,100.0,39.2,24.0,5,13016.0,60.6,9,7,3.3,53.4,0,0,1,1,150.0
2.4,32898.0,Hatchback,Petrol,93.5,2043.0,39.4,12.35,29.4,45.3,27.8,4,12237.0,41.4,0,0,1.3,44.3,0,0,0,1,150.0
2.1,19509.0,SUV,Petrol,97.8,2998.0,45.8,12.62,46.6,63.5,32.2,1,10092.0,49.2,13,12,1.5,49.7,0,0,1,0,1034.0
10.3,165403.0,Hatchback,Diesel,113.9,2586.0,40.3,12.74,24.6,64.9,25.6,15,13031.0,48.8,10,8,3.0,8.0,1,1,1,1,150.0
4.5,64840.0,Hatchback,Electric,51.5,2874.0,33.7,12.45,100.0,37.3,35.5,5,2260.0,62.9,3,3,1.3,78.2,0,0,0,0,7628.0
3.5,45960.0,Sedan,Hybrid,109.1,2696.0,53.9,12.29,73.2,5.0,31.0,3,5843.0,62.4,4,4,3.3,53.1,1,0,0,1,3313.0
5.1,76043.0,Hatchback,Electric,53.5,2881.0,64.9,11.94,100.0,63.2,26.5,9,18059.0,42.6,10,8,5.5,42.5,0,1,1,1,150.0
2.6,31388.0,SUV,Petrol,90.8,2690.0,39.5,12.31,68.0,66.7,33.4,2,5317.0,65.3,1,2,6.2,66.8,0,0,0,0,3763.0
6.1,113391.0,SUV,Petrol,111.3,2707.0,64.5,12.22,21.3,48.0,31.9,10,14692.0,57.7,1,2,5.0,15.0,1,1,0,0,150.0
3.1,52788.0,SUV,Diesel,89.0,2471.0,61.0,12.48,5.0,25.0,36.1,6,15838.0,61.4,1,1,7.5,43.6,1,0,0,0,150.0
1.0,14276.0,Hatchback,Hybrid,85.1,2423.0,33.0,12.09,92.3,27.6,31.8,2,874.0,59.2,2,2,3.4,74.9,0,0,0,0,8200.0
3.6,42865.0,Sedan,Petrol,89.9,2537.0,29.8,12.29,5.0,59.9,28.2,3,16458.0,63.6,2,1,9.7,30.8,1,0,0,1,276.0
1.9,28102.0,SUV,Petrol,85.5,2691.0,47.6,12.19,94.8,78.9,31.6,2,1093.0,38.9,7,6,8.6,67.7,0,0,1,0,2018.0
3.4,54878.0,Truck,Hybrid,93.7,3132.0,48.3,12.69,75.6,32.6,33.2,2,3744.0,54.7,2,1,3.5,74.1,0,0,0,0,6134.0
3.1,63924.0,Truck,Petrol,93.7,3223.0,53.3,12.06,52.9,54.9,35.9,4,9461.0,66.1,9,7,2.3,44.3,0,0,0,0,970.0
4.8,60748.0,Truck,Petrol,86.4,3036.0,51.0,12.01,97.2,41.0,30.7,6,876.0,67.6,2,1,2.5,69.0,0,1,0,0,6784.0
8.4,143573.0,Sedan,Diesel,91.8,2810.0,35.9,11.94,70.3,26.5,30.1,12,3670.0,67.6,4,5,1.0,59.5,0,1,0,1,4883.0
5.8,98175.0,Sedan,Diesel,86.1,2276.0,50.1,12.02,91.1,15.7,32.4,9,2138.0,39.6,4,3,2.3,79.7,0,1,0,0,7935.0
4.5,58463.0,SUV,Diesel,90.1,2357.0,60.5,12.94,48.0,46.4,28.2,4,8351.0,81.1,2,3,1.0,53.0,0,0,0,0,1831.0
4.1,80086.0,Hatchback,Petrol,88.8,2841.0,40.7,12.75,15.8,66.8,23.5,6,13612.0,76.7,7,6,5.3,26.1,1,0,1,1,150.0
4.6,72104.0,Sedan,Diesel,93.4,1979.0,32.3,12.52,44.1,40.6,31.0,6,9883.0,39.9,2,1,1.0,55.8,0,0,0,0,1342.0
7.8,82586.0,Sedan,Diesel,85.0,2611.0,32.0,12.07,62.7,62.9,31.3,7,5584.0,47.8,1,1,4.2,50.5,0,1,0,0,3049.0
5.1,59503.0,Coupe,Diesel,95.4,2940.0,51.3,12.31,30.9,38.9,33.7,7,12452.0,61.6,10,10,2.3,52.8,1,0,0,0,150.0
1.0,6233.0,Sedan,Diesel,96.4,2018.0,39.5,13.06,39.4,11.4,25.6,1,12991.0,41.9,5,1,5.2,50.9,0,0,1,0,364.0
2.0,29242.0,Coupe,Petrol,114.9,2748.0,42.0,12.35,68.0,39.9,30.9,2,4850.0,60.1,2,2,2.5,34.8,1,0,0,1,2638.0
6.7,89096.0,Truck,Petrol,100.5,2809.0,67.1,11.88,21.1,75.6,27.9,8,12948.0,55.0,5,6,4.3,10.0,1,1,1,1,150.0
4.4,61584.0,Hatchback,Petrol,83.1,2537.0,40.5,12.65,9.3,27.4,28.1,4,14873.0,70.0,3,4,4.1,42.9,1,0,0,0,150.0
7.8,141745.0,Sedan,Petrol,95.9,3054.0,57.6,11.09,89.6,21.6,31.2,11,455.0,58.0,4,4,2.2,53.1,0,1,0,1,6340.0
5.6,74295.0,Sedan,Diesel,99.4,2047.0,16.4,12.25,31.6,57.0,30.5,6,14198.0,25.0,6,3,3.6,33.5,1,0,0,1,150.0
4.0,53560.0,Truck,Hybrid,111.2,2808.0,37.8,12.3,84.5,27.4,33.0,5,771.0,64.1,3,2,4.4,57.3,1,0,0,0,6567.0
4.0,47655.0,Hatchback,Diesel,86.8,2689.0,61.3,12.32,85.8,6.4,29.7,5,2712.0,69.2,3,2,5.3,78.4,0,0,0,0,7444.0
2.6,18358.0,Truck,Hybrid,111.1,2870.0,48.0,12.61,66.9,46.5,33.1,2,5653.0,51.1,5,1,1.0,46.5,0,0,0,0,2674.0
3.3,59325.0,Sedan,Petrol,96.2,2860.0,44.8,12.3,83.0,30.2,31.3,4,2221.0,54.1,5,4,1.0,75.9,0,0,0,0,7264.0
1.7,17166.0,Truck,Petrol,92.2,2265.0,68.6,12.58,18.2,45.9,29.1,1,13956.0,54.1,5,2,4.6,45.3,1,0,0,0,486.0
2.3,34644.0,Truck,Petrol,111.0,2826.0,56.9,12.82,47.9,53.4,30.9,3,10491.0,43.8,1,1,2.2,34.8,1,0,0,1,354.0
1.9,27454.0,Truck,Petrol,100.7,2567.0,63.8,12.98,83.8,68.9,29.7,4,4704.0,86.6,4,1,3.2,54.0,0,0,1,0,2847.0
3.7,52284.0,Truck,Petrol,95.7,2297.0,64.2,12.07,31.4,33.8,29.8,5,12202.0,41.0,9,6,1.0,45.3,1,0,0,0,159.0
2.8,28833.0,Hatchback,Diesel,93.7,3256.0,54.6,11.82,40.8,52.0,25.6,1,11458.0,65.0,7,6,9.8,32.5,0,0,0,1,171.0
1.2,16043.0,SUV,Electric,73.6,2662.0,59.5,12.89,100.0,46.6,27.7,2,2997.0,64.9,6,2,1.5,72.8,0,0,0,0,6097.0
5.1,63799.0,Sedan,Petrol,96.5,2425.0,46.8,12.77,89.8,38.0,34.2,8,834.0,45.6,2,0,3.7,77.8,0,0,1,0,7647.0
3.0,38094.0,SUV,Petrol,95.0,2688.0,50.6,11.5,61.1,76.6,31.3,4,6231.0,38.9,3,7,1.7,37.5,0,1,1,0,1428.0
6.0,70242.0,Sedan,Hybrid,91.1,2227.0,45.9,11.27,47.7,32.9,32.0,5,10405.0,50.5,1,2,6.3,37.2,0,1,0,0,516.0
5.0,84124.0,SUV,Petrol,95.9,3102.0,53.1,11.79,5.0,67.1,21.8,8,17422.0,61.8,4,2,5.3,8.0,1,1,1,1,150.0
10.9,144498.0,SUV,Hybrid,95.7,3159.0,53.4,12.11,79.8,37.0,35.4,12,646.0,56.3,4,3,5.7,60.2,0,1,0,0,5909.0
3.7,39713.0,Sedan,Diesel,92.6,2397.0,20.2,13.01,78.1,60.9,31.2,3,3765.0,77.4,3,3,4.2,65.5,0,0,0,0,3999.0
2.7,44435.0,Sedan,Electric,65.3,2393.0,36.1,12.54,100.0,67.8,29.6,4,7880.0,43.8,1,4,4.9,62.6,0,0,0,1,2513.0
2.2,32570.0,Sedan,Petrol,102.1,2634.0,38.8,12.38,68.9,54.8,36.3,4,4380.0,44.1,3,3,2.1,52.6,0,0,0,1,3845.0
5.4,72858.0,Hatchback,Diesel,85.2,2769.0,60.7,12.52,86.7,48.0,31.9,5,2050.0,64.3,6,5,6.6,69.8,0,0,0,0,5855.0
5.7,91376.0,Hatchback,Diesel,96.8,2142.0,37.0,11.89,58.7,8.3,29.9,8,6270.0,28.6,3,3,2.8,53.9,0,1,0,1,2993.0
3.8,69776.0,Sedan,Diesel,85.7,2695.0,45.4,12.29,17.8,48.9,27.5,5,14060.0,44.1,4,5,1.5,37.1,1,0,0,0,260.0
4.4,51622.0,Coupe,Petrol,91.6,2567.0,54.5,12.64,5.0,12.3,24.1,3,19205.0,50.2,1,0,2.8,34.8,1,0,0,1,150.0
6.8,100005.0,SUV,Petrol,85.1,2980.0,39.5,12.45,5.0,27.6,25.3,8,24000.0,51.8,4,3,2.4,29.0,1,0,0,0,150.0
5.6,91951.0,Sedan,Diesel,98.2,2040.0,35.8,12.13,71.1,12.1,36.5,7,3555.0,44.9,4,3,3.0,60.7,0,0,1,1,5334.0
4.5,79978.0,Sedan,Diesel,100.0,2091.0,52.6,12.98,90.9,56.0,27.7,7,1874.0,26.5,1,5,1.5,58.8,0,0,1,1,4216.0
1.7,18980.0,SUV,Hybrid,92.8,2743.0,86.4,11.97,47.6,53.4,31.9,1,11073.0,71.8,7,6,5.1,48.8,0,0,0,1,453.0
2.3,36918.0,Truck,Diesel,85.2,3432.0,31.4,12.56,60.3,74.8,30.5,5,7973.0,71.1,5,4,1.8,56.7,0,0,1,1,2330.0
3.0,34260.0,Truck,Diesel,95.0,2657.0,53.0,12.72,49.2,64.8,27.4,2,9502.0,28.7,2,3,3.6,44.8,0,0,0,1,844.0
3.2,27231.0,Sedan,Petrol,95.8,2606.0,45.5,12.84,79.2,34.4,33.0,2,3341.0,61.4,1,0,4.1,76.5,0,0,0,0,6537.0
2.4,35165.0,Sedan,Diesel,91.6,2425.0,48.9,12.49,95.5,56.2,32.7,4,2042.0,50.1,4,1,4.0,73.0,0,0,1,0,4868.0
2.3,23771.0,SUV,Diesel,91.2,3303.0,91.0,12.72,44.2,78.8,28.8,2,10199.0,59.8,16,15,4.2,45.5,0,0,1,1,677.0
3.2,30062.0,Sedan,Hybrid,94.7,2899.0,32.7,12.41,70.5,46.2,32.8,3,4229.0,55.9,2,3,1.5,69.3,0,0,0,1,5595.0
4.1,69549.0,Sedan,Electric,65.5,2251.0,37.6,12.96,100.0,35.5,30.8,8,7982.0,31.6,1,3,4.6,75.1,0,0,0,0,2913.0
5.0,58782.0,Sedan,Petrol,113.0,2942.0,24.1,12.45,23.3,34.4,29.9,5,13778.0,63.2,8,7,1.2,23.4,1,0,1,0,366.0
1.1,20083.0,Hatchback,Hybrid,92.7,2337.0,41.1,12.91,85.9,35.1,32.6,1,3145.0,44.3,2,2,1.0,77.6,0,0,0,0,6712.0
2.8,26320.0,Hatchback,Petrol,85.2,1841.0,45.7,12.02,41.9,41.8,25.8,3,9890.0,25.0,1,2,3.1,41.1,0,0,0,1,931.0
1.3,16141.0,SUV,Petrol,98.9,2145.0,79.5,12.45,78.8,49.5,27.8,3,4321.0,54.8,4,3,2.3,62.3,0,0,0,1,4892.0
3.8,77366.0,Hatchback,Diesel,92.2,2303.0,64.0,12.57,54.0,72.5,29.9,6,6656.0,30.1,12,7,4.4,52.0,0,0,1,1,2311.0
3.7,43748.0,Sedan,Petrol,111.3,2568.0,57.0,12.58,26.9,79.1,27.8,5,11851.0,68.0,4,1,6.6,8.0,1,1,1,1,150.0
3.5,44950.0,SUV,Diesel,92.2,2664.0,46.9,12.2,79.3,72.8,32.7,4,2706.0,47.9,5,4,4.6,64.7,0,0,1,1,2639.0
3.2,51883.0,Sedan,Petrol,110.1,2684.0,46.3,11.76,33.7,19.8,26.9,4,12251.0,53.1,3,4,1.6,13.2,1,1,0,1,227.0
2.9,22879.0,SUV,Petrol,90.9,2164.0,56.7,11.81,80.9,41.4,31.4,2,1895.0,59.3,2,0,1.7,58.2,0,0,0,0,5765.0
3.5,70779.0,Coupe,Diesel,94.7,2534.0,45.2,12.07,80.8,47.4,33.3,4,3970.0,53.5,1,2,1.6,69.5,0,0,0,0,5346.0
5.1,67041.0,SUV,Diesel,94.3,2278.0,53.1,13.3,74.5,38.5,29.0,5,2493.0,43.7,3,2,4.7,72.0,0,1,0,0,6725.0
3.0,38215.0,SUV,Electric,69.1,3091.0,75.2,11.36,100.0,94.2,33.7,3,507.0,67.8,14,12,2.9,46.3,0,1,1,1,462.0
1.8,37654.0,SUV,Diesel,89.1,2741.0,53.3,12.41,99.8,71.2,29.6,3,477.0,50.5,4,7,3.8,70.1,0,0,0,0,3020.0
4.4,84560.0,Sedan,Diesel,88.1,2736.0,45.2,11.39,77.2,59.5,31.7,7,1813.0,36.3,5,4,1.3,47.2,0,1,1,0,3060.0
5.8,121858.0,Hatchback,Petrol,93.1,2459.0,57.0,11.18,59.5,45.9,30.4,11,7153.0,57.0,2,2,3.8,32.9,0,1,0,0,1556.0
1.7,15781.0,SUV,Petrol,94.6,2875.0,78.6,11.83,75.4,34.2,29.4,2,5242.0,50.9,1,1,2.3,61.2,0,1,0,0,3911.0
1.5,35930.0,SUV,Petrol,88.6,2230.0,44.5,12.14,78.6,64.8,34.3,3,2894.0,51.7,3,3,7.9,65.7,0,0,0,0,3539.0
1.7,27488.0,SUV,Diesel,90.6,2361.0,61.0,12.83,80.0,60.6,36.4,1,4215.0,53.8,6,3,1.3,66.1,0,0,0,1,4212.0
3.5,65459.0,SUV,Diesel,93.1,2635.0,61.5,11.83,63.4,46.7,23.0,6,7721.0,52.8,3,5,1.1,35.8,1,0,0,1,1681.0
8.8,154439.0,Sedan,Petrol,91.1,2647.0,57.4,11.7,5.0,33.4,30.8,12,14704.0,72.4,7,6,2.6,30.0,1,1,1,0,150.0
8.0,88786.0,Truck,Diesel,96.1,2230.0,76.4,12.36,83.6,90.4,35.1,7,2349.0,40.8,5,6,2.5,51.7,0,0,1,1,1009.0
4.4,49541.0,Sedan,Diesel,105.6,2118.0,34.0,12.04,11.6,16.6,28.5,6,14191.0,25.0,4,0,6.4,23.0,1,0,0,1,150.0
1.7,9384.0,Truck,Petrol,85.7,2318.0,55.1,12.23,88.4,25.3,31.8,1,3836.0,52.0,4,5,2.2,77.8,0,0,0,0,6283.0
8.0,47832.0,Hatchback,Petrol,95.9,2593.0,43.7,12.6,68.1,10.4,30.9,4,3049.0,63.6,3,6,9.5,67.9,0,1,0,0,6055.0
8.2,90581.0,Hatchback,Hybrid,94.0,2231.0,45.3,10.87,55.3,10.4,31.4,8,5865.0,30.1,3,2,2.8,39.4,0,1,0,1,2543.0
2.2,38126.0,SUV,Diesel,91.9,3001.0,63.5,12.47,75.9,71.4,34.8,2,3260.0,57.1,3,2,1.6,64.5,0,0,1,1,3046.0
3.8,48582.0,SUV,Hybrid,90.2,2410.0,52.3,12.37,92.2,30.5,30.5,4,2634.0,32.3,6,6,2.3,78.0,0,0,0,1,7366.0
5.7,71322.0,Sedan,Petrol,93.4,2733.0,62.7,12.28,15.7,48.4,26.2,8,15362.0,63.8,3,3,4.5,29.3,1,0,0,1,173.0
7.4,127431.0,Truck,Electric,56.4,2274.0,32.4,12.42,100.0,58.4,34.9,10,3777.0,52.2,1,3,4.1,69.4,0,1,0,0,4757.0
3.5,32398.0,Sedan,Petrol,112.1,2149.0,26.1,12.62,92.5,49.9,34.1,3,1468.0,39.7,3,3,7.4,50.4,1,0,0,0,3991.0
6.1,123798.0,SUV,Petrol,91.2,1897.0,64.9,12.43,70.9,86.4,31.9,11,4081.0,29.6,8,7,1.0,56.1,0,0,1,0,1106.0
4.6,57746.0,Sedan,Electric,58.4,2769.0,40.0,12.74,100.0,29.0,35.3,6,2619.0,82.5,6,5,2.3,79.0,0,0,0,1,7551.0
4.5,77233.0,Sedan,Petrol,95.2,3048.0,32.0,12.45,61.7,54.1,30.1,8,5069.0,84.3,2,1,10.0,56.7,0,0,0,0,3792.0
4.3,62831.0,SUV,Diesel,95.1,2234.0,65.9,12.19,50.7,51.0,32.7,5,7089.0,36.9,4,3,1.8,57.0,0,0,0,0,2968.0
9.0,127419.0,Sedan,Petrol,93.3,2412.0,50.2,11.76,99.3,63.8,36.5,13,501.0,36.6,4,3,5.9,51.2,0,1,0,0,2998.0
3.9,73456.0,Truck,Diesel,91.5,2628.0,69.4,12.4,47.6,52.6,30.6,7,10476.0,53.1,2,3,1.0,57.8,0,0,0,0,1049.0
5.0,82860.0,Sedan,Electric,56.5,2768.0,29.6,12.47,100.0,62.4,29.5,7,4501.0,46.6,2,5,1.8,64.0,0,1,0,0,3684.0
9.0,166795.0,Sedan,Petrol,96.3,2829.0,48.6,11.54,59.3,52.7,28.4,14,5475.0,47.4,2,1,4.1,33.4,0,1,0,0,2121.0
5.2,56644.0,SUV,Diesel,90.9,2669.0,62.4,12.48,97.7,26.9,31.3,5,1361.0,56.0,1,1,4.1,82.1,0,0,0,0,8649.0
2.7,27809.0,Sedan,Petrol,90.4,2866.0,29.1,12.13,84.6,50.9,33.4,3,4136.0,78.8,5,4,3.7,68.6,0,0,0,0,5184.0
3.7,30212.0,Sedan,Diesel,93.5,3122.0,43.3,12.07,76.3,52.8,32.9,2,4805.0,71.1,5,6,4.0,64.2,0,0,0,1,4590.0
2.3,46497.0,Truck,Petrol,94.5,2716.0,68.4,12.5,100.0,11.2,32.9,4,672.0,47.5,2,6,5.8,96.6,0,0,0,0,10850.0
3.6,60225.0,Sedan,Petrol,91.1,2031.0,54.9,11.66,92.5,22.4,33.2,3,1661.0,62.1,0,1,2.9,75.5,0,0,0,0,7704.0
3.5,46570.0,Hatchback,Petrol,93.3,1858.0,37.0,12.11,93.7,16.6,34.3,4,3376.0,26.1,2,1,7.2,78.6,0,0,0,1,6706.0
3.0,42112.0,Sedan,Petrol,88.1,2391.0,24.8,12.74,89.1,67.5,31.4,4,1685.0,53.9,1,0,3.2,65.5,0,0,0,0,3602.0
4.3,80551.0,Sedan,Electric,87.2,2283.0,57.2,10.99,100.0,63.1,26.7,8,2910.0,48.7,1,1,2.9,31.7,0,1,0,1,1995.0
1.3,17503.0,Truck,Petrol,97.7,2780.0,56.5,12.43,19.8,49.2,33.9,1,14103.0,65.5,5,5,1.0,46.6,1,0,0,0,150.0
10.1,84797.0,Sedan,Petrol,111.2,2012.0,16.9,12.17,52.8,68.7,33.5,8,6769.0,60.7,3,2,6.4,18.4,1,0,0,1,1125.0
3.5,33240.0,Sedan,Petrol,88.9,2776.0,36.7,12.14,62.0,51.4,33.2,2,5584.0,56.3,2,2,1.0,61.6,0,0,0,0,3799.0
3.8,33514.0,SUV,Petrol,89.4,2578.0,67.2,12.21,17.9,57.6,33.1,3,12503.0,58.4,1,2,5.4,48.5,1,0,0,0,150.0
7.9,119686.0,Sedan,Diesel,86.5,3060.0,30.6,12.16,93.6,55.3,34.4,9,2155.0,45.9,7,9,4.6,61.1,0,0,0,0,4426.0
5.1,58316.0,Hatchback,Electric,57.0,2727.0,41.8,12.33,100.0,28.5,24.0,4,24000.0,65.5,2,3,7.1,46.0,0,0,1,1,490.0
3.0,52225.0,Sedan,Petrol,87.5,2686.0,36.5,12.37,95.2,18.9,36.8,6,2010.0,58.4,2,3,1.0,83.4,0,0,0,0,8398.0
3.2,33901.0,Truck,Hybrid,81.4,2317.0,54.8,12.43,69.9,66.9,27.7,4,4807.0,49.7,3,4,8.1,59.9,0,0,0,0,3056.0
6.7,75507.0,Hatchback,Diesel,85.9,2275.0,35.2,12.39,5.0,54.2,23.3,6,21959.0,53.4,4,3,2.3,20.8,1,0,1,1,150.0
7.2,60346.0,SUV,Petrol,91.7,3094.0,66.8,11.39,75.3,60.7,32.8,5,3038.0,63.8,10,11,1.9,42.7,1,1,0,0,2945.0
2.8,35234.0,Hatchback,Diesel,88.6,2582.0,35.3,11.71,84.2,47.9,34.7,1,1588.0,65.1,2,0,1.3,56.9,0,0,0,1,4651.0
7.8,112946.0,SUV,Diesel,92.0,2226.0,64.7,11.65,65.3,52.3,31.5,11,3799.0,47.2,4,6,2.7,45.6,0,1,0,0,3592.0
1.4,22358.0,Coupe,Diesel,92.9,2554.0,34.4,12.65,89.0,44.9,32.8,2,2123.0,39.5,2,1,3.6,82.5,0,0,0,0,7020.0
8.4,122254.0,Sedan,Hybrid,89.0,2405.0,52.2,12.8,39.5,57.2,29.3,10,9370.0,45.6,3,1,4.2,43.5,0,1,0,0,1092.0
4.7,81532.0,Truck,Petrol,87.8,2454.0,56.2,11.86,17.5,73.4,26.4,8,16846.0,46.3,8,5,2.1,17.0,1,1,1,1,150.0
7.7,136119.0,SUV,Electric,68.3,2407.0,40.7,12.01,100.0,25.5,28.8,12,13033.0,53.7,5,4,1.9,61.1,0,1,0,1,150.0
5.4,85260.0,SUV,Hybrid,92.7,2860.0,42.5,12.44,81.8,77.5,26.7,9,1405.0,68.8,4,1,8.5,56.4,0,0,1,1,1903.0
2.9,28460.0,SUV,Diesel,80.8,2396.0,42.1,12.51,5.0,63.3,25.5,1,20004.0,45.4,3,5,3.7,23.2,1,0,0,1,150.0
3.6,56716.0,Truck,Diesel,104.3,2548.0,38.8,12.26,46.4,24.8,27.2,5,9047.0,57.4,0,0,4.3,38.1,0,0,0,0,1235.0
3.0,54604.0,Sedan,Petrol,84.3,2711.0,28.6,12.63,50.5,42.1,31.4,5,9627.0,49.4,11,8,5.4,61.5,0,0,1,0,1563.0
2.5,32171.0,Sedan,Electric,58.7,2430.0,27.4,11.69,100.0,48.7,34.3,2,5589.0,52.3,4,3,4.0,57.2,0,0,0,0,3709.0
5.0,77735.0,Truck,Diesel,92.3,2330.0,55.1,12.74,76.6,71.9,27.8,7,3439.0,56.2,1,4,2.0,55.9,0,0,0,1,2676.0
1.1,16618.0,Truck,Petrol,90.8,3041.0,62.5,12.13,76.3,52.1,30.4,1,2288.0,68.8,4,2,1.3,61.9,0,0,0,0,4790.0
3.5,37474.0,Coupe,Petrol,89.0,2260.0,22.6,12.42,69.1,59.2,34.1,4,4534.0,55.5,2,1,4.7,66.1,0,0,0,0,4391.0
4.0,69228.0,Truck,Diesel,95.6,2065.0,45.5,12.22,35.1,50.7,28.8,6,11024.0,25.0,5,4,4.4,39.2,0,0,0,0,277.0
1.2,14754.0,Coupe,Petrol,92.8,2860.0,50.0,12.8,82.0,31.4,36.7,1,2822.0,49.2,2,3,4.1,71.9,0,0,0,0,6797.0
4.6,65633.0,Truck,Petrol,87.9,2753.0,51.7,12.54,17.6,47.0,35.5,5,14739.0,74.0,1,2,3.2,41.7,1,0,0,0,280.0
5.4,72441.0,Sedan,Diesel,108.3,2966.0,22.3,12.15,87.7,66.3,35.6,6,1428.0,68.0,8,6,3.1,40.0,1,0,1,0,2197.0
5.0,74068.0,Sedan,Petrol,101.6,2981.0,39.3,12.68,92.5,49.5,31.6,6,731.0,63.1,4,1,1.4,60.6,0,0,0,0,5042.0
4.9,85872.0,Truck,Petrol,90.1,3174.0,59.5,12.33,70.9,75.7,29.5,5,4942.0,68.5,3,4,1.0,54.6,0,0,1,1,1915.0
4.1,32604.0,SUV,Petrol,111.9,2470.0,56.6,11.94,5.0,62.3,26.6,2,17608.0,63.5,3,1,5.6,8.0,1,1,0,1,150.0
2.0,30211.0,Sedan,Petrol,93.2,2951.0,65.8,12.37,30.8,47.3,32.7,1,12138.0,68.2,2,1,7.7,55.2,0,0,0,0,219.0
8.7,142482.0,SUV,Diesel,88.2,1971.0,45.4,12.98,77.1,25.2,30.9,12,1365.0,36.4,5,3,4.5,75.5,0,1,0,0,7647.0
0.5,6291.0,Coupe,Diesel,86.1,2065.0,52.8,12.46,100.0,25.2,32.1,1,1385.0,51.2,4,2,1.2,92.8,0,0,0,0,9505.0
3.4,47811.0,SUV,Petrol,93.1,2460.0,51.7,12.49,77.4,15.9,33.3,4,1052.0,54.1,2,0,3.1,83.8,0,0,0,0,8987.0
2.9,21293.0,SUV,Petrol,94.8,2412.0,57.6,12.53,49.9,40.4,26.4,2,10464.0,52.8,1,0,1.7,52.4,0,0,0,0,985.0
4.0,41130.0,SUV,Diesel,98.3,2534.0,45.0,11.57,79.9,68.3,33.3,3,3004.0,43.9,4,1,2.5,44.4,0,1,1,1,2152.0
2.4,39885.0,Sedan,Petrol,93.1,2629.0,30.7,12.98,93.0,54.8,32.1,2,3036.0,54.0,1,1,1.4,74.1,0,0,0,0,5362.0
6.9,156868.0,SUV,Petrol,88.6,2356.0,37.8,12.51,5.5,46.4,26.1,12,17249.0,28.2,1,1,3.4,28.0,1,1,0,1,150.0
1.4,21866.0,SUV,Petrol,93.9,2990.0,36.0,12.72,71.1,42.1,29.4,3,7052.0,58.3,2,2,5.2,70.4,0,0,0,0,3658.0
2.7,29575.0,Sedan,Hybrid,90.9,2847.0,46.9,12.34,5.0,42.3,25.1,4,17729.0,42.6,3,1,4.1,28.0,1,0,0,1,150.0
3.3,49799.0,Truck,Hybrid,86.1,2499.0,48.8,12.65,78.2,30.6,36.5,4,2178.0,25.0,5,4,2.3,73.1,0,0,0,0,7095.0
5.0,86486.0,SUV,Hybrid,91.3,2511.0,84.1,12.23,48.9,85.8,29.4,6,9203.0,52.2,4,2,3.6,36.0,0,0,1,0,961.0
5.0,39655.0,Hatchback,Diesel,115.9,2813.0,35.5,11.53,90.2,63.7,32.5,2,1040.0,73.7,3,4,1.0,15.1,1,1,0,1,907.0
6.3,77809.0,Hatchback,Diesel,97.2,2101.0,46.1,13.0,58.7,53.8,33.0,7,7510.0,25.4,0,0,5.1,54.6,0,0,0,1,2358.0
5.8,80900.0,Sedan,Diesel,113.2,2375.0,41.1,12.85,73.1,64.8,32.8,8,4067.0,48.6,6,3,4.6,38.8,1,0,0,0,2237.0
3.5,49260.0,Truck,Diesel,88.2,2563.0,33.3,12.36,88.6,28.7,32.9,3,609.0,29.3,5,4,4.0,86.0,0,0,0,1,9881.0
6.1,84962.0,SUV,Petrol,84.0,2862.0,38.2,12.36,94.1,76.8,33.8,8,973.0,55.6,4,3,6.5,71.4,0,0,1,0,2867.0
3.5,56446.0,Hatchback,Diesel,86.6,2457.0,20.7,12.01,5.0,31.6,24.0,4,18761.0,64.2,3,1,3.9,19.8,1,0,0,1,231.0
1.3,11780.0,Sedan,Hybrid,87.6,2382.0,58.0,12.41,43.8,22.7,31.0,1,10384.0,40.7,2,3,2.5,66.2,0,0,1,0,991.0
1.4,22578.0,Truck,Diesel,98.2,2226.0,73.2,11.71,31.5,50.3,27.7,1,10888.0,46.1,5,7,2.4,26.6,1,1,0,1,241.0
3.3,41761.0,SUV,Petrol,90.7,2511.0,77.5,12.73,95.4,73.5,35.7,3,612.0,49.9,3,3,2.5,66.9,0,0,1,1,2956.0
1.9,34587.0,Sedan,Petrol,91.1,2732.0,15.0,12.21,56.3,50.5,30.5,3,9389.0,69.4,3,2,4.0,53.9,0,0,0,0,1487.0
3.6,42824.0,Sedan,Diesel,95.9,2227.0,27.2,12.36,83.1,78.6,33.5,3,578.0,32.4,9,7,1.6,65.0,0,0,1,1,2498.0
5.9,76173.0,Truck,Diesel,93.9,2395.0,62.5,12.14,84.6,76.4,33.0,8,2576.0,45.6,5,4,1.9,65.2,0,0,1,0,2483.0
3.1,35470.0,Truck,Hybrid,90.5,2625.0,46.8,12.78,66.8,76.1,29.7,3,4878.0,74.0,7,5,1.3,51.5,1,0,1,0,1936.0
1.0,21369.0,Sedan,Petrol,115.6,1953.0,47.1,12.99,85.3,26.4,32.2,1,3637.0,41.8,1,1,1.6,45.3,1,0,0,0,3870.0
5.2,89392.0,SUV,Hybrid,88.8,2773.0,47.5,12.82,86.2,84.1,35.9,8,1388.0,46.5,4,1,2.9,56.9,0,1,1,0,1565.0
2.9,33630.0,SUV,Diesel,105.8,2151.0,47.0,11.98,5.0,65.8,22.9,4,24000.0,54.5,3,2,8.4,8.0,1,0,1,1,150.0
3.3,53182.0,Truck,Hybrid,86.5,3024.0,33.4,12.64,87.8,29.9,34.7,4,758.0,84.6,4,4,1.3,78.4,0,0,0,0,9071.0
11.7,120544.0,Sedan,Diesel,92.5,2526.0,31.9,10.8,49.6,47.1,34.0,10,7877.0,36.4,3,1,6.2,19.8,0,1,0,0,1088.0
6.3,96699.0,Hatchback,Diesel,117.1,3042.0,44.8,12.33,33.8,18.0,33.7,7,10577.0,62.6,2,3,2.0,21.5,1,1,0,0,286.0
7.2,136657.0,Sedan,Diesel,114.9,2139.0,29.3,12.58,79.0,23.6,33.2,13,2517.0,35.4,5,4,5.9,48.5,1,1,0,1,4912.0
3.1,25626.0,SUV,Diesel,95.1,2664.0,54.4,12.32,79.5,52.6,31.5,2,3797.0,37.9,2,2,2.5,69.3,1,0,0,0,4997.0
10.3,108249.0,Sedan,Electric,62.4,2603.0,29.4,12.18,100.0,35.2,37.2,8,970.0,44.8,5,5,3.8,66.2,0,1,0,0,7063.0
2.2,34387.0,Sedan,Petrol,109.0,2690.0,29.5,12.24,86.4,67.8,30.6,3,3296.0,58.5,4,1,3.9,38.9,1,0,0,0,2062.0
1.3,14465.0,SUV,Petrol,87.9,2906.0,45.9,12.88,83.3,25.9,32.3,2,3176.0,44.3,3,3,2.7,82.2,0,0,0,0,7250.0
11.3,169443.0,Sedan,Electric,68.4,2735.0,46.0,11.98,100.0,41.5,33.4,16,597.0,53.9,2,3,2.7,69.8,0,1,0,0,6494.0
1.0,8670.0,Hatchback,Diesel,88.0,2207.0,50.7,12.32,89.0,12.9,32.8,1,2393.0,42.0,3,3,7.5,91.2,0,0,0,0,8664.0
2.9,22201.0,Sedan,Diesel,87.0,1968.0,60.9,12.54,11.5,51.0,24.4,2,17468.0,53.1,3,1,3.3,27.0,1,0,1,1,150.0
5.2,81331.0,SUV,Diesel,90.5,2591.0,65.4,12.65,55.3,78.0,31.1,7,7743.0,33.8,4,5,2.5,57.4,0,1,1,0,1895.0
3.2,43873.0,Sedan,Petrol,99.4,2447.0,44.8,11.92,91.0,67.4,32.3,2,496.0,34.2,2,3,10.0,55.2,0,0,1,0,2803.0
2.5,39407.0,Sedan,Hybrid,94.3,2274.0,61.7,12.6,74.5,62.6,30.4,4,5143.0,44.8,3,3,10.0,67.7,0,0,0,0,4114.0
3.9,44061.0,Sedan,Diesel,93.0,2843.0,46.1,12.21,78.0,69.7,31.8,4,3183.0,60.6,6,6,10.0,62.1,1,0,1,1,3160.0
3.8,79663.0,SUV,Petrol,84.8,2253.0,61.8,12.62,5.0,62.5,24.8,6,24000.0,54.7,0,3,1.0,18.7,1,0,1,1,150.0
4.2,50040.0,SUV,Petrol,89.0,2474.0,65.1,12.19,5.0,35.5,26.5,4,19698.0,41.2,4,2,1.0,26.4,1,0,0,0,197.0
7.6,111178.0,SUV,Hybrid,97.2,1944.0,54.9,11.13,44.1,46.5,34.0,10,7940.0,36.2,4,1,3.8,21.0,0,1,0,0,717.0
5.4,82675.0,SUV,Petrol,90.4,3260.0,57.6,12.07,88.3,84.9,31.6,4,521.0,66.5,10,8,7.8,54.8,1,1,1,1,1505.0
3.4,47716.0,SUV,Hybrid,100.3,3403.0,54.0,12.46,98.7,33.3,32.1,5,1434.0,71.1,6,5,3.1,75.3,0,0,0,1,8118.0
4.5,60711.0,Sedan,Petrol,93.3,2761.0,34.3,12.54,41.6,40.8,29.7,5,9671.0,59.1,6,4,7.0,54.8,0,0,0,0,1369.0
0.5,8605.0,SUV,Diesel,90.9,2716.0,48.4,11.32,69.9,31.9,27.7,1,6384.0,57.0,4,3,7.3,46.1,0,1,1,1,2607.0
3.5,46834.0,Coupe,Electric,63.4,2472.0,54.7,12.42,100.0,10.2,29.3,4,2124.0,25.0,4,5,1.9,83.4,0,0,0,1,7894.0
4.7,37958.0,SUV,Diesel,91.2,2638.0,39.6,12.12,93.8,67.2,31.2,4,1144.0,60.3,1,1,2.8,66.3,0,0,0,0,3434.0
2.4,33435.0,Truck,Petrol,85.7,2551.0,56.1,12.31,80.1,68.2,32.0,3,3365.0,74.2,4,3,1.0,64.8,0,0,1,0,3318.0
3.0,71135.0,Sedan,Diesel,95.4,3092.0,40.1,12.25,16.2,40.1,28.6,6,14003.0,67.0,1,3,1.3,36.0,1,0,0,1,150.0
6.3,88344.0,Truck,Petrol,93.3,2753.0,35.7,12.03,69.5,78.7,27.6,8,5433.0,66.3,2,1,1.6,40.4,0,1,1,1,1235.0
1.9,30629.0,Truck,Petrol,90.5,2376.0,63.7,12.04,84.3,71.2,29.0,4,2642.0,28.8,5,2,1.0,55.5,0,0,1,1,2420.0
6.4,54113.0,SUV,Electric,61.3,2782.0,40.0,12.25,100.0,41.9,32.8,6,1006.0,42.1,6,5,3.7,72.9,0,0,0,0,6711.0
9.1,108504.0,Coupe,Hybrid,94.7,2686.0,29.9,12.55,80.8,33.2,29.3,10,1698.0,50.0,1,1,1.0,69.8,0,0,0,0,7091.0
3.0,48714.0,Sedan,Diesel,99.6,2928.0,42.6,12.45,80.7,26.7,27.9,3,3907.0,42.0,8,7,6.1,63.3,0,0,0,1,5234.0
1.9,12817.0,Sedan,Petrol,97.6,2478.0,58.3,12.36,54.9,30.4,33.5,2,9607.0,35.8,2,3,7.8,64.7,0,0,0,0,1761.0
2.5,29817.0,Truck,Petrol,92.2,2370.0,59.8,12.72,64.5,54.9,33.3,4,4715.0,57.9,0,2,7.1,67.9,0,0,0,0,4714.0
8.7,138387.0,Hatchback,Petrol,88.2,2876.0,44.9,12.0,66.5,23.0,30.1,11,4539.0,66.0,8,4,4.8,60.4,0,1,0,1,4477.0
1.9,33991.0,Sedan,Diesel,85.4,2319.0,56.6,12.54,83.1,45.1,37.3,3,2519.0,32.5,2,3,1.0,71.4,0,0,0,0,6280.0
1.9,25628.0,Sedan,Hybrid,92.0,2739.0,41.2,11.92,90.1,55.4,32.1,1,2271.0,66.5,9,8,5.5,65.5,0,0,0,0,4711.0
1.0,13867.0,Sedan,Diesel,88.4,2914.0,63.6,12.51,55.8,20.4,31.7,2,7642.0,55.1,3,2,5.9,70.4,0,0,0,1,2978.0
2.9,39150.0,Sedan,Hybrid,92.1,2929.0,48.8,11.2,60.2,76.9,30.7,2,8534.0,74.7,10,6,1.6,25.6,0,1,1,0,728.0
4.3,40559.0,Truck,Petrol,92.7,2704.0,55.2,11.71,5.0,77.0,27.3,2,21608.0,63.1,4,2,5.0,9.9,1,0,1,1,150.0
8.0,103828.0,SUV,Petrol,94.4,2444.0,33.6,11.38,5.0,41.5,32.8,8,15338.0,53.8,3,4,4.1,22.5,1,1,0,0,150.0
3.1,50815.0,Sedan,Petrol,86.8,2973.0,59.3,11.59,56.2,33.9,29.6,5,6127.0,53.9,14,12,2.5,49.4,0,1,0,0,3082.0
5.1,74901.0,SUV,Petrol,88.0,2747.0,60.0,12.12,56.1,63.8,34.9,6,6539.0,52.0,3,2,4.1,50.1,0,0,1,0,2788.0
2.5,21901.0,Sedan,Petrol,90.2,3331.0,36.9,12.61,74.7,35.6,34.5,2,3629.0,77.5,2,2,7.0,74.2,0,0,0,0,6195.0
1.7,31106.0,Sedan,Electric,73.3,2162.0,31.9,12.16,100.0,42.2,25.3,3,23905.0,60.6,1,0,2.0,43.3,0,0,0,1,150.0
7.4,72769.0,SUV,Petrol,92.3,2637.0,81.0,11.98,5.0,54.0,29.2,7,16560.0,46.8,7,6,2.0,21.2,1,1,1,1,150.0
4.2,61857.0,Coupe,Electric,52.8,1872.0,30.8,11.84,100.0,32.6,33.2,5,681.0,60.0,4,3,4.0,73.9,0,0,0,0,7944.0
5.4,77875.0,Hatchback,Petrol,82.5,2530.0,44.6,12.42,81.0,54.4,34.7,8,3425.0,58.5,3,3,2.5,70.7,0,0,0,0,5152.0
4.1,55420.0,Sedan,Electric,57.3,2608.0,42.4,12.22,100.0,26.0,32.7,2,3732.0,46.1,5,5,1.3,79.6,0,0,0,0,6929.0
1.3,9788.0,Hatchback,Diesel,95.7,2687.0,52.7,11.32,84.5,31.4,35.3,1,2439.0,40.5,6,8,6.0,50.3,0,1,0,0,4818.0
6.3,69298.0,Truck,Electric,60.5,3121.0,30.5,12.68,100.0,56.2,30.1,3,4178.0,68.5,3,2,4.1,69.4,0,1,0,0,4908.0
2.4,47377.0,Truck,Petrol,89.6,2548.0,64.1,11.46,78.5,31.7,30.3,4,4295.0,48.3,6,5,1.0,51.8,0,1,0,1,3980.0
5.0,70429.0,SUV,Diesel,98.5,2805.0,72.0,12.78,25.8,56.3,27.0,6,10151.0,47.5,5,1,5.3,32.4,1,0,1,1,607.0
1.8,35158.0,SUV,Electric,67.2,2763.0,32.4,11.47,100.0,70.9,25.6,2,16074.0,60.1,6,4,4.9,26.0,0,1,1,1,150.0
1.9,21592.0,Sedan,Petrol,89.1,2210.0,26.6,12.84,64.9,32.6,35.5,1,5277.0,44.8,1,0,3.8,68.9,0,0,0,0,4578.0
2.5,48974.0,Sedan,Petrol,92.0,2555.0,45.6,12.4,84.8,13.4,30.4,2,2332.0,55.2,3,1,2.7,88.0,0,0,0,1,8210.0
2.1,24169.0,Sedan,Petrol,93.5,2573.0,39.6,11.89,78.3,46.5,31.1,3,5389.0,46.7,5,4,2.5,61.7,0,0,0,1,3982.0
1.7,18036.0,Sedan,Electric,59.5,2285.0,48.6,12.04,100.0,27.0,33.0,1,1674.0,25.0,1,3,4.8,81.0,0,0,0,0,8347.0
11.2,108658.0,SUV,Diesel,95.7,2449.0,63.3,11.97,72.2,37.6,36.9,11,3211.0,57.4,2,3,1.1,48.7,0,1,0,0,4566.0
3.8,40642.0,Truck,Diesel,94.6,2381.0,56.3,10.8,65.6,69.7,33.4,3,5378.0,55.7,4,2,4.3,29.0,0,1,0,0,1453.0
1.2,17708.0,SUV,Petrol,83.9,2903.0,75.6,12.68,5.0,54.0,24.6,2,20103.0,57.0,4,3,4.9,22.6,1,0,0,1,150.0
1.7,37244.0,Sedan,Petrol,91.3,2364.0,47.0,12.76,72.5,51.0,31.9,4,4513.0,25.0,0,0,5.8,75.3,0,0,0,1,5501.0
2.2,52887.0,Coupe,Hybrid,94.2,2215.0,26.1,11.94,99.1,22.5,29.5,4,467.0,33.1,7,5,1.9,75.2,0,0,0,0,8622.0
2.8,28171.0,Hatchback,Petrol,94.2,2676.0,48.0,12.33,85.4,57.8,35.6,2,1159.0,68.3,5,2,2.2,69.3,0,0,0,0,4767.0
5.6,99205.0,Truck,Diesel,88.7,2712.0,54.8,12.27,73.7,40.3,31.2,9,3707.0,53.0,8,4,4.7,64.5,0,1,0,0,5213.0
4.3,39592.0,Coupe,Electric,66.8,2445.0,47.0,12.6,100.0,69.0,28.8,2,1603.0,25.5,5,3,1.9,66.5,0,0,0,1,3275.0
3.8,22067.0,SUV,Petrol,87.1,2620.0,68.4,11.78,77.1,48.1,33.2,1,2938.0,53.2,1,3,1.1,61.5,0,1,1,0,5331.0
1.4,22723.0,Coupe,Diesel,93.4,2539.0,59.0,12.34,25.8,39.7,33.1,2,13719.0,30.0,1,2,2.9,57.7,1,0,0,0,150.0
5.1,87007.0,Sedan,Petrol,95.5,2354.0,39.8,10.82,55.9,65.3,28.8,7,7980.0,44.0,1,1,9.1,14.3,0,1,0,0,648.0
1.3,25331.0,SUV,Diesel,92.1,2854.0,62.1,12.49,65.1,51.1,29.6,1,6968.0,55.6,2,0,3.4,59.7,0,0,1,0,2779.0
3.3,55425.0,Sedan,Petrol,87.2,3195.0,26.6,12.36,74.4,20.8,31.3,4,3647.0,55.6,0,2,1.0,77.7,0,0,0,0,6440.0
4.4,59184.0,Sedan,Diesel,92.2,2971.0,38.8,12.07,34.9,37.6,29.7,7,9990.0,66.1,8,8,3.7,43.2,0,0,1,0,749.0
4.5,63111.0,Sedan,Petrol,87.7,2866.0,36.0,13.1,5.0,38.6,24.3,5,24000.0,58.5,6,6,2.7,22.9,1,0,1,1,184.0
4.1,73703.0,SUV,Diesel,88.6,2368.0,66.0,12.43,81.2,54.9,33.8,6,3034.0,59.4,3,2,1.4,71.0,0,0,0,0,5240.0
4.2,77228.0,Truck,Diesel,90.0,2408.0,74.3,12.14,55.8,67.7,31.5,7,7563.0,46.7,4,2,2.2,49.4,0,0,1,0,2267.0
4.0,37402.0,SUV,Petrol,88.3,2461.0,92.7,12.18,87.4,66.6,34.1,5,1866.0,40.1,2,3,7.8,63.0,0,0,0,0,3420.0
1.5,21138.0,Sedan,Diesel,87.0,2742.0,50.7,12.78,96.5,39.8,33.1,1,1074.0,52.7,2,3,1.5,84.1,0,0,0,0,8306.0
1.5,21109.0,Hatchback,Petrol,97.7,2814.0,56.3,12.9,5.0,33.1,27.0,2,23456.0,66.3,7,6,8.4,29.8,1,0,1,1,150.0
6.0,83990.0,SUV,Diesel,83.9,2885.0,33.6,12.51,68.0,65.8,31.0,7,1881.0,63.6,2,3,3.2,59.7,0,0,0,0,3591.0
6.0,69637.0,SUV,Petrol,89.1,2567.0,35.3,12.65,91.5,62.9,34.1,6,1104.0,49.2,4,6,2.5,73.7,0,0,0,0,4319.0
1.8,26316.0,Truck,Diesel,90.6,2847.0,44.8,12.04,81.5,49.8,32.8,1,4686.0,51.2,4,4,2.6,69.6,0,0,0,0,5549.0
4.1,68634.0,Sedan,Petrol,96.4,2647.0,27.7,12.36,38.8,32.6,35.5,7,8149.0,39.4,2,6,2.7,56.2,0,0,0,0,2105.0
4.6,50052.0,Sedan,Petrol,92.7,2845.0,46.5,11.32,90.1,24.2,29.2,4,403.0,68.1,5,3,8.1,53.8,0,1,0,0,6354.0
3.8,42127.0,Hatchback,Petrol,90.4,2580.0,58.8,12.67,83.8,57.1,31.6,4,3713.0,74.6,1,0,1.0,66.1,0,0,0,1,4747.0
6.5,131045.0,Sedan,Diesel,88.5,2567.0,39.7,11.69,85.7,55.1,32.2,11,4520.0,58.2,1,2,2.5,47.8,0,1,0,0,3439.0
2.8,37686.0,SUV,Petrol,96.1,2326.0,48.9,12.08,66.8,85.8,36.5,2,4818.0,29.1,9,6,2.7,41.7,1,0,1,0,695.0
3.0,60046.0,Hatchback,Hybrid,88.3,2934.0,44.9,12.21,70.0,40.8,34.4,6,3737.0,61.4,4,4,4.9,70.4,0,0,0,0,5728.0
6.5,91196.0,Truck,Hybrid,92.3,2409.0,44.2,11.93,92.1,19.0,31.2,10,1480.0,75.2,2,1,3.1,70.7,0,1,0,1,7419.0
1.5,31519.0,Sedan,Petrol,90.8,2149.0,33.1,12.56,38.9,42.4,35.5,4,8507.0,36.3,3,2,3.3,60.9,0,0,0,0,1907.0
5.8,82703.0,Sedan,Diesel,115.0,2957.0,37.3,12.26,56.5,57.8,33.8,9,6995.0,63.8,2,2,8.6,26.3,1,0,1,1,1218.0
8.2,131367.0,Sedan,Petrol,117.9,2530.0,44.3,12.21,95.9,71.3,38.4,11,618.0,49.4,3,2,3.4,19.2,1,1,0,0,803.0
5.0,54324.0,SUV,Petrol,94.3,2984.0,32.8,11.24,59.7,20.4,34.2,5,6402.0,69.4,0,1,2.4,48.1,0,1,0,0,2555.0
3.6,31340.0,SUV,Diesel,91.0,2842.0,34.8,13.04,54.1,65.4,30.8,2,9484.0,35.8,9,9,3.3,50.0,0,0,1,0,1368.0
1.6,25067.0,Sedan,Diesel,98.2,2674.0,29.3,12.82,91.6,33.8,37.8,3,1275.0,45.9,0,2,3.5,71.2,0,0,0,0,7582.0
4.1,35952.0,Coupe,Diesel,97.8,2310.0,45.1,12.32,48.2,56.0,24.9,4,9750.0,30.0,3,1,1.1,37.3,0,0,0,1,869.0
2.3,15730.0,SUV,Petrol,96.1,2587.0,41.6,11.91,79.8,32.9,33.2,1,2356.0,56.8,2,6,6.3,64.8,0,0,0,0,6332.0
3.1,45673.0,Sedan,Petrol,92.6,2715.0,63.2,11.82,53.3,5.0,29.2,3,7760.0,59.7,1,4,4.2,58.5,0,0,0,0,2600.0
4.6,31466.0,SUV,Petrol,88.4,2305.0,64.6,11.78,58.7,57.8,30.6,3,7590.0,56.8,5,3,1.6,43.2,0,0,0,0,1890.0
2.1,37061.0,Truck,Diesel,82.0,2791.0,68.8,12.61,71.5,91.5,31.4,5,5821.0,44.8,11,11,4.1,54.0,0,0,1,1,527.0
1.8,33620.0,Sedan,Diesel,92.3,2438.0,52.3,12.41,86.4,51.2,29.4,3,2038.0,45.8,4,5,1.0,68.2,0,0,0,0,5218.0
2.7,16678.0,Sedan,Diesel,94.6,1949.0,43.9,12.86,79.3,27.6,35.0,1,2482.0,47.4,2,1,4.5,78.9,0,0,0,0,7344.0
7.7,120017.0,Hatchback,Petrol,86.2,2859.0,47.3,12.47,70.3,46.1,31.2,9,4562.0,64.4,4,4,5.1,61.6,0,1,0,0,4500.0
4.7,96955.0,SUV,Petrol,93.2,2262.0,66.9,11.57,82.4,25.7,35.7,7,575.0,31.7,2,0,10.0,64.7,0,1,1,1,7326.0
2.3,25600.0,SUV,Petrol,89.7,2907.0,68.0,12.16,78.2,50.5,29.5,2,3902.0,47.2,5,5,1.6,60.4,0,0,0,0,4924.0
2.5,41675.0,SUV,Petrol,93.5,2051.0,58.8,10.93,54.4,75.5,25.8,3,8085.0,31.4,2,4,3.4,11.5,0,1,1,1,538.0
7.0,154530.0,Sedan,Petrol,89.0,2851.0,65.1,12.11,90.0,34.9,30.0,12,415.0,46.3,5,5,3.0,65.9,0,1,0,0,6955.0
1.4,12188.0,Sedan,Hybrid,88.6,1887.0,39.7,12.6,48.7,17.9,31.6,1,9129.0,51.8,1,1,2.1,69.9,1,0,0,0,1489.0
7.6,84836.0,SUV,Hybrid,108.9,2785.0,47.3,12.25,78.4,76.0,30.5,7,4066.0,81.4,0,1,1.7,29.9,0,1,0,0,1140.0
2.1,35141.0,Sedan,Diesel,101.6,3031.0,24.2,12.45,77.3,59.5,30.4,3,4737.0,42.7,6,5,2.9,53.4,0,0,1,0,3263.0
7.5,160078.0,Sedan,Diesel,113.4,2995.0,36.5,11.11,84.5,53.9,33.9,15,2032.0,66.4,9,9,3.5,9.1,1,1,0,0,780.0
5.9,63790.0,Hatchback,Petrol,91.6,1953.0,52.4,12.49,84.4,29.1,31.0,5,3875.0,28.1,2,0,2.3,77.6,0,1,0,0,6372.0
1.9,39940.0,Coupe,Hybrid,86.9,2545.0,40.0,12.52,71.8,62.6,30.5,4,4983.0,52.6,3,3,4.1,63.3,0,0,0,0,3275.0
5.4,81342.0,Truck,Petrol,89.0,2777.0,60.2,12.87,5.0,71.4,25.6,8,24000.0,52.5,3,3,3.2,14.3,1,1,1,1,150.0
1.2,8311.0,Hatchback,Electric,53.4,2568.0,40.6,12.78,100.0,20.2,32.1,1,6681.0,62.4,4,2,1.6,86.6,0,0,0,0,4552.0
6.6,131379.0,Sedan,Diesel,90.3,2746.0,29.2,12.48,49.2,72.5,28.8,11,6872.0,44.4,7,7,5.4,47.4,1,1,1,1,2351.0
1.9,22398.0,Coupe,Petrol,108.2,2522.0,36.9,12.68,5.0,37.7,26.4,2,24000.0,41.0,1,3,5.2,9.8,1,0,0,1,150.0
6.6,99027.0,Sedan,Electric,67.7,2237.0,28.0,11.2,100.0,16.2,35.5,10,638.0,25.0,6,0,2.9,59.2,0,1,0,1,6844.0
1.5,14685.0,Coupe,Petrol,90.4,2873.0,35.2,12.28,28.8,37.0,29.4,1,13725.0,56.6,2,3,1.0,48.4,1,0,0,0,237.0
2.0,19492.0,Coupe,Diesel,91.2,2991.0,30.5,12.43,38.9,37.2,28.3,1,10574.0,43.0,4,4,1.0,55.8,0,0,0,1,576.0
8.7,74589.0,Truck,Diesel,100.4,2799.0,61.0,12.12,96.2,64.8,33.5,7,714.0,66.4,5,4,6.5,51.9,1,1,0,0,3208.0
4.9,36213.0,Coupe,Petrol,88.6,2816.0,51.7,11.48,75.0,64.1,36.1,4,4193.0,59.2,4,5,8.8,38.5,0,0,0,0,1959.0
2.1,26380.0,SUV,Petrol,94.0,2686.0,58.8,12.45,76.5,62.2,30.1,1,5135.0,68.6,6,8,6.1,66.4,0,0,0,0,3889.0
4.4,73911.0,Sedan,Diesel,93.4,2649.0,16.5,12.56,93.3,46.0,32.4,5,617.0,39.8,2,3,1.8,80.6,0,0,1,0,7050.0
4.3,56163.0,SUV,Diesel,98.5,3069.0,40.6,11.91,69.0,30.9,30.0,4,4263.0,54.9,5,6,5.2,51.4,0,0,0,0,3945.0
3.2,33070.0,SUV,Petrol,96.9,2943.0,65.4,11.33,19.0,76.9,30.5,4,14200.0,54.7,7,7,4.9,8.0,1,1,1,0,150.0
4.3,45374.0,Sedan,Electric,66.5,2175.0,32.1,12.39,100.0,21.6,34.3,6,587.0,45.1,6,4,4.9,87.3,0,0,0,1,9929.0
7.0,105689.0,SUV,Petrol,87.3,2619.0,44.5,12.39,24.3,35.1,31.8,11,11846.0,69.2,1,2,3.1,52.0,1,0,0,0,150.0
5.8,86109.0,Coupe,Petrol,85.8,2703.0,41.2,12.24,27.0,61.0,30.2,7,12253.0,62.9,3,3,3.4,39.3,1,0,0,0,244.0
5.1,82539.0,Sedan,Petrol,92.4,2776.0,32.6,12.45,95.7,61.0,34.4,5,418.0,80.4,2,5,1.0,73.2,0,0,0,0,4367.0
2.1,37364.0,Truck,Petrol,95.6,3212.0,28.9,12.51,5.0,70.2,28.4,2,15983.0,61.7,5,3,10.0,26.6,1,0,1,1,150.0
1.5,24796.0,Hatchback,Petrol,96.1,2976.0,29.3,12.35,55.0,43.9,29.9,2,8570.0,78.2,2,3,1.0,57.9,0,0,0,0,2062.0
3.6,55043.0,Hatchback,Electric,56.6,3191.0,37.2,12.38,100.0,21.6,25.4,5,18685.0,77.8,5,5,2.2,60.4,0,0,1,0,150.0
5.9,124029.0,Coupe,Petrol,91.7,2758.0,34.5,12.28,5.0,62.0,25.3,11,17605.0,45.1,4,4,10.0,20.0,1,0,0,1,150.0
0.9,13037.0,SUV,Petrol,97.2,2205.0,60.4,12.52,88.8,24.5,30.4,2,2255.0,31.4,2,0,2.6,75.2,0,0,0,0,7223.0
2.8,59702.0,Coupe,Petrol,88.4,2452.0,39.9,12.38,70.2,40.2,29.0,6,5139.0,75.6,2,1,2.9,70.8,0,0,0,0,4897.0
4.9,97225.0,Truck,Diesel,81.6,2828.0,53.8,12.46,70.3,34.0,29.1,7,4768.0,61.7,4,2,3.2,65.4,0,1,0,1,4974.0
7.6,95426.0,Sedan,Hybrid,96.1,3239.0,55.9,11.73,46.9,21.5,35.0,6,8427.0,59.3,4,5,3.5,41.3,0,1,0,1,1723.0
0.6,11407.0,SUV,Petrol,86.9,2434.0,36.5,12.68,68.8,38.3,33.7,1,6068.0,45.7,4,4,1.4,77.4,0,0,1,0,4782.0
3.6,48137.0,Truck,Petrol,90.3,2440.0,72.4,11.59,5.0,23.7,24.3,4,22006.0,57.6,2,2,4.8,16.6,1,1,0,1,150.0
2.7,17334.0,Sedan,Petrol,93.3,2939.0,60.2,11.95,73.4,31.8,30.5,1,4966.0,66.2,5,3,4.6,60.4,0,0,0,0,4375.0
3.8,51812.0,SUV,Petrol,89.7,2855.0,52.2,12.59,74.4,25.3,27.9,3,3440.0,61.2,2,2,3.0,73.6,0,0,0,0,6387.0
5.1,46641.0,Truck,Petrol,95.8,2652.0,48.1,12.04,5.0,12.3,23.5,5,24000.0,43.4,1,1,4.3,23.8,1,0,1,1,150.0
1.1,20391.0,Sedan,Petrol,102.2,2693.0,54.9,12.91,59.8,24.7,33.7,2,6256.0,73.6,1,1,1.7,61.2,0,0,0,0,3688.0
2.0,33678.0,SUV,Petrol,88.3,2408.0,48.8,11.95,72.7,68.4,31.0,4,3823.0,53.7,2,0,7.8,53.2,0,1,0,0,2659.0
2.2,32754.0,Truck,Diesel,104.8,2106.0,60.2,12.74,81.0,60.9,33.4,3,3238.0,61.5,4,5,10.0,58.5,0,0,0,0,3540.0
3.0,46575.0,SUV,Petrol,91.5,3028.0,63.3,12.11,52.8,47.8,28.9,3,8393.0,63.8,15,10,2.3,52.6,0,0,1,0,1894.0
6.8,102586.0,Sedan,Electric,61.8,2821.0,47.1,12.65,100.0,23.9,27.3,8,14700.0,81.8,1,4,3.3,66.6,0,1,0,0,150.0
1.9,34677.0,Sedan,Electric,75.5,2257.0,30.4,12.21,100.0,69.6,34.2,2,1665.0,57.8,8,7,1.4,73.6,0,0,0,0,3448.0
2.4,33253.0,SUV,Diesel,88.9,3024.0,59.7,12.11,89.6,65.5,32.7,3,3430.0,51.3,3,3,5.0,64.3,0,0,0,0,3478.0
1.5,15391.0,Hatchback,Petrol,89.0,2941.0,29.8,12.51,93.4,29.1,29.9,1,841.0,78.8,3,3,2.3,78.7,0,0,0,0,8511.0
3.0,56668.0,Sedan,Petrol,89.7,2164.0,30.8,11.91,71.7,24.0,31.8,5,2483.0,67.5,2,0,2.4,69.2,0,0,0,0,6624.0
3.2,49649.0,SUV,Petrol,89.7,2840.0,67.9,12.08,5.0,24.1,23.8,2,16620.0,56.3,3,6,4.8,25.3,1,0,1,1,175.0
3.3,21260.0,Sedan,Diesel,81.5,3110.0,35.2,12.71,62.7,46.6,36.0,1,7133.0,55.4,4,4,3.7,64.3,0,0,0,0,3171.0
12.1,157034.0,Sedan,Diesel,91.9,2536.0,32.7,12.53,6.4,39.1,28.1,13,16204.0,25.0,4,3,1.8,35.5,1,1,0,0,200.0
5.9,73510.0,Hatchback,Hybrid,90.3,2831.0,43.6,11.11,58.4,55.7,27.4,5,5696.0,50.8,4,4,1.0,23.7,0,1,0,0,1377.0
3.7,50293.0,Truck,Electric,80.7,2106.0,72.2,11.29,100.0,36.5,28.3,4,24000.0,32.4,9,5,2.5,33.0,0,1,1,0,150.0
5.0,69349.0,Sedan,Petrol,91.9,2054.0,68.5,11.8,71.3,34.9,28.8,7,6963.0,25.0,2,2,1.0,51.1,0,0,0,0,2368.0
2.6,23957.0,SUV,Diesel,91.5,2287.0,68.9,12.66,44.9,53.9,30.5,1,8701.0,43.7,6,4,5.5,56.0,0,0,1,0,1800.0
10.7,93914.0,Sedan,Petrol,89.9,2287.0,53.1,11.93,9.0,5.0,29.7,9,13329.0,32.7,0,2,2.8,34.5,1,1,0,0,150.0
6.0,65491.0,SUV,Petrol,91.5,2603.0,52.5,11.87,73.1,59.4,32.2,6,3246.0,47.0,7,1,2.2,52.3,0,0,0,0,3385.0
5.6,84702.0,Truck,Petrol,89.2,2810.0,86.7,12.4,77.2,75.0,34.9,6,2684.0,56.3,6,5,1.8,60.9,0,0,1,1,2466.0
7.7,136707.0,Sedan,Petrol,86.8,2462.0,43.6,11.11,85.7,15.2,33.1,11,1635.0,59.1,5,4,3.8,62.0,0,1,0,0,6445.0
9.3,74276.0,Sedan,Hybrid,119.1,2495.0,40.0,12.2,49.6,56.4,30.9,7,8366.0,50.5,4,3,2.7,11.4,1,1,0,0,386.0
1.9,22584.0,SUV,Petrol,89.5,2559.0,58.2,12.33,47.1,35.8,27.9,2,11494.0,34.0,2,2,5.4,54.3,0,0,0,1,155.0
7.2,97345.0,Hatchback,Diesel,92.6,2666.0,43.6,12.31,76.3,20.8,27.8,7,3600.0,50.3,3,3,2.8,69.4,0,1,1,1,5643.0
4.8,45986.0,Coupe,Diesel,101.9,2390.0,23.0,11.83,90.5,13.9,32.1,4,406.0,37.1,1,1,5.3,57.9,0,1,0,0,6534.0
4.4,66158.0,Sedan,Diesel,89.8,2575.0,32.0,12.43,7.7,40.4,25.8,5,15902.0,71.6,4,3,2.2,35.6,1,0,0,1,304.0
8.6,138647.0,Truck,Petrol,93.3,2709.0,61.4,10.8,50.4,31.0,29.4,12,8754.0,49.9,5,6,3.7,20.1,0,1,1,1,853.0
2.0,10761.0,SUV,Hybrid,118.8,2219.0,47.3,12.56,22.2,41.4,30.1,1,14497.0,36.1,6,6,1.2,9.1,1,0,1,0,150.0
3.7,57056.0,SUV,Diesel,84.9,2131.0,61.4,12.36,29.4,27.9,26.2,4,14053.0,37.3,1,2,3.0,44.7,1,0,0,1,337.0
3.4,47301.0,Truck,Petrol,117.7,2280.0,56.4,11.75,66.5,20.0,32.5,2,4796.0,52.1,4,5,8.0,25.2,1,1,0,0,1833.0
4.8,55698.0,Hatchback,Petrol,92.4,3091.0,53.2,12.34,49.9,24.8,29.1,5,9536.0,52.8,3,5,1.3,57.5,0,1,0,0,1730.0
4.9,66167.0,Coupe,Diesel,89.5,3014.0,39.7,12.58,28.7,36.1,27.6,6,12636.0,49.3,4,4,4.5,43.6,0,1,0,1,195.0
7.0,113459.0,SUV,Hybrid,91.7,2430.0,59.4,11.22,84.6,49.9,29.2,9,691.0,65.9,4,2,8.1,38.7,0,1,0,0,3213.0
3.9,76484.0,SUV,Diesel,110.9,2113.0,31.1,11.93,34.9,60.7,26.8,8,11256.0,38.5,1,1,2.0,8.0,1,0,0,1,306.0
9.0,175436.0,Truck,Hybrid,118.3,2649.0,35.1,12.01,59.2,71.0,28.5,13,4910.0,66.1,3,3,2.5,8.0,1,1,0,1,481.0
5.1,62660.0,Sedan,Diesel,91.4,2893.0,31.6,11.54,79.6,42.0,33.6,6,3255.0,50.7,6,4,1.9,55.7,0,1,0,0,5001.0
1.9,21766.0,SUV,Petrol,112.9,3036.0,61.3,11.95,84.5,54.3,34.8,3,1622.0,64.1,7,7,5.2,30.4,1,0,0,1,2283.0
2.6,34017.0,SUV,Petrol,89.4,2934.0,47.4,12.7,89.0,65.3,28.6,3,2058.0,43.2,4,6,5.5,61.4,0,0,1,1,3560.0
5.6,65697.0,Truck,Petrol,92.7,3022.0,61.5,12.14,24.2,48.9,26.5,5,10724.0,62.9,4,1,6.9,32.9,0,0,0,0,500.0
4.9,86794.0,Sedan,Diesel,90.0,2814.0,49.8,12.25,20.9,84.8,31.8,8,13366.0,40.7,10,9,8.6,35.9,1,0,1,0,208.0
4.7,67418.0,Sedan,Hybrid,85.8,2956.0,35.7,12.74,5.0,40.2,28.7,6,21839.0,75.1,4,4,1.1,31.1,1,0,0,0,150.0
9.8,139076.0,Hatchback,Petrol,116.7,2841.0,42.3,12.66,87.1,17.4,37.1,12,1430.0,50.9,2,2,5.4,34.3,1,1,0,1,3368.0
6.6,105061.0,Sedan,Diesel,92.9,2847.0,36.7,12.52,69.5,34.3,35.6,8,5108.0,46.0,8,5,7.2,65.9,0,0,0,0,4562.0
2.9,41390.0,SUV,Petrol,94.6,2541.0,56.6,12.07,9.8,86.1,26.8,3,16590.0,35.6,2,1,6.5,19.1,1,0,1,1,150.0
3.5,45235.0,Sedan,Petrol,88.6,2617.0,32.7,12.83,86.9,14.2,34.7,4,2018.0,54.4,4,1,1.7,87.9,0,1,0,1,8851.0
2.8,37745.0,Sedan,Petrol,96.2,2884.0,46.8,12.64,78.2,64.5,33.4,4,2203.0,49.9,4,5,5.3,70.2,1,1,0,1,3920.0
2.2,28517.0,Sedan,Petrol,93.4,2395.0,59.1,12.54,76.2,63.9,33.9,3,5485.0,33.3,9,6,5.3,66.3,0,0,1,0,3645.0
10.2,117270.0,Sedan,Petrol,92.1,2204.0,24.0,12.22,53.4,33.2,30.7,9,5900.0,41.7,1,1,2.5,59.8,0,1,0,0,3514.0
4.9,101300.0,Hatchback,Petrol,95.6,2285.0,34.5,12.71,91.8,20.5,36.5,6,1784.0,25.0,5,6,3.8,74.1,0,0,0,0,7530.0
1.7,14502.0,Sedan,Petrol,90.2,2847.0,31.0,11.83,80.9,26.2,27.2,1,5159.0,36.2,3,1,1.0,54.9,0,0,0,0,3916.0
8.5,174673.0,Coupe,Petrol,96.7,2323.0,44.9,11.1,6.8,62.8,30.1,14,16168.0,50.3,3,4,4.4,8.0,1,1,0,0,150.0
2.4,36462.0,SUV,Diesel,88.9,2810.0,63.7,12.05,66.6,73.9,27.9,4,6101.0,57.0,1,2,3.0,42.6,0,0,1,1,1804.0
4.4,47797.0,SUV,Petrol,91.6,3360.0,39.9,11.37,40.3,40.2,30.2,3,10397.0,47.5,11,11,3.4,32.8,0,1,1,1,233.0
4.0,63452.0,SUV,Electric,67.8,2827.0,53.8,12.09,100.0,58.9,26.4,5,10074.0,58.6,8,5,3.1,47.7,0,0,0,1,1089.0
1.3,25716.0,SUV,Petrol,86.9,2274.0,53.9,13.57,73.3,60.2,29.5,2,3567.0,38.6,6,2,2.9,64.7,0,0,0,0,4256.0
0.9,13477.0,Truck,Petrol,89.6,2952.0,68.2,12.77,41.5,41.1,26.9,2,10481.0,58.2,7,7,1.3,55.7,1,0,1,1,860.0
5.9,51287.0,Sedan,Petrol,90.9,2557.0,32.1,11.89,37.9,25.0,28.2,5,11865.0,50.9,6,6,2.2,44.1,0,1,0,0,150.0
7.5,108550.0,SUV,Petrol,93.7,2207.0,61.6,11.51,62.9,46.3,33.6,9,3988.0,49.1,4,1,4.4,46.7,0,1,0,0,3852.0
4.5,85877.0,Hatchback,Hybrid,88.9,3120.0,47.9,12.21,48.3,78.6,31.9,8,10432.0,52.0,8,8,6.7,45.7,0,0,1,1,1015.0
13.8,227372.0,Hatchback,Petrol,93.8,3049.0,66.5,10.8,5.0,22.1,25.1,20,24000.0,43.6,9,9,1.7,8.0,1,1,1,1,150.0
2.5,38828.0,Hatchback,Electric,58.6,2221.0,66.7,12.39,100.0,52.0,34.3,3,6870.0,30.5,1,3,4.0,73.4,0,0,0,0,3573.0
1.1,22234.0,SUV,Hybrid,89.5,2127.0,61.5,11.86,91.6,59.5,30.6,3,2260.0,37.4,3,0,3.3,59.8,0,1,0,0,4022.0
4.9,64740.0,Truck,Diesel,94.0,2285.0,49.7,12.13,31.2,41.7,30.1,5,12243.0,32.2,3,1,6.5,44.6,1,0,0,0,319.0
2.0,17399.0,SUV,Diesel,89.3,2542.0,61.1,12.07,88.6,45.5,34.5,1,1231.0,48.8,5,4,3.0,71.4,0,0,0,0,6251.0
3.7,47449.0,SUV,Diesel,98.8,2335.0,59.0,11.54,71.6,18.3,31.9,3,4911.0,61.6,1,0,7.9,48.4,0,1,0,0,3648.0
6.7,143631.0,Sedan,Petrol,93.2,2293.0,44.3,12.07,9.9,5.7,30.4,12,15228.0,72.8,1,0,2.8,48.2,1,1,0,0,150.0
2.7,40954.0,SUV,Diesel,86.0,2386.0,64.2,12.34,59.2,95.8,26.9,5,7189.0,45.5,9,9,2.7,43.6,1,0,1,1,393.0
3.7,40741.0,Sedan,Petrol,91.0,2366.0,49.2,11.88,5.0,61.0,23.5,3,23665.0,49.7,3,6,1.9,8.0,1,1,0,1,206.0
7.3,139859.0,Sedan,Petrol,112.6,2706.0,54.6,12.61,82.6,24.6,29.5,11,3642.0,78.4,6,5,5.0,43.5,1,1,0,1,3646.0
3.4,61310.0,Hatchback,Diesel,105.4,2950.0,74.0,11.84,70.2,54.0,32.6,5,5274.0,46.4,17,12,7.5,34.3,1,1,1,1,2057.0
4.9,64587.0,Sedan,Diesel,95.7,2207.0,17.9,12.37,67.4,33.8,32.9,4,3346.0,43.2,1,2,2.4,76.4,0,0,0,0,6629.0
5.3,84977.0,Sedan,Hybrid,116.7,2433.0,57.6,12.5,54.0,57.0,30.2,7,7297.0,50.2,4,5,2.7,18.0,1,0,0,0,683.0
3.4,43694.0,Sedan,Petrol,88.6,2040.0,39.7,12.59,83.8,71.7,32.4,5,2757.0,46.1,1,0,1.8,69.6,0,0,0,0,3266.0
3.5,42780.0,Hatchback,Hybrid,94.3,2091.0,30.1,12.49,88.1,76.8,31.0,3,2456.0,42.5,6,2,1.0,61.4,0,0,1,0,2342.0
3.8,54153.0,SUV,Petrol,95.0,1917.0,36.6,12.93,41.0,28.8,33.7,6,9139.0,32.3,2,1,2.0,59.5,0,0,0,0,1841.0
2.5,49607.0,SUV,Petrol,91.4,2717.0,56.5,11.71,5.0,23.3,24.0,2,24000.0,74.3,1,1,2.6,17.0,1,1,0,1,150.0
4.8,53548.0,Hatchback,Petrol,95.3,2867.0,40.0,12.53,78.0,7.6,33.5,5,1620.0,59.7,0,2,6.3,84.8,0,0,0,0,8707.0
2.6,34673.0,Hatchback,Petrol,92.7,3161.0,26.7,12.31,20.6,53.4,24.8,2,13831.0,74.6,3,2,1.9,34.6,1,0,0,1,167.0
2.8,47034.0,Sedan,Petrol,96.1,2913.0,43.2,12.92,5.0,19.0,30.6,4,18312.0,65.4,10,7,2.7,45.5,1,1,1,1,150.0
2.0,46088.0,Truck,Diesel,102.3,2737.0,65.2,12.59,30.7,8.3,29.9,4,9937.0,52.2,1,1,3.6,49.2,1,0,0,0,1030.0
7.6,84780.0,Truck,Hybrid,92.1,2038.0,72.2,12.18,64.1,78.1,31.2,8,3657.0,28.6,4,2,1.5,50.5,0,1,1,0,1964.0
1.5,24309.0,Truck,Petrol,92.3,2549.0,55.9,12.99,91.3,53.3,34.7,2,818.0,39.3,4,3,4.7,75.9,0,0,0,0,5764.0
9.9,92645.0,Sedan,Diesel,86.9,2282.0,41.9,12.06,91.8,5.0,33.4,8,598.0,47.1,2,3,2.7,79.1,0,1,0,0,8990.0
3.5,49076.0,Hatchback,Hybrid,87.3,2641.0,50.3,11.61,61.2,23.5,31.7,4,6284.0,38.5,8,6,2.2,56.4,0,1,0,1,3100.0
3.0,34343.0,SUV,Diesel,85.2,2003.0,67.6,12.2,33.0,63.4,30.9,3,10488.0,26.5,1,2,7.2,45.9,1,0,0,1,639.0
2.0,33233.0,Sedan,Diesel,91.7,2134.0,41.0,12.51,79.3,55.6,31.5,5,2763.0,39.5,2,1,7.7,73.2,0,0,0,0,5336.0
2.2,18720.0,SUV,Petrol,89.7,2513.0,58.6,13.18,76.2,48.2,31.6,2,4227.0,49.3,2,3,1.7,67.2,0,0,0,0,5429.0
2.6,25310.0,Sedan,Hybrid,86.3,3186.0,34.8,12.74,98.5,39.8,30.6,2,2276.0,74.3,3,2,5.3,77.9,0,0,0,0,7333.0
15.0,280000.0,Sedan,Diesel,96.4,2615.0,37.7,11.39,14.4,22.4,33.3,23,11273.0,42.6,2,2,9.2,22.1,1,1,0,0,150.0
2.5,29172.0,Truck,Petrol,93.1,2352.0,44.4,11.96,38.2,56.1,26.9,1,10853.0,61.2,2,0,2.9,34.5,0,0,0,0,931.0
5.0,78951.0,Sedan,Petrol,88.6,2266.0,30.4,13.16,39.5,63.9,27.0,6,9000.0,38.3,6,6,3.9,42.6,0,0,1,1,1479.0
3.3,49152.0,SUV,Hybrid,92.3,2182.0,37.5,11.98,26.3,32.8,26.7,3,12570.0,48.9,4,0,3.3,34.2,0,0,0,1,150.0
10.4,112295.0,SUV,Petrol,90.5,2624.0,42.5,12.12,85.8,41.4,36.0,9,1496.0,51.5,2,1,5.4,59.9,0,1,0,0,5829.0
4.3,45101.0,Sedan,Electric,63.8,3062.0,32.4,11.34,100.0,30.9,31.5,2,4238.0,74.4,11,7,2.0,60.8,0,1,0,1,4569.0
1.7,27589.0,Coupe,Petrol,110.3,2443.0,44.8,12.7,45.4,54.5,28.8,4,11394.0,25.0,4,4,2.0,29.2,0,0,0,1,150.0
2.8,45346.0,Sedan,Hybrid,98.1,2339.0,46.6,11.45,5.0,5.0,25.6,5,20694.0,40.6,3,4,2.1,13.2,1,0,0,1,150.0
12.6,177330.0,Sedan,Petrol,114.4,2595.0,33.8,12.24,23.9,69.1,30.0,14,11051.0,55.5,2,1,1.7,8.0,1,1,0,0,200.0
6.1,79845.0,Sedan,Diesel,91.9,2652.0,29.5,11.86,14.7,56.2,27.6,6,14960.0,57.9,3,2,1.7,24.0,1,1,0,0,150.0
3.7,59063.0,Sedan,Hybrid,106.0,2677.0,66.2,12.97,88.6,25.8,30.4,4,528.0,35.5,6,3,3.0,59.8,1,0,0,1,6851.0
2.1,36398.0,Sedan,Petrol,93.8,2993.0,35.9,12.01,52.5,58.2,29.7,4,9620.0,51.5,4,4,2.5,43.1,0,0,0,0,1196.0
2.2,39457.0,Truck,Diesel,92.6,2742.0,46.5,12.27,88.3,74.5,32.7,2,1387.0,52.2,4,2,4.1,70.3,0,0,1,1,2868.0
1.9,30134.0,Coupe,Petrol,90.9,3212.0,23.1,12.67,51.2,55.4,27.5,3,9246.0,72.6,4,5,2.0,49.7,0,0,0,1,1383.0
1.3,12447.0,Sedan,Petrol,98.9,2544.0,45.8,12.43,100.0,13.7,30.5,1,884.0,54.9,1,2,4.0,79.7,0,0,0,0,8979.0
5.8,86346.0,Truck,Petrol,89.9,2225.0,73.8,12.83,79.2,67.2,31.8,8,2673.0,50.0,0,0,3.2,66.6,0,0,0,0,3545.0
5.2,89522.0,Truck,Diesel,95.3,2433.0,52.2,12.77,41.9,79.1,30.6,9,7863.0,42.1,4,3,9.2,45.9,0,0,1,0,1670.0
4.1,76516.0,Hatchback,Petrol,92.1,2673.0,37.0,12.55,82.9,47.2,27.7,8,1799.0,60.5,1,4,3.1,67.3,0,1,0,1,5766.0
8.2,123253.0,SUV,Petrol,92.1,2556.0,59.3,11.94,37.2,80.5,28.3,9,10382.0,48.4,6,5,4.3,22.0,0,1,1,1,320.0
5.7,68140.0,Sedan,Petrol,84.9,2462.0,44.1,11.09,88.4,26.1,27.7,5,1005.0,44.1,2,3,1.5,38.8,0,1,0,0,4254.0
1.5,15120.0,Sedan,Diesel,95.9,2397.0,15.0,11.97,32.5,30.5,31.6,2,11859.0,38.3,4,4,1.7,48.2,0,0,0,0,150.0
3.8,68470.0,Truck,Diesel,94.8,2484.0,63.8,12.09,63.7,64.1,32.6,5,5886.0,47.8,8,5,8.2,58.7,0,0,0,1,3282.0
6.2,87077.0,Hatchback,Petrol,92.3,2644.0,62.9,12.2,97.5,70.1,31.4,8,522.0,61.8,4,3,4.7,63.2,0,1,1,1,2954.0
3.8,89810.0,Sedan,Petrol,95.6,2763.0,42.7,12.69,88.1,83.7,32.8,7,2303.0,44.8,5,5,4.3,66.7,0,0,1,0,2024.0
4.0,53830.0,SUV,Electric,63.2,2394.0,53.9,12.53,100.0,34.0,29.3,3,4681.0,52.5,4,4,3.1,74.5,0,0,0,0,5221.0
1.2,14247.0,Hatchback,Petrol,86.3,2757.0,49.1,12.4,64.7,26.2,31.9,1,7089.0,44.2,2,2,3.4,73.2,0,0,0,0,3556.0
2.6,35834.0,Hatchback,Hybrid,87.6,3128.0,53.3,12.17,55.8,65.9,29.5,3,7682.0,54.4,9,9,2.9,50.0,0,0,0,1,1921.0
5.0,89946.0,Coupe,Hybrid,91.3,2775.0,45.7,12.6,13.6,88.2,33.0,7,15049.0,53.2,8,7,4.6,37.5,1,0,1,1,284.0
3.5,41977.0,Truck,Hybrid,84.7,1741.0,62.1,12.2,84.8,69.9,31.1,5,4147.0,41.0,2,1,3.3,61.9,0,0,0,1,2925.0
1.4,13634.0,SUV,Petrol,96.0,2289.0,66.6,12.73,90.4,42.2,32.2,1,482.0,63.6,5,6,5.2,78.6,0,0,0,0,7339.0
6.2,78763.0,SUV,Hybrid,90.6,2477.0,42.7,12.46,86.1,67.9,31.9,5,2417.0,31.6,7,6,1.8,65.3,0,0,0,1,3278.0
3.4,34361.0,Truck,Hybrid,92.0,2964.0,41.4,12.78,89.4,81.6,30.5,4,1035.0,67.9,6,4,3.2,63.3,0,0,1,0,1934.0
4.0,37828.0,Sedan,Diesel,105.1,3057.0,24.9,12.08,35.3,64.0,24.4,3,12243.0,56.6,4,3,1.3,11.0,1,1,1,1,150.0
1.5,13167.0,SUV,Petrol,94.1,2556.0,36.2,12.33,97.5,43.8,30.7,1,1456.0,60.2,4,3,6.2,77.3,0,0,0,0,6913.0
1.1,14361.0,Truck,Petrol,90.9,2108.0,63.3,12.5,89.8,39.3,34.4,2,3283.0,28.9,2,2,4.4,79.9,0,0,0,0,7147.0
4.1,64964.0,Sedan,Petrol,90.2,2246.0,50.2,12.26,90.3,31.7,29.8,5,1421.0,51.3,1,3,1.0,77.5,0,0,0,0,7879.0
7.6,90813.0,Truck,Diesel,97.1,3147.0,63.0,11.11,67.2,26.0,29.7,6,5124.0,73.5,5,7,4.2,34.8,0,1,0,0,2414.0
6.1,73965.0,SUV,Diesel,96.7,2582.0,75.1,12.05,83.7,60.5,32.2,7,1815.0,50.0,4,4,2.9,61.8,0,1,0,0,3824.0
5.6,84549.0,Coupe,Petrol,94.5,2326.0,34.3,11.86,26.2,44.5,33.9,6,9782.0,53.8,0,0,6.3,40.3,1,0,0,1,736.0
4.3,45427.0,Sedan,Diesel,92.3,2328.0,31.3,12.09,75.1,5.0,35.3,5,4790.0,36.0,1,2,5.9,79.2,0,0,0,0,5690.0
1.7,23989.0,Sedan,Petrol,89.4,2339.0,42.7,12.72,74.3,40.7,31.5,2,4854.0,31.9,1,4,7.3,72.2,0,0,0,0,5248.0
0.8,5000.0,SUV,Diesel,90.3,2974.0,70.5,12.83,5.0,33.4,26.5,1,20033.0,55.2,9,6,5.3,37.9,1,0,1,1,150.0
13.5,216136.0,Sedan,Electric,81.8,2428.0,34.9,10.99,100.0,60.1,25.2,20,2919.0,42.5,4,5,3.1,22.9,0,1,0,1,1758.0
3.4,50996.0,Truck,Petrol,93.1,2420.0,76.9,11.14,77.7,30.1,30.2,4,3515.0,44.2,4,2,3.8,43.2,0,1,0,0,3639.0
2.6,64768.0,Truck,Petrol,91.4,2782.0,53.5,12.4,67.8,41.3,32.9,5,6227.0,52.9,1,3,2.2,72.5,0,0,0,0,3899.0
4.0,50128.0,Sedan,Petrol,91.5,2743.0,49.0,12.87,77.0,15.8,32.6,4,3113.0,61.6,7,6,2.7,88.3,0,0,0,0,7917.0
2.0,23458.0,SUV,Diesel,97.7,2642.0,59.6,12.76,29.2,52.5,31.0,2,11878.0,59.4,7,7,4.9,44.8,1,0,0,0,150.0
2.8,55287.0,SUV,Diesel,96.1,2436.0,52.8,11.51,63.1,39.3,32.2,6,5542.0,53.4,6,7,1.2,45.3,0,1,0,0,2841.0
9.8,158695.0,SUV,Electric,69.3,2448.0,65.3,11.83,100.0,60.7,33.3,13,417.0,64.4,5,3,4.2,62.9,0,1,0,0,3936.0
4.7,60112.0,Hatchback,Petrol,92.7,2753.0,15.0,12.16,69.4,43.9,30.0,5,2927.0,66.6,6,7,4.6,61.6,0,0,0,0,5327.0
5.3,64189.0,Hatchback,Electric,62.8,2643.0,33.9,12.86,100.0,41.9,32.4,5,4894.0,50.2,2,0,5.0,80.2,0,1,0,0,5833.0
3.5,44325.0,Truck,Petrol,93.9,2566.0,62.3,12.62,41.6,81.3,33.8,5,10257.0,75.4,2,1,2.1,48.0,0,0,1,0,1021.0
7.1,91575.0,Truck,Diesel,99.2,2233.0,35.4,11.74,46.4,19.5,26.3,8,9172.0,36.8,1,1,8.0,30.1,1,1,0,1,900.0
6.9,62063.0,SUV,Petrol,90.1,1909.0,43.6,12.49,56.2,50.8,29.7,5,7610.0,30.5,6,0,4.6,51.4,0,1,0,0,2235.0
3.3,57966.0,Hatchback,Hybrid,94.7,2715.0,32.9,13.41,36.7,18.6,26.7,5,12070.0,71.4,2,1,6.0,48.9,0,0,0,1,150.0
3.8,29603.0,Truck,Diesel,98.0,2513.0,50.4,12.67,88.3,54.3,36.7,3,1967.0,42.2,3,3,1.2,63.0,0,0,0,0,4544.0
7.7,83144.0,Truck,Diesel,91.0,2234.0,45.6,11.17,62.7,72.3,32.3,6,4401.0,25.0,3,1,1.0,28.0,0,1,1,0,1051.0
3.9,51117.0,Hatchback,Hybrid,93.5,3078.0,30.6,12.91,73.1,34.1,30.0,5,5457.0,47.4,9,6,1.2,66.7,0,0,0,0,4484.0
3.1,66689.0,Sedan,Petrol,98.4,2717.0,38.7,12.53,5.0,29.7,24.8,5,24000.0,69.2,1,2,3.4,23.4,1,0,1,0,150.0
3.2,46057.0,Hatchback,Petrol,87.8,3076.0,58.9,11.09,5.0,36.5,28.3,5,24000.0,47.7,16,14,5.2,8.0,1,1,1,1,150.0
2.8,41990.0,Sedan,Hybrid,87.4,2164.0,45.8,11.31,83.5,68.9,31.7,5,4871.0,27.1,2,4,2.6,39.0,1,1,0,0,1876.0
3.9,49734.0,Sedan,Petrol,86.5,3098.0,53.5,12.3,83.1,17.4,34.6,3,1396.0,47.9,5,4,2.7,79.6,0,0,0,1,8500.0
2.9,39651.0,Sedan,Petrol,94.5,2605.0,35.6,12.18,20.0,57.5,28.7,4,14603.0,49.4,0,0,1.0,32.6,1,0,0,1,150.0
3.9,97396.0,Coupe,Diesel,87.4,2679.0,54.7,11.95,91.5,25.5,38.3,8,576.0,47.3,4,2,2.7,69.7,0,1,0,1,8045.0
2.4,41154.0,Hatchback,Diesel,93.7,3025.0,30.7,12.24,64.2,98.0,37.1,3,4309.0,41.9,10,10,2.6,45.6,0,0,1,1,150.0
4.7,55214.0,Truck,Petrol,96.9,2723.0,71.7,12.33,63.1,27.4,34.6,5,4883.0,42.6,4,5,1.8,66.3,0,0,0,0,4780.0
5.1,42433.0,Truck,Petrol,88.9,2966.0,67.5,11.68,90.3,77.4,30.4,4,1433.0,62.2,3,3,2.3,50.2,0,1,1,1,1807.0
5.6,92086.0,SUV,Petrol,88.5,2415.0,35.5,11.86,76.6,25.3,29.9,6,3419.0,43.9,1,3,7.3,57.7,0,1,0,0,5110.0
5.2,54357.0,Hatchback,Petrol,94.2,3153.0,46.0,11.84,57.6,16.3,30.6,3,7639.0,54.3,1,3,3.6,55.4,0,1,0,0,2461.0
6.7,77562.0,SUV,Hybrid,91.7,2109.0,51.3,12.3,49.8,57.6,30.8,8,8194.0,54.2,2,1,3.3,46.5,0,0,0,0,1568.0
4.1,74320.0,SUV,Electric,55.9,2522.0,55.5,12.26,100.0,70.7,30.1,6,10204.0,43.4,7,6,2.2,58.6,0,0,1,0,1251.0
3.9,48664.0,Sedan,Diesel,97.6,2911.0,42.0,12.24,70.6,9.2,31.6,4,5937.0,41.5,2,4,4.1,69.1,0,0,0,1,4165.0
2.6,35946.0,Truck,Petrol,93.7,2483.0,46.2,12.12,68.1,66.5,35.3,2,2659.0,53.0,5,2,10.0,54.0,0,0,1,0,2653.0
6.0,103097.0,Truck,Electric,85.2,2357.0,64.1,11.99,100.0,40.1,35.0,8,480.0,28.9,6,1,4.9,67.0,1,1,0,0,6766.0
2.7,35003.0,SUV,Diesel,89.8,2686.0,52.8,12.04,57.0,64.4,29.9,2,6454.0,79.9,0,1,2.6,49.2,0,0,0,0,2711.0
1.1,11784.0,Sedan,Petrol,94.3,2800.0,30.9,11.88,64.2,35.3,32.3,1,5782.0,44.0,10,8,2.9,63.9,0,0,0,0,4091.0
2.5,32872.0,Hatchback,Electric,70.0,2313.0,38.3,12.56,100.0,52.0,35.9,2,6930.0,46.5,1,1,5.7,70.5,0,0,0,0,3406.0
6.2,99095.0,Sedan,Hybrid,91.7,3020.0,35.5,11.45,5.0,31.2,31.7,8,17754.0,62.3,3,4,10.0,27.3,1,1,0,1,150.0
5.5,70221.0,Truck,Diesel,92.1,2738.0,64.2,12.89,80.2,49.6,32.2,6,2165.0,49.6,4,6,1.2,71.3,0,0,0,0,5903.0
4.4,50830.0,Coupe,Diesel,88.2,2052.0,24.6,12.57,59.1,9.5,30.6,4,8369.0,46.2,1,3,3.1,70.4,0,0,0,0,2721.0
12.0,119402.0,SUV,Petrol,90.1,2221.0,80.0,11.15,89.9,57.0,31.0,11,1853.0,33.3,1,5,2.8,39.3,0,1,0,0,2889.0
4.7,79297.0,Sedan,Petrol,90.7,2377.0,42.6,12.51,54.2,55.6,26.9,8,10418.0,53.4,2,4,5.7,47.5,1,0,0,1,656.0
2.3,48911.0,Truck,Diesel,88.5,3223.0,46.8,12.32,96.3,53.3,32.7,4,603.0,44.3,16,12,3.2,78.1,0,0,1,1,5905.0
2.1,35374.0,Hatchback,Petrol,92.6,2598.0,38.0,11.31,82.6,63.6,27.8,2,2436.0,81.1,6,3,6.1,39.8,0,1,0,1,2138.0
5.2,74115.0,SUV,Petrol,93.4,2772.0,54.2,12.55,83.8,74.9,29.8,6,2338.0,49.1,9,10,1.0,63.9,0,0,1,1,2370.0
8.4,133592.0,Coupe,Hybrid,98.2,2808.0,31.7,12.3,33.9,74.1,27.7,11,12680.0,25.0,6,4,4.4,25.1,1,1,1,1,150.0
3.9,36316.0,Sedan,Hybrid,88.5,2986.0,44.7,11.93,68.9,52.0,32.6,4,5557.0,65.3,1,2,5.7,58.5,0,0,0,0,3702.0
4.8,79400.0,SUV,Diesel,95.1,2222.0,82.0,12.33,70.6,65.4,34.0,5,3867.0,38.0,3,4,1.0,63.2,1,0,0,0,3484.0
5.0,46517.0,Truck,Hybrid,97.2,2401.0,77.6,12.04,82.0,32.3,34.1,4,2221.0,53.5,6,4,4.3,63.9,0,0,0,1,6207.0
12.3,161038.0,Hatchback,Hybrid,117.4,2505.0,42.0,12.34,72.9,42.9,32.7,15,2934.0,71.7,3,2,1.4,28.4,1,1,1,0,2485.0
6.5,114167.0,Sedan,Diesel,89.5,2514.0,30.2,12.12,43.1,49.4,29.6,10,8708.0,47.7,3,2,2.9,45.1,0,1,0,0,1522.0
7.4,124513.0,Hatchback,Petrol,90.3,2670.0,48.6,12.83,19.3,62.2,29.6,12,12741.0,49.1,9,9,2.7,38.9,1,0,1,0,219.0
2.2,33264.0,SUV,Petrol,97.6,2729.0,62.5,12.87,86.4,63.8,32.4,1,1027.0,65.1,0,2,1.4,62.1,0,0,0,0,3704.0
2.7,40820.0,SUV,Petrol,90.8,2921.0,57.6,12.05,99.2,83.8,37.1,3,495.0,72.0,4,4,3.5,58.1,0,0,1,1,1595.0
2.6,24016.0,Sedan,Petrol,91.4,2593.0,50.1,12.2,63.9,45.2,29.1,1,5577.0,50.1,5,4,2.7,59.4,0,0,0,0,3592.0
3.3,50701.0,Hatchback,Petrol,89.6,3026.0,47.3,12.64,26.4,29.1,29.3,4,12218.0,80.3,5,5,2.3,52.6,0,0,0,0,150.0
4.0,60847.0,Sedan,Petrol,114.5,2244.0,43.0,12.4,94.2,29.4,36.9,6,550.0,27.7,3,2,8.7,44.6,1,0,0,0,4944.0
4.6,60575.0,Sedan,Diesel,81.7,2170.0,25.0,12.25,69.8,34.5,26.8,5,6017.0,39.4,4,2,5.7,61.8,0,0,0,1,3887.0
3.7,50086.0,Sedan,Electric,62.7,2027.0,37.2,12.41,100.0,6.7,25.1,3,11357.0,45.3,2,1,4.1,74.0,0,0,0,1,442.0
2.6,34717.0,Hatchback,Petrol,87.6,2705.0,62.5,11.7,82.7,64.5,32.0,2,1183.0,66.8,6,2,2.6,60.4,0,0,0,1,3790.0
1.9,25614.0,Truck,Diesel,97.9,2402.0,60.3,12.82,75.2,55.9,36.7,2,3321.0,55.2,6,3,1.0,62.8,0,0,0,0,4472.0
4.9,50984.0,Truck,Diesel,92.4,2779.0,70.0,12.24,96.3,27.0,32.9,4,1091.0,42.5,9,5,1.9,82.4,0,0,0,1,9105.0
5.7,78635.0,Sedan,Petrol,113.1,1967.0,62.9,12.47,82.5,56.9,29.0,6,654.0,36.2,1,1,2.0,36.2,1,0,0,0,2395.0
3.4,40973.0,SUV,Electric,68.8,2354.0,42.6,12.57,100.0,83.9,32.8,2,4829.0,31.1,6,6,8.2,69.3,0,0,1,1,1895.0
1.2,5000.0,SUV,Diesel,86.0,2729.0,86.4,12.93,46.1,34.3,32.2,2,7505.0,59.2,5,4,1.0,68.5,0,0,0,0,2961.0
6.5,151914.0,Hatchback,Petrol,96.9,2808.0,52.1,12.24,5.0,33.6,27.7,13,17020.0,46.5,4,3,2.5,26.0,1,1,0,0,165.0
3.3,31191.0,Hatchback,Hybrid,90.1,2541.0,52.7,12.46,74.5,43.3,29.6,3,2798.0,66.2,3,1,4.4,69.9,0,0,0,0,6354.0
1.5,20888.0,Sedan,Petrol,93.9,2409.0,33.2,12.62,87.4,41.0,28.6,1,2362.0,31.9,4,4,3.5,71.5,0,0,0,0,6366.0
3.8,53569.0,Truck,Diesel,88.9,2875.0,64.7,12.16,53.7,30.7,30.3,5,6740.0,58.0,3,5,2.6,64.1,0,0,0,0,3346.0
6.7,76714.0,Sedan,Petrol,91.3,3058.0,36.4,11.19,5.0,76.2,28.3,6,19524.0,51.4,15,10,1.7,8.0,1,1,1,1,150.0
3.0,36247.0,SUV,Hybrid,87.8,2548.0,56.2,12.1,84.6,63.4,33.3,5,1735.0,43.4,1,3,4.3,68.0,0,0,0,1,3895.0
0.6,5341.0,Sedan,Petrol,90.5,3145.0,48.4,12.76,100.0,25.5,34.8,1,1221.0,44.4,7,8,2.8,84.1,0,0,0,0,9133.0
3.2,47690.0,Sedan,Diesel,95.7,2432.0,36.7,12.96,23.9,9.0,29.4,4,12447.0,53.4,3,2,8.2,56.8,0,0,0,1,150.0
2.5,38761.0,SUV,Petrol,91.9,3167.0,71.4,11.77,94.3,80.5,32.1,2,1335.0,51.6,6,7,3.2,53.8,0,0,1,0,1840.0
4.3,76392.0,SUV,Diesel,93.0,2536.0,47.4,12.71,84.9,60.2,34.7,5,4113.0,39.5,2,2,8.9,67.4,0,0,0,0,4350.0
3.9,77796.0,Sedan,Hybrid,91.8,2752.0,17.1,12.37,44.1,55.6,29.6,7,10283.0,59.2,4,4,3.8,53.4,0,0,0,0,979.0
2.8,37840.0,Truck,Diesel,98.0,2888.0,52.3,12.87,75.9,76.1,30.5,3,3458.0,68.9,6,4,2.4,56.9,0,0,1,0,2055.0
2.7,45354.0,SUV,Diesel,88.2,2798.0,70.2,12.52,55.6,10.7,25.3,5,7214.0,48.6,4,4,2.2,64.5,0,0,0,1,3247.0
7.9,148888.0,Sedan,Diesel,90.9,2611.0,72.3,11.85,35.4,24.2,27.7,11,10632.0,60.1,4,6,3.1,39.9,0,1,0,1,607.0
5.2,73863.0,Truck,Hybrid,92.3,2479.0,68.6,11.58,70.9,52.5,31.3,5,5445.0,49.8,1,1,1.8,45.4,0,1,0,0,3163.0
5.1,89219.0,Sedan,Diesel,87.5,2948.0,54.0,12.35,78.4,66.7,28.8,7,1851.0,85.7,5,4,1.7,60.2,0,0,0,0,3117.0
6.3,76583.0,SUV,Hybrid,92.0,2872.0,48.3,12.61,78.2,52.9,32.7,5,2059.0,52.2,1,1,5.6,66.9,0,0,0,0,4989.0
3.3,59882.0,Truck,Hybrid,91.6,2514.0,82.0,13.27,5.0,38.6,29.3,5,24000.0,61.8,2,3,4.2,37.2,1,0,0,0,152.0
9.0,107025.0,Sedan,Petrol,92.0,3254.0,48.6,11.98,29.2,25.8,27.3,10,11239.0,68.3,2,3,1.6,36.2,0,1,0,0,265.0
4.7,76040.0,Sedan,Petrol,92.0,2294.0,48.3,12.39,79.3,59.1,31.3,7,2901.0,43.0,5,2,4.8,66.6,0,1,0,1,4303.0
4.1,66650.0,SUV,Petrol,88.8,2421.0,63.5,12.12,91.0,52.1,34.7,4,1676.0,61.9,3,5,2.7,67.1,0,0,0,0,4895.0
4.6,44261.0,Hatchback,Hybrid,85.0,2487.0,26.5,12.27,84.1,70.6,33.3,2,2545.0,64.1,7,3,4.2,68.0,0,0,1,0,3288.0
3.2,39064.0,SUV,Petrol,92.2,2419.0,59.0,12.23,38.1,83.0,26.6,3,11584.0,58.0,3,3,4.4,31.4,0,0,1,1,150.0
2.5,30113.0,Truck,Diesel,87.9,3147.0,37.7,12.09,62.0,61.1,31.1,1,6282.0,62.7,4,4,2.1,53.2,0,0,0,1,2997.0
7.1,127239.0,SUV,Hybrid,111.0,2024.0,62.7,11.52,56.7,61.2,32.4,12,8022.0,42.9,2,1,9.5,8.0,1,1,0,0,166.0
1.8,8030.0,Sedan,Petrol,88.5,2956.0,43.6,12.54,58.4,25.2,28.3,1,7346.0,82.1,4,2,2.1,68.4,0,0,0,0,3277.0
1.9,28958.0,SUV,Diesel,101.8,2602.0,46.8,12.15,30.6,67.5,29.0,2,12940.0,25.0,7,3,4.4,26.0,0,0,1,0,150.0
3.6,62006.0,Truck,Petrol,92.9,3155.0,68.7,11.99,5.0,29.1,22.4,6,24000.0,40.2,3,4,1.9,17.1,1,0,1,1,249.0
2.2,32069.0,Sedan,Petrol,94.3,2352.0,36.9,12.76,66.1,51.4,30.3,3,6873.0,33.3,4,4,2.8,60.1,0,0,0,1,3066.0
1.2,26696.0,Sedan,Hybrid,95.9,2876.0,36.4,12.32,59.8,39.8,27.9,1,6432.0,76.1,2,3,3.0,53.3,0,0,0,1,3054.0
1.9,13403.0,Sedan,Petrol,89.7,2246.0,46.8,13.25,94.4,33.4,29.8,1,1173.0,50.2,4,3,5.5,78.2,0,0,0,1,8456.0
2.3,38682.0,SUV,Petrol,91.7,2260.0,53.4,12.42,5.0,69.9,31.3,2,16942.0,38.8,3,2,3.7,34.0,1,0,1,1,150.0
4.8,60136.0,Coupe,Hybrid,112.4,2913.0,41.6,11.48,88.9,21.5,32.2,5,821.0,43.5,1,1,5.0,33.0,1,1,0,0,3776.0
3.5,32907.0,Sedan,Petrol,95.6,2521.0,52.8,12.32,60.7,54.1,35.7,3,7759.0,30.7,2,3,3.5,57.3,0,0,0,0,2211.0
6.4,68530.0,SUV,Electric,59.9,3013.0,46.3,11.78,100.0,51.2,28.8,7,9227.0,60.8,4,4,6.4,44.8,1,1,0,0,1265.0
1.8,32206.0,Sedan,Electric,64.1,2753.0,28.9,11.98,100.0,44.9,33.2,1,3025.0,62.2,0,1,4.5,69.6,0,0,0,0,6066.0
2.0,26708.0,Coupe,Petrol,97.1,2831.0,36.8,12.95,88.4,44.9,35.0,3,1111.0,56.2,0,2,3.8,77.5,0,0,0,0,6803.0
4.4,72146.0,Sedan,Petrol,84.8,2789.0,37.2,12.83,70.0,40.5,32.7,5,3995.0,42.0,0,0,4.2,73.3,0,0,0,0,5791.0
2.5,39398.0,SUV,Diesel,95.2,2702.0,62.1,12.1,99.8,65.6,30.8,3,2182.0,73.4,1,3,1.1,61.7,0,0,0,0,3383.0
3.1,31074.0,Truck,Diesel,96.8,2784.0,76.1,12.59,70.6,64.3,32.6,2,6258.0,62.9,1,1,1.5,57.9,0,0,0,0,3337.0
1.9,26279.0,Truck,Petrol,94.7,2003.0,52.3,12.93,95.4,58.6,28.6,2,631.0,27.6,1,1,3.9,69.1,0,0,0,0,4297.0
1.8,34994.0,SUV,Diesel,87.5,2333.0,60.4,11.02,89.4,88.1,33.0,4,721.0,49.3,11,10,3.4,38.7,1,1,1,1,905.0
2.4,23963.0,Sedan,Petrol,108.7,2341.0,31.0,12.44,62.2,40.3,33.1,3,5929.0,35.8,1,1,6.0,50.4,0,0,0,0,3068.0
6.7,122436.0,SUV,Hybrid,91.3,2747.0,43.5,12.08,76.0,72.0,32.0,8,1366.0,72.6,5,1,1.0,54.4,0,1,0,0,2349.0
1.5,14729.0,Sedan,Petrol,98.5,2780.0,54.1,12.54,95.9,51.4,27.0,1,3294.0,45.7,14,10,3.2,61.1,0,0,1,1,4781.0
7.1,103603.0,Sedan,Petrol,118.7,2123.0,40.1,12.67,12.2,26.2,28.0,8,13916.0,32.7,0,2,1.2,8.0,1,1,0,0,150.0
6.3,88660.0,SUV,Petrol,92.7,2569.0,69.4,12.42,84.6,82.5,35.0,9,563.0,50.0,5,3,3.8,59.9,0,0,1,0,1961.0
2.8,45496.0,Sedan,Electric,54.2,2887.0,53.3,12.64,100.0,5.9,28.3,5,1453.0,74.3,3,2,4.0,81.4,0,0,0,1,8641.0
3.9,49215.0,Sedan,Diesel,114.3,3285.0,52.4,11.6,5.0,17.3,28.2,5,15718.0,64.1,8,5,4.9,8.0,1,1,1,1,150.0
4.6,82141.0,Truck,Hybrid,90.7,2695.0,38.5,12.6,74.9,71.5,32.0,6,3510.0,44.7,6,5,1.6,65.4,0,0,1,0,2943.0
5.6,86991.0,Coupe,Petrol,91.6,2587.0,47.0,12.29,82.6,69.1,32.5,9,3369.0,49.6,5,1,1.0,64.6,0,0,1,0,3085.0
2.0,12710.0,SUV,Petrol,84.9,2539.0,43.2,12.31,72.0,35.1,28.9,1,5638.0,65.9,4,3,4.6,68.3,0,0,0,0,4455.0
5.9,111490.0,Sedan,Petrol,92.5,2464.0,16.2,12.5,70.7,38.5,36.0,9,4163.0,71.5,4,1,2.0,65.0,0,1,0,0,5324.0
4.1,40572.0,Sedan,Diesel,85.5,2323.0,47.9,12.26,37.8,88.5,30.2,1,10075.0,30.3,9,9,1.9,38.0,0,0,1,1,817.0
2.1,38438.0,Coupe,Diesel,81.4,2466.0,55.9,13.12,79.6,60.6,33.6,5,2546.0,54.2,3,2,3.2,70.8,0,0,0,0,4478.0
4.1,50303.0,Sedan,Diesel,92.4,2784.0,53.7,12.35,85.3,35.0,33.6,4,1466.0,47.0,12,9,1.3,77.6,0,0,0,1,8072.0
2.1,23933.0,Sedan,Petrol,99.2,2621.0,31.4,12.56,63.3,39.0,29.3,2,5658.0,45.2,6,5,4.5,57.0,0,0,0,0,3764.0
3.8,61780.0,SUV,Electric,59.0,2580.0,88.0,11.11,100.0,39.2,35.2,6,4536.0,70.8,4,3,1.4,56.6,0,1,0,0,4306.0
2.9,28432.0,SUV,Petrol,89.6,1861.0,65.8,12.2,77.3,60.6,24.9,2,3296.0,33.0,7,5,1.7,48.5,0,0,0,1,3068.0
4.2,23657.0,SUV,Electric,62.8,2545.0,43.5,12.12,100.0,49.9,32.4,3,3483.0,63.3,0,2,2.4,70.2,0,0,0,0,5486.0
4.4,57599.0,Sedan,Petrol,96.2,2469.0,15.9,12.3,7.0,26.5,30.2,5,16075.0,25.0,3,3,1.6,41.1,1,1,0,0,150.0
7.6,115263.0,Sedan,Diesel,114.8,2387.0,38.7,11.79,36.5,37.6,30.1,9,10655.0,41.8,2,4,5.3,8.0,1,1,0,1,171.0
5.4,103283.0,Coupe,Petrol,88.7,2501.0,16.0,11.71,86.9,31.5,33.8,7,1850.0,52.5,3,2,5.1,66.2,0,1,0,0,6555.0
4.9,45530.0,Sedan,Petrol,96.8,1985.0,28.8,12.37,81.8,12.7,30.4,5,4205.0,33.6,4,4,3.4,72.2,0,0,0,0,5245.0
1.2,18258.0,Truck,Diesel,86.6,2961.0,34.0,11.98,39.3,49.9,30.2,1,9496.0,82.9,3,3,2.0,42.8,0,0,0,0,983.0
6.5,89498.0,Truck,Petrol,89.4,2541.0,45.4,11.89,68.7,86.7,32.0,6,5155.0,42.0,5,3,1.7,43.0,0,1,1,0,890.0
3.0,38859.0,SUV,Petrol,93.9,2417.0,50.4,13.11,5.0,89.1,25.5,2,18042.0,40.8,6,6,3.8,19.9,1,0,1,1,211.0
1.9,37073.0,Sedan,Diesel,85.2,2909.0,33.9,12.55,62.9,67.1,34.0,2,8480.0,42.3,10,8,1.7,62.5,0,0,1,1,2136.0
10.9,132357.0,Sedan,Diesel,93.1,2957.0,68.0,11.22,86.1,73.4,37.1,11,1384.0,60.2,5,3,2.1,23.2,1,1,1,0,1153.0
2.5,40384.0,SUV,Hybrid,96.1,3330.0,53.8,11.66,80.8,81.1,32.1,3,3715.0,64.7,5,5,1.1,42.7,0,0,1,0,1236.0
8.1,145354.0,Hatchback,Petrol,98.2,2164.0,54.7,12.42,20.0,14.6,27.6,11,13049.0,45.9,2,1,3.2,40.5,1,1,1,1,150.0
4.6,75936.0,Hatchback,Diesel,106.0,2593.0,45.6,12.32,69.3,48.9,32.1,6,3731.0,56.4,1,1,1.7,49.9,0,0,0,0,3839.0
5.2,42771.0,Sedan,Diesel,89.7,2238.0,36.3,12.49,66.9,62.3,32.7,5,5032.0,57.5,2,1,2.8,65.9,0,0,0,0,4039.0
3.8,49308.0,Sedan,Petrol,94.4,2513.0,35.5,11.98,36.5,5.0,29.7,4,11373.0,31.8,2,4,1.9,51.8,0,0,0,0,375.0
2.1,24694.0,Hatchback,Diesel,89.0,2705.0,57.4,12.37,100.0,50.4,34.5,3,532.0,50.3,3,4,5.2,82.4,0,0,1,0,6558.0
5.8,97334.0,Truck,Petrol,90.3,1972.0,42.0,12.73,84.5,29.4,33.7,7,926.0,43.2,4,3,3.9,79.9,0,0,0,1,8797.0
4.4,55321.0,Hatchback,Petrol,92.8,2545.0,36.1,12.09,74.8,31.3,32.6,4,2402.0,30.2,9,7,1.2,71.6,0,1,0,0,6835.0
4.4,68244.0,Sedan,Petrol,93.0,2545.0,32.7,12.25,40.4,35.7,26.2,6,9843.0,55.0,2,3,5.5,47.3,0,0,0,0,1293.0
4.0,73206.0,SUV,Petrol,83.9,2388.0,54.5,12.69,83.4,51.6,37.3,6,2500.0,66.2,4,2,2.5,65.8,0,0,0,1,5085.0
3.3,36767.0,Truck,Diesel,86.8,2628.0,45.9,12.65,74.6,89.9,29.6,2,3873.0,52.6,8,6,5.6,56.9,0,0,1,0,780.0
5.8,110050.0,Truck,Diesel,84.2,2660.0,64.0,12.67,78.5,37.0,31.7,10,3141.0,25.0,2,1,3.5,72.4,0,0,0,0,6595.0
5.1,47242.0,SUV,Electric,65.3,2536.0,65.7,12.08,100.0,21.2,26.8,4,10871.0,45.6,4,1,2.6,62.4,0,0,0,1,788.0
6.1,73535.0,Sedan,Diesel,87.0,2427.0,35.8,12.23,56.3,59.9,31.7,6,6466.0,39.5,8,8,1.0,54.6,0,0,0,0,3112.0
3.4,25108.0,SUV,Petrol,90.6,2730.0,59.9,11.2,84.5,57.0,37.3,3,1993.0,76.9,5,2,1.2,39.0,0,1,0,0,2754.0
3.2,49028.0,Sedan,Hybrid,91.0,2154.0,32.7,12.08,22.9,16.3,28.7,3,14364.0,47.3,8,6,6.4,43.4,1,0,0,1,200.0
2.8,42644.0,SUV,Hybrid,82.9,2198.0,59.7,12.1,90.3,98.0,30.4,3,471.0,29.4,9,7,1.7,58.8,0,0,1,1,150.0
4.1,48287.0,Coupe,Petrol,87.8,2928.0,53.6,12.36,84.5,5.0,34.0,4,3919.0,51.4,2,2,5.4,83.7,0,0,0,0,6615.0
1.2,11026.0,SUV,Diesel,85.4,2760.0,53.2,13.05,45.7,31.0,32.7,2,10750.0,60.9,3,0,5.7,62.9,0,0,0,0,612.0
13.9,129343.0,Hatchback,Electric,64.2,2734.0,39.9,12.39,100.0,70.5,30.2,11,4405.0,53.4,7,4,4.4,57.4,0,1,1,0,2479.0
2.6,53248.0,Sedan,Diesel,88.9,2612.0,69.5,11.98,85.1,30.1,35.2,4,2547.0,40.8,6,5,1.1,68.1,0,0,0,0,6447.0
7.5,105787.0,Truck,Electric,68.4,2836.0,58.7,11.91,100.0,32.9,28.8,8,16706.0,45.6,1,3,2.0,53.4,0,1,0,0,150.0
2.9,31697.0,Coupe,Petrol,103.9,2722.0,29.5,12.07,64.5,55.3,34.1,1,7569.0,62.7,4,2,8.4,42.7,1,0,0,0,1779.0
5.4,108519.0,Sedan,Petrol,89.1,2460.0,28.5,12.21,67.1,39.8,30.6,8,5473.0,53.4,2,2,7.3,58.1,0,0,0,0,3738.0
9.5,124029.0,Sedan,Petrol,90.5,2967.0,69.4,12.28,5.0,63.3,31.6,10,17443.0,80.4,7,5,1.6,30.2,0,0,0,0,150.0
5.2,57962.0,SUV,Diesel,108.8,2555.0,46.3,12.52,10.4,29.7,29.3,3,15983.0,53.4,2,4,2.5,18.3,1,1,0,0,150.0
9.2,101510.0,Sedan,Hybrid,96.9,2143.0,30.4,12.24,69.3,28.6,33.9,8,3157.0,30.6,3,1,5.3,60.2,0,1,0,0,5405.0
7.2,76593.0,Truck,Electric,54.4,2905.0,53.9,12.21,100.0,63.3,30.3,5,3192.0,49.2,4,2,1.0,58.2,0,0,0,1,3646.0
2.1,22691.0,Hatchback,Petrol,93.3,2200.0,49.2,12.53,85.4,50.0,31.8,3,2663.0,44.1,3,3,5.1,74.6,0,0,1,0,5850.0
5.8,69308.0,SUV,Petrol,94.7,2487.0,45.1,12.11,81.6,61.4,34.3,6,2566.0,30.3,10,10,3.5,59.6,0,0,0,0,3498.0
4.7,101343.0,Sedan,Hybrid,88.9,2349.0,41.1,11.84,83.9,20.8,33.8,8,1406.0,53.8,8,8,10.0,66.3,0,0,0,0,6949.0
2.4,30812.0,SUV,Diesel,84.3,2651.0,36.7,12.34,67.8,55.3,32.2,2,7054.0,46.1,1,1,5.9,68.2,0,0,0,0,3654.0
6.9,59886.0,Truck,Petrol,89.6,2670.0,52.6,12.32,84.5,39.5,36.9,4,2716.0,54.1,2,3,1.0,64.7,0,0,0,0,6096.0
1.8,30620.0,Sedan,Diesel,94.0,3166.0,47.9,12.43,76.5,49.0,29.0,2,4264.0,77.6,2,0,4.7,62.9,0,0,0,1,4880.0
6.6,85552.0,SUV,Diesel,84.7,2287.0,49.8,11.73,78.3,73.1,32.0,8,4609.0,50.2,2,1,6.8,47.6,0,1,0,0,2054.0
5.8,95300.0,SUV,Hybrid,92.5,2712.0,81.2,12.22,50.5,34.8,29.3,8,7604.0,66.3,5,7,4.1,47.0,0,0,0,0,2224.0
4.1,44264.0,SUV,Diesel,94.9,2145.0,42.6,12.16,36.7,75.3,28.1,3,11733.0,49.3,3,1,3.9,29.1,0,0,1,0,150.0
2.7,30077.0,Sedan,Petrol,97.1,2653.0,41.4,12.9,5.0,41.1,27.4,2,22973.0,57.8,0,1,3.9,30.0,1,1,0,1,150.0
5.8,116906.0,Truck,Electric,69.3,2402.0,68.5,12.5,100.0,58.1,25.7,10,4160.0,53.7,3,1,5.8,61.7,0,0,0,1,4250.0
1.0,10311.0,Sedan,Diesel,92.7,2588.0,50.9,11.45,26.0,19.1,24.3,1,12899.0,55.7,2,1,3.8,23.8,0,1,0,1,173.0
2.3,32032.0,Sedan,Petrol,92.2,2431.0,72.1,12.47,75.3,57.7,31.4,1,5350.0,50.2,3,3,3.2,70.4,0,1,0,1,4817.0
3.9,56626.0,Hatchback,Petrol,86.7,3387.0,48.3,11.98,5.0,23.0,28.2,5,18100.0,72.3,3,8,4.0,32.6,1,0,0,0,150.0
4.1,70361.0,Truck,Diesel,87.7,2981.0,43.7,11.86,30.3,70.4,26.8,8,9681.0,60.8,7,3,1.0,25.6,1,0,1,1,526.0
2.4,29337.0,Sedan,Petrol,84.6,2510.0,39.8,11.64,49.3,44.1,28.9,2,7926.0,53.6,1,1,3.2,40.2,0,0,0,0,1568.0
2.4,21399.0,Sedan,Petrol,91.8,3065.0,31.9,12.75,69.9,45.1,31.2,2,3915.0,64.7,4,5,2.3,73.5,0,0,0,0,5753.0
5.3,98207.0,Sedan,Diesel,93.3,2728.0,45.0,12.67,71.0,23.1,35.6,8,2752.0,53.8,6,7,5.9,76.3,0,0,0,1,7011.0
2.1,25790.0,Sedan,Petrol,92.0,2735.0,55.2,10.91,41.7,42.7,30.6,2,11089.0,67.6,1,3,1.7,28.2,0,1,0,0,413.0
3.1,59862.0,Sedan,Diesel,106.0,1865.0,49.6,12.81,66.5,22.9,30.8,7,6049.0,35.5,1,4,3.1,56.6,1,0,0,0,3563.0
1.8,31619.0,Sedan,Petrol,94.5,2908.0,36.7,13.21,93.0,52.9,31.8,1,929.0,81.8,4,0,1.8,79.0,0,0,0,0,5923.0
4.0,41039.0,SUV,Diesel,108.8,2504.0,44.6,12.3,73.8,78.6,33.4,4,4112.0,54.4,2,1,3.9,35.8,1,0,1,0,1075.0
3.4,46871.0,Truck,Petrol,91.8,2632.0,59.1,12.09,93.7,29.7,30.3,4,1419.0,36.0,7,4,8.1,74.3,0,0,0,1,7789.0
0.9,17945.0,SUV,Petrol,92.5,2774.0,59.2,12.49,99.2,40.7,32.8,1,582.0,62.5,3,1,4.8,86.0,0,0,0,0,8020.0
1.5,12505.0,Truck,Petrol,89.6,2544.0,38.6,12.89,5.0,33.7,25.5,2,24000.0,70.1,3,2,4.8,29.1,1,0,0,1,150.0
7.7,84911.0,Sedan,Electric,58.4,2564.0,32.2,12.68,100.0,76.7,30.9,5,5481.0,37.7,7,8,1.4,65.0,0,0,1,1,2164.0
2.5,28737.0,Coupe,Hybrid,87.4,2450.0,38.5,12.43,27.0,51.9,30.3,3,11277.0,45.4,5,5,3.9,48.9,1,0,0,0,247.0
4.8,58842.0,Hatchback,Petrol,89.5,2991.0,24.4,12.02,66.9,21.8,30.2,5,4290.0,66.2,5,3,2.1,62.9,0,0,0,0,4632.0
2.0,36331.0,Hatchback,Hybrid,92.1,3002.0,17.9,12.55,69.8,53.5,33.9,3,6954.0,59.9,2,2,2.8,65.3,0,0,0,0,3101.0
8.4,81049.0,Hatchback,Diesel,91.6,2639.0,27.2,11.4,5.0,55.0,28.7,7,24000.0,45.8,3,2,2.5,8.0,1,1,1,1,150.0
1.2,22341.0,Hatchback,Electric,55.9,3103.0,46.6,12.54,100.0,49.6,36.4,1,7309.0,48.5,4,5,1.7,71.0,0,0,1,1,3314.0
7.3,101291.0,SUV,Petrol,95.3,2345.0,53.2,12.1,84.1,25.0,36.7,9,1555.0,34.5,1,0,3.6,66.8,0,0,0,0,7185.0
4.1,69135.0,Sedan,Diesel,91.4,2105.0,34.3,12.44,37.7,38.9,30.9,6,10439.0,38.2,1,2,3.9,52.2,0,0,0,0,1022.0
5.7,36307.0,SUV,Petrol,92.0,1796.0,40.8,11.65,5.0,62.7,28.1,3,17625.0,28.6,2,0,5.4,13.7,1,0,1,1,150.0
7.8,68247.0,Truck,Petrol,96.6,2180.0,57.2,12.34,71.5,49.8,35.7,6,2929.0,47.1,3,1,6.2,56.3,0,1,0,0,4657.0
4.5,57541.0,Truck,Electric,67.2,2515.0,57.4,12.75,100.0,39.9,33.8,6,2045.0,61.5,3,2,4.5,81.8,0,0,0,0,7863.0
9.6,192504.0,SUV,Diesel,114.7,2390.0,70.1,12.07,66.9,43.0,27.3,18,2399.0,48.3,5,4,1.4,15.7,1,1,0,0,1513.0
7.7,87568.0,Sedan,Petrol,98.4,3165.0,17.5,11.64,77.4,98.0,33.4,9,1587.0,67.6,14,12,2.2,35.4,0,1,1,1,150.0
5.6,77875.0,SUV,Petrol,87.9,2406.0,33.4,11.75,92.5,62.5,31.1,5,1946.0,43.0,3,3,3.3,59.4,0,1,0,1,3651.0
7.1,150568.0,Hatchback,Diesel,91.4,2282.0,50.9,11.82,44.5,24.5,27.4,12,7981.0,31.1,0,2,6.0,39.7,0,1,0,0,1479.0
3.9,56480.0,SUV,Diesel,104.2,3364.0,60.1,12.71,79.7,23.7,34.9,5,3385.0,68.2,2,3,4.1,63.9,0,1,0,0,5524.0
2.2,35474.0,SUV,Petrol,94.3,2839.0,65.6,13.03,6.4,66.1,25.1,3,14527.0,57.1,1,3,5.6,26.0,1,0,0,1,150.0
12.8,154665.0,Sedan,Electric,77.0,2833.0,29.7,11.16,100.0,25.2,31.4,14,3287.0,69.2,1,3,6.9,48.9,0,1,0,0,4116.0
4.1,77946.0,SUV,Petrol,91.9,2813.0,50.5,11.63,5.0,61.6,29.3,5,16678.0,47.3,3,4,6.5,18.5,1,1,0,1,150.0
4.6,88759.0,Hatchback,Petrol,92.2,2715.0,26.7,11.74,85.2,77.3,32.3,6,1329.0,74.3,9,5,1.8,48.9,0,1,1,0,1994.0
1.6,31240.0,Truck,Electric,69.1,2210.0,27.2,12.62,100.0,70.4,30.0,2,624.0,36.9,5,4,1.5,70.1,0,0,1,1,3421.0
8.1,110988.0,Truck,Petrol,94.7,2830.0,57.7,12.0,34.4,55.8,28.4,9,10330.0,48.0,4,5,4.5,32.6,1,1,0,0,514.0
4.6,74110.0,SUV,Petrol,91.2,2627.0,71.4,12.53,34.8,53.3,30.0,6,9888.0,57.7,5,3,5.8,52.9,0,0,0,0,1245.0
5.3,36072.0,SUV,Diesel,84.8,2510.0,52.4,12.47,50.9,66.7,26.1,3,8185.0,45.4,4,3,1.1,43.8,0,0,0,1,1767.0
5.7,97878.0,Sedan,Hybrid,88.6,2447.0,34.2,11.18,59.8,28.9,29.6,9,3957.0,55.2,9,6,2.9,38.9,0,1,1,1,3105.0
2.5,29616.0,Truck,Petrol,91.7,2696.0,41.8,12.28,78.7,44.3,32.4,3,1848.0,69.5,4,4,5.6,73.4,1,0,0,0,6293.0
8.0,107672.0,SUV,Electric,51.1,2430.0,66.2,12.26,100.0,46.4,31.8,10,2101.0,57.3,3,1,1.7,77.7,0,1,0,0,6719.0
4.8,84164.0,SUV,Hybrid,95.9,2409.0,55.4,12.67,39.9,69.0,28.5,7,10896.0,49.5,2,3,3.6,41.0,0,0,1,1,493.0
1.0,17469.0,SUV,Petrol,90.6,3212.0,54.3,12.6,5.0,28.7,26.0,1,18809.0,69.2,1,1,4.2,38.8,1,0,0,1,150.0
7.1,67753.0,Hatchback,Diesel,118.0,3266.0,24.7,12.52,5.0,53.3,30.7,5,20043.0,59.2,9,5,1.0,8.0,1,1,0,1,150.0
3.7,39181.0,Sedan,Petrol,85.6,2797.0,28.6,11.9,65.3,56.1,32.9,5,3450.0,51.9,4,2,5.0,61.8,0,1,0,1,4452.0
2.6,48004.0,Hatchback,Petrol,89.4,2615.0,50.0,12.46,72.5,8.3,28.9,3,7262.0,50.9,3,4,5.5,73.3,0,0,0,0,3346.0
1.3,11675.0,Sedan,Hybrid,94.3,2351.0,34.1,12.32,81.8,31.0,32.4,2,2792.0,46.9,4,3,3.5,81.9,0,0,0,0,7614.0
3.1,61045.0,SUV,Electric,58.2,2442.0,46.6,12.69,100.0,42.2,28.5,5,12868.0,63.8,6,3,1.0,68.2,0,0,0,0,278.0
2.9,38159.0,Sedan,Petrol,90.9,2747.0,69.7,12.61,76.4,60.3,30.1,6,6237.0,64.3,1,2,2.3,62.0,0,0,0,1,3502.0
7.5,135653.0,Sedan,Petrol,94.8,3090.0,41.2,12.05,23.3,9.3,28.4,10,13222.0,69.7,2,3,5.9,44.5,0,1,1,1,150.0
2.8,34790.0,SUV,Diesel,96.8,2871.0,53.1,12.48,50.4,80.3,31.0,2,9310.0,58.0,4,4,1.9,44.2,0,0,1,1,1380.0
1.5,18784.0,Sedan,Petrol,95.3,2448.0,38.0,12.44,90.3,40.8,31.1,3,2237.0,44.4,5,2,6.6,75.2,0,0,1,1,6706.0
5.3,93626.0,SUV,Petrol,94.5,2691.0,44.7,12.46,91.1,16.4,30.9,7,603.0,56.6,0,1,3.0,80.0,0,0,0,0,9014.0
7.7,94504.0,Hatchback,Petrol,90.1,2774.0,45.1,12.34,5.0,30.8,22.9,8,24000.0,44.1,12,10,5.1,19.0,1,1,1,1,150.0
3.2,29475.0,Sedan,Diesel,97.6,2697.0,66.9,12.44,78.7,49.8,28.7,1,4341.0,54.3,6,7,1.6,58.7,0,0,1,0,4205.0
10.7,168360.0,Truck,Petrol,108.9,2587.0,60.2,11.62,68.9,58.3,32.3,14,2487.0,71.7,3,4,8.1,23.8,1,1,0,0,1748.0
7.0,56912.0,SUV,Petrol,86.4,2720.0,36.1,11.66,38.2,33.4,29.2,4,11255.0,68.5,3,4,2.1,33.0,0,1,0,0,434.0
8.1,155198.0,Truck,Hybrid,120.0,2742.0,48.4,12.57,83.8,42.1,33.5,13,1621.0,64.7,1,2,2.8,39.6,1,1,0,0,3565.0
5.2,78978.0,Sedan,Hybrid,92.9,2676.0,45.7,12.36,64.0,74.0,29.6,6,4997.0,51.7,10,8,2.7,54.5,0,0,1,1,2382.0
4.9,54487.0,Sedan,Diesel,86.5,2918.0,31.1,12.52,65.8,49.2,31.6,4,3932.0,64.5,15,14,1.0,65.6,0,0,1,0,5167.0
2.7,49400.0,Sedan,Petrol,85.8,2570.0,36.4,12.64,85.4,5.7,36.2,6,1280.0,43.0,3,5,2.9,84.7,0,0,0,1,8944.0
9.4,170310.0,Sedan,Diesel,85.6,2344.0,28.1,11.24,45.4,56.2,31.3,15,7710.0,31.5,3,2,1.8,20.7,0,1,0,0,994.0
8.5,118412.0,Sedan,Petrol,99.6,2602.0,37.2,12.62,10.9,49.0,25.4,10,14352.0,55.8,5,5,3.5,16.4,1,1,1,1,150.0
9.5,205335.0,Truck,Petrol,112.0,2490.0,55.2,11.43,5.0,59.8,26.6,18,17570.0,46.7,5,3,4.0,8.0,1,1,0,1,150.0
3.9,85532.0,Hatchback,Diesel,89.4,2136.0,47.2,11.78,74.1,62.5,31.2,8,5678.0,77.0,2,1,1.9,50.1,0,0,0,0,2830.0
3.3,52924.0,Hatchback,Petrol,98.0,3064.0,27.4,12.16,89.1,18.5,32.8,5,497.0,74.9,5,4,1.9,71.9,0,1,0,0,8210.0
6.1,107685.0,Truck,Petrol,92.5,2471.0,52.6,12.4,79.9,36.5,30.0,11,3576.0,42.4,2,2,2.1,65.6,0,0,0,0,5508.0
3.0,52061.0,Sedan,Petrol,90.2,3029.0,36.5,12.47,68.7,10.3,31.1,4,5585.0,61.7,2,3,3.6,79.2,0,1,0,0,4887.0
3.9,34326.0,Sedan,Petrol,95.7,2137.0,37.0,12.41,5.0,40.0,26.0,4,22840.0,25.0,1,2,2.6,29.0,1,0,0,1,150.0
1.0,11188.0,Sedan,Petrol,93.9,2800.0,30.6,12.48,75.5,31.2,33.1,2,4217.0,56.8,3,3,1.9,82.4,0,0,0,0,6520.0
4.6,48848.0,Sedan,Electric,66.4,2906.0,39.8,11.45,100.0,18.2,37.2,3,3222.0,56.4,5,3,2.5,59.9,0,1,0,1,5343.0
5.6,73836.0,SUV,Petrol,90.4,2308.0,58.7,11.07,5.0,50.9,29.0,7,17061.0,38.1,2,1,5.9,8.0,1,1,0,0,150.0
8.2,114779.0,SUV,Petrol,87.9,2673.0,37.7,11.71,61.5,59.5,32.7,10,4186.0,54.3,4,3,3.5,43.7,0,1,0,0,2759.0
6.2,90916.0,SUV,Petrol,87.5,2394.0,74.3,11.83,5.0,13.3,24.9,8,20724.0,39.0,0,2,2.3,25.0,1,1,0,1,150.0
6.8,56487.0,SUV,Electric,65.4,2302.0,65.7,11.87,100.0,33.1,34.4,3,2887.0,63.9,3,3,6.7,64.7,0,1,0,1,5787.0
10.3,162244.0,Hatchback,Diesel,91.5,2687.0,21.5,11.61,41.2,47.2,28.3,12,9299.0,54.6,5,3,4.3,28.7,0,1,0,0,855.0
2.4,33210.0,Truck,Petrol,93.4,2574.0,71.8,11.94,29.8,60.7,28.4,3,12453.0,72.9,3,3,1.0,27.9,1,0,0,0,165.0
2.1,41373.0,Sedan,Hybrid,89.8,2133.0,59.4,12.36,16.8,76.4,31.5,3,14573.0,30.6,4,4,5.0,37.6,1,0,1,0,186.0
4.5,82010.0,Hatchback,Petrol,96.6,2589.0,35.2,12.72,80.7,66.5,28.6,8,2691.0,39.8,5,4,8.5,53.0,0,1,0,1,3191.0
1.9,22008.0,Coupe,Petrol,86.2,2801.0,42.9,12.62,5.0,36.0,24.6,2,24000.0,45.2,1,3,5.2,28.1,1,0,0,0,268.0
4.8,90543.0,Sedan,Petrol,93.2,2747.0,39.9,10.91,52.7,5.0,28.1,8,9224.0,58.9,2,1,2.2,34.0,0,1,0,0,883.0
2.0,29242.0,SUV,Petrol,87.9,2615.0,35.5,12.22,99.1,49.2,33.1,1,1467.0,55.8,0,0,3.0,73.6,0,0,0,0,5955.0
2.3,26773.0,SUV,Petrol,90.5,2760.0,67.5,13.11,46.1,53.8,27.9,2,9663.0,58.0,2,4,1.0,50.5,0,0,1,0,1152.0
1.3,16104.0,Hatchback,Diesel,87.8,2802.0,20.2,12.32,36.3,43.5,27.9,1,12069.0,42.9,6,6,4.8,49.0,0,0,0,0,150.0
4.6,43775.0,Hatchback,Petrol,90.0,2616.0,43.1,10.89,84.3,78.0,33.5,3,1707.0,25.4,4,2,2.8,30.6,0,1,1,0,1133.0
1.6,16317.0,Sedan,Diesel,87.2,2288.0,59.2,12.38,91.9,31.7,34.3,1,1611.0,41.4,2,3,2.1,81.6,0,0,1,0,8458.0
5.4,36750.0,SUV,Petrol,87.5,2569.0,32.5,10.94,96.2,70.8,34.7,3,1312.0,71.7,3,1,2.9,39.2,0,1,1,1,2057.0
5.9,77136.0,SUV,Petrol,95.4,2592.0,50.1,11.99,67.8,63.9,33.3,7,4853.0,43.3,1,2,1.0,56.3,0,0,0,1,3373.0
2.5,11857.0,SUV,Petrol,85.9,2118.0,67.3,12.45,51.3,44.2,27.5,2,8596.0,54.5,4,2,1.1,53.4,0,0,0,1,1734.0
6.3,68798.0,Sedan,Electric,50.0,2500.0,44.4,12.72,100.0,47.9,33.4,6,3496.0,52.9,4,2,1.4,77.0,0,0,0,0,6358.0
5.9,89702.0,Hatchback,Petrol,94.9,2520.0,48.0,11.83,86.2,70.9,32.7,8,789.0,54.6,1,0,1.0,56.2,0,1,1,1,2626.0
7.2,146229.0,Truck,Diesel,110.8,2289.0,47.8,12.37,74.6,38.5,33.9,12,3298.0,33.3,5,5,2.2,48.4,1,0,1,1,4189.0
2.4,31762.0,Hatchback,Petrol,91.4,2488.0,33.9,12.79,56.4,66.8,27.0,2,8268.0,63.5,10,9,1.6,48.6,0,0,1,1,2014.0
2.3,40649.0,Hatchback,Petrol,87.1,2799.0,36.4,12.61,94.8,58.8,30.6,3,1068.0,50.6,1,1,6.0,71.9,0,0,0,0,4712.0
5.7,72144.0,Truck,Petrol,85.3,2977.0,60.8,12.67,65.9,71.1,29.5,6,5687.0,84.3,7,7,1.5,52.0,0,0,1,0,2568.0
4.4,51716.0,SUV,Petrol,86.8,2538.0,64.8,12.55,70.7,35.0,36.2,4,6418.0,46.8,7,7,4.5,67.9,0,0,0,0,3948.0
4.7,69530.0,SUV,Petrol,86.8,3190.0,62.1,12.1,57.8,56.1,32.1,6,7242.0,65.7,7,6,1.8,51.9,0,0,0,0,2724.0
8.4,100734.0,Sedan,Petrol,105.2,1666.0,50.5,12.81,71.3,27.5,30.6,9,3159.0,46.6,5,1,3.6,53.7,0,1,0,0,4769.0
1.5,21743.0,Truck,Hybrid,85.8,3440.0,59.0,12.67,5.2,61.0,26.5,1,17445.0,78.9,8,7,6.9,28.0,1,0,1,1,150.0
6.6,88797.0,Sedan,Petrol,90.7,3508.0,32.6,13.06,5.0,79.8,22.4,6,24000.0,62.2,8,9,1.4,9.0,1,0,1,1,168.0
5.9,105806.0,Truck,Diesel,91.7,2211.0,39.7,10.8,32.7,41.9,27.7,9,12188.0,34.0,6,5,7.5,11.6,0,1,0,0,150.0
5.6,107532.0,Sedan,Petrol,103.0,2718.0,50.3,13.14,88.5,39.5,33.0,9,1151.0,71.7,4,4,5.0,65.0,1,0,0,0,6348.0
6.9,72699.0,Sedan,Diesel,90.4,2812.0,52.5,11.94,84.1,47.3,31.3,6,2427.0,62.9,1,3,4.0,61.2,0,1,0,0,5272.0
3.6,42578.0,Sedan,Diesel,96.6,2544.0,64.1,12.56,92.8,54.4,33.1,4,1860.0,45.5,1,3,3.5,69.3,0,0,0,0,5011.0
1.9,34051.0,Sedan,Petrol,93.5,2624.0,71.1,12.14,100.0,64.1,32.8,2,753.0,29.4,6,5,3.1,70.6,0,0,0,0,4198.0
2.7,34841.0,Truck,Petrol,94.3,2885.0,66.1,12.69,9.1,67.1,27.0,3,15126.0,68.8,2,3,5.7,27.3,1,0,1,1,150.0
2.5,40006.0,Truck,Diesel,90.0,3057.0,58.8,12.86,83.7,77.9,27.6,3,1756.0,76.2,2,3,3.1,57.2,0,1,1,1,1819.0
0.5,13013.0,SUV,Hybrid,94.6,3562.0,48.6,11.91,90.8,24.2,31.2,3,3468.0,67.7,1,2,2.7,70.1,0,0,0,0,6108.0
5.6,98161.0,Sedan,Petrol,114.2,2262.0,29.1,12.51,73.4,13.6,30.1,8,3455.0,64.2,2,2,4.7,46.5,1,1,0,1,4002.0
3.3,45320.0,Sedan,Petrol,92.3,2988.0,41.2,12.18,42.7,14.5,29.4,4,10159.0,59.8,4,3,1.8,61.7,1,0,0,1,1175.0
3.6,34506.0,Sedan,Hybrid,89.9,3331.0,43.1,12.6,74.7,74.2,35.2,1,4262.0,66.8,10,8,8.9,53.5,0,0,1,1,2054.0
2.9,37793.0,Sedan,Petrol,92.4,2375.0,65.7,12.06,80.5,73.3,33.8,1,3415.0,48.3,8,6,4.0,59.7,0,0,1,1,2410.0
3.9,44337.0,Hatchback,Diesel,99.9,2145.0,49.0,12.83,83.7,81.9,31.0,5,2403.0,26.6,3,5,2.8,59.2,0,0,1,1,1739.0
9.1,151262.0,Sedan,Petrol,93.9,2812.0,37.6,10.99,67.3,38.8,30.2,13,5266.0,62.6,3,3,2.8,27.4,0,1,0,0,2018.0
1.3,20581.0,SUV,Petrol,98.3,2223.0,42.2,12.76,87.4,38.4,32.7,1,1189.0,57.5,1,1,2.6,78.6,0,0,0,0,7552.0
10.0,193044.0,Sedan,Diesel,98.2,2034.0,44.4,12.45,44.4,23.0,29.6,16,6640.0,32.3,1,0,4.3,54.4,0,1,0,0,2730.0
4.6,76593.0,Sedan,Diesel,91.8,2520.0,46.1,12.46,33.5,57.1,32.1,7,11666.0,25.0,7,8,3.5,50.5,0,0,0,0,295.0
3.0,33110.0,SUV,Petrol,94.8,2446.0,49.8,11.49,6.9,71.3,29.8,3,17453.0,53.1,5,4,3.0,13.3,1,1,1,1,150.0
3.2,66573.0,SUV,Diesel,93.0,2521.0,47.0,12.63,55.1,54.9,28.4,5,6886.0,49.8,3,4,6.4,53.6,0,0,1,1,2502.0
2.2,35122.0,Sedan,Hybrid,93.6,2346.0,47.8,12.42,28.1,58.5,32.9,3,11617.0,48.6,4,4,7.2,50.2,0,0,0,1,349.0
1.0,11526.0,Sedan,Diesel,89.9,2376.0,34.7,12.57,88.6,26.7,34.5,1,2068.0,60.1,4,2,1.5,91.3,0,0,0,0,8766.0
2.0,34969.0,SUV,Petrol,96.3,2507.0,49.7,12.34,68.3,57.2,31.0,3,5092.0,41.6,3,2,2.8,59.7,0,0,0,1,3955.0
4.0,49454.0,Sedan,Diesel,85.1,2559.0,33.0,11.75,79.6,18.0,33.9,5,2571.0,61.6,5,1,2.4,67.4,0,1,0,1,6445.0
3.4,27208.0,Sedan,Diesel,90.9,2886.0,77.6,12.42,5.0,53.6,24.3,2,24000.0,61.7,7,7,2.2,21.3,1,0,1,1,150.0
5.2,56584.0,Coupe,Hybrid,92.0,2411.0,42.3,12.12,75.9,20.5,30.9,5,3464.0,25.0,1,3,2.4,71.4,0,1,0,0,6195.0
2.9,39757.0,SUV,Diesel,89.2,2638.0,45.3,11.43,93.8,73.6,30.3,3,2041.0,51.0,4,4,1.5,49.9,0,1,1,0,2140.0
2.6,36867.0,SUV,Petrol,91.6,2599.0,25.1,12.42,46.9,69.7,34.6,1,10012.0,54.8,5,5,5.1,55.0,0,0,1,1,1100.0
11.9,123555.0,SUV,Diesel,83.6,2645.0,37.9,11.85,76.7,82.0,28.7,11,4397.0,62.5,8,7,2.8,35.2,0,1,1,0,1034.0
2.3,39564.0,SUV,Diesel,86.3,2899.0,53.3,13.2,84.7,73.0,31.2,3,1283.0,59.7,5,6,3.4,70.9,0,0,1,0,3144.0
2.4,41943.0,SUV,Petrol,96.6,2944.0,77.9,12.34,39.9,83.0,30.7,3,10496.0,27.5,8,7,5.1,40.1,0,0,1,1,600.0
6.8,57996.0,Truck,Petrol,92.5,2705.0,80.2,12.28,76.2,34.1,27.5,5,4680.0,53.3,2,1,1.5,59.0,1,0,0,1,4496.0
5.9,142224.0,Truck,Petrol,90.0,2320.0,54.7,12.95,45.9,49.0,26.4,14,10516.0,48.4,7,7,3.6,48.0,0,0,0,1,767.0
3.1,23811.0,Sedan,Diesel,95.4,2143.0,43.2,12.06,47.5,35.5,28.9,3,9442.0,67.0,0,1,1.2,44.9,0,0,0,0,1071.0
6.2,79514.0,SUV,Petrol,97.0,2129.0,51.6,12.58,64.0,61.1,26.6,6,5890.0,35.2,2,2,1.2,49.0,0,1,0,1,2878.0
4.2,64989.0,SUV,Diesel,98.7,2040.0,57.5,12.11,52.8,35.7,31.4,6,8674.0,52.0,0,0,3.1,52.2,0,0,0,0,1700.0
2.9,32135.0,Hatchback,Electric,74.4,2564.0,40.7,12.34,100.0,70.8,33.0,3,13011.0,64.2,10,7,3.0,64.1,0,0,1,1,200.0
5.7,112929.0,SUV,Hybrid,116.1,2002.0,46.1,12.44,60.8,48.8,40.6,9,4271.0,62.6,1,1,1.5,18.4,1,1,0,1,1628.0
4.0,46292.0,SUV,Electric,53.4,2546.0,45.7,12.78,100.0,13.1,28.6,5,20725.0,49.8,2,2,6.0,66.7,0,0,0,1,150.0
1.0,17275.0,Sedan,Electric,62.7,2332.0,46.5,12.15,100.0,21.5,33.8,2,1705.0,68.5,3,0,1.0,85.8,0,0,0,0,8956.0
5.7,101087.0,SUV,Petrol,93.9,2010.0,67.6,12.39,5.0,26.6,29.9,10,23087.0,41.8,1,0,1.5,35.3,1,0,0,0,150.0
3.7,21547.0,Sedan,Diesel,97.9,2517.0,35.0,12.13,93.2,43.5,32.5,1,2127.0,62.3,2,3,2.4,67.1,0,0,0,1,6126.0
8.7,133944.0,Sedan,Petrol,93.4,2505.0,48.3,12.4,64.1,62.6,36.2,11,4997.0,64.6,1,2,2.0,52.5,0,1,0,0,2937.0
6.4,116183.0,Sedan,Hybrid,92.6,2263.0,42.3,11.7,67.8,43.6,33.8,11,4525.0,32.8,3,3,1.3,58.9,0,1,0,0,4387.0
4.4,30300.0,Truck,Petrol,88.1,2562.0,52.2,12.59,92.2,56.8,34.1,2,804.0,70.2,5,6,10.0,75.0,0,0,0,0,4792.0
3.2,38986.0,Sedan,Electric,62.3,2483.0,47.7,12.13,100.0,64.2,32.9,3,1778.0,28.9,3,2,5.2,70.6,0,0,0,1,4037.0
3.9,20388.0,SUV,Diesel,88.0,2781.0,72.2,11.99,37.3,45.0,28.7,1,11915.0,57.2,4,5,2.7,40.4,0,0,1,0,358.0
2.2,32435.0,Hatchback,Hybrid,97.1,2493.0,28.9,12.39,90.1,55.3,33.8,3,2499.0,45.4,4,1,6.4,68.6,0,0,0,1,4843.0
4.4,99726.0,Sedan,Petrol,91.6,2484.0,34.1,11.93,91.5,15.0,34.9,9,442.0,66.2,2,0,5.8,76.8,0,1,0,1,8924.0
9.0,135279.0,SUV,Petrol,98.1,2928.0,72.8,11.16,25.7,15.9,28.3,12,11711.0,56.6,6,4,2.0,17.5,1,1,0,0,152.0
10.7,144307.0,SUV,Hybrid,102.2,3027.0,54.7,11.84,5.0,33.0,25.7,11,20144.0,77.1,5,4,2.8,8.0,1,1,1,1,150.0
7.6,52018.0,Sedan,Petrol,94.6,2887.0,32.5,11.95,78.1,26.3,30.8,5,5337.0,67.9,3,5,3.1,60.1,0,1,0,0,3704.0
4.3,42707.0,Truck,Hybrid,92.2,2920.0,58.0,12.55,63.9,88.8,32.7,5,6318.0,53.8,5,5,5.1,52.2,0,0,1,0,848.0
1.5,27175.0,Sedan,Petrol,96.7,2254.0,38.9,12.21,84.6,53.7,34.2,3,1181.0,68.9,6,1,4.2,67.4,0,0,0,0,4776.0
3.8,53822.0,SUV,Diesel,90.6,2456.0,64.7,12.83,5.0,21.7,24.2,7,19542.0,50.6,1,0,2.8,33.7,1,0,0,1,150.0
6.6,104833.0,SUV,Petrol,91.0,2209.0,53.9,11.71,67.4,36.6,35.1,10,1949.0,36.8,3,3,2.1,55.2,0,1,0,0,5667.0
6.2,102898.0,SUV,Diesel,120.0,2301.0,54.3,12.25,63.9,38.1,31.6,7,5579.0,45.6,2,3,3.0,20.3,1,0,0,0,1197.0
3.6,47142.0,Truck,Diesel,83.1,2650.0,52.2,12.66,5.0,21.9,33.0,4,22207.0,50.4,4,1,1.3,49.7,1,0,0,1,150.0
3.4,50669.0,Sedan,Petrol,112.7,2443.0,40.0,12.7,70.1,8.9,28.9,4,4258.0,25.0,1,0,1.7,40.8,1,0,0,0,3062.0
4.9,59704.0,Sedan,Petrol,84.9,3065.0,57.8,11.92,97.6,23.9,35.4,5,1035.0,71.4,2,2,2.6,72.1,0,1,0,0,7809.0
4.1,39136.0,Truck,Petrol,91.4,2634.0,64.7,12.55,81.8,77.3,33.0,3,1975.0,50.6,5,5,2.9,65.5,0,0,1,1,2383.0
3.8,42429.0,SUV,Diesel,89.8,2550.0,40.3,12.17,88.5,86.4,34.9,4,882.0,65.5,1,1,8.3,59.5,0,0,1,0,1296.0
3.7,55527.0,Hatchback,Diesel,93.9,2806.0,42.2,12.43,75.0,17.8,29.9,4,3765.0,54.2,3,1,1.7,77.9,0,0,0,0,6381.0
8.2,50964.0,Hatchback,Diesel,112.4,2504.0,52.5,12.07,71.1,38.7,29.4,4,6180.0,30.4,14,13,1.0,23.7,1,1,1,1,1305.0
2.0,17650.0,Hatchback,Diesel,90.4,2996.0,44.9,12.47,77.8,31.0,31.1,1,4274.0,53.1,2,3,2.2,79.8,0,0,0,0,6238.0
3.3,86942.0,SUV,Petrol,87.7,2397.0,35.8,12.73,78.4,89.5,29.1,6,3145.0,50.3,6,2,1.9,48.6,0,0,1,1,803.0
3.4,41843.0,Sedan,Petrol,91.8,2521.0,43.8,12.0,84.8,85.9,32.7,4,1582.0,42.4,6,5,2.6,54.6,0,0,1,1,1193.0
4.4,84541.0,Truck,Petrol,96.7,2315.0,46.8,11.14,38.8,79.2,29.8,8,8201.0,46.5,3,2,2.3,10.3,1,1,1,0,150.0
4.0,60393.0,SUV,Petrol,110.5,2528.0,35.6,12.22,5.0,31.9,28.4,5,22176.0,52.4,2,2,2.9,8.0,1,0,0,0,150.0
3.8,51493.0,Sedan,Electric,60.8,2007.0,54.9,12.77,100.0,15.0,32.9,6,3006.0,25.0,1,3,5.1,90.3,0,0,0,0,7883.0
2.1,30020.0,Hatchback,Hybrid,84.1,2661.0,39.4,12.14,65.2,59.5,31.5,3,5184.0,57.0,5,6,3.5,57.2,0,0,0,0,3619.0
4.0,64177.0,Hatchback,Petrol,85.4,2789.0,38.8,12.2,82.2,41.7,29.8,4,1573.0,60.5,7,5,1.9,66.6,0,0,0,1,5903.0
5.6,79806.0,SUV,Diesel,91.5,2526.0,63.4,12.72,88.4,58.0,32.6,7,903.0,59.0,1,1,1.0,74.7,0,0,0,0,4946.0
4.4,57510.0,Sedan,Hybrid,85.9,1890.0,52.7,12.84,93.6,26.7,34.2,3,1588.0,48.1,3,3,4.2,80.7,0,0,0,0,8356.0
2.0,23242.0,SUV,Petrol,90.0,3507.0,51.4,12.71,90.2,52.2,37.8,4,1029.0,79.5,3,3,5.2,72.7,0,0,1,0,5436.0
4.2,53501.0,Hatchback,Petrol,93.3,2996.0,40.0,12.51,58.8,24.5,29.8,6,6636.0,59.2,5,2,2.3,64.8,0,0,0,0,3462.0
4.0,50079.0,Hatchback,Petrol,83.0,2108.0,26.7,12.73,59.6,5.0,29.6,6,7321.0,46.2,2,1,7.7,71.1,0,0,0,0,3525.0
3.2,32030.0,Sedan,Diesel,95.4,2286.0,30.7,11.31,5.0,61.5,28.3,4,24000.0,34.7,6,5,4.1,8.0,1,1,1,1,150.0
4.5,45238.0,Sedan,Electric,61.5,2557.0,60.8,12.6,100.0,28.2,26.5,5,24000.0,32.9,10,9,3.4,60.4,0,0,1,1,297.0
2.7,60028.0,Hatchback,Diesel,99.0,2792.0,40.9,12.15,64.7,33.6,29.4,6,4190.0,57.6,4,3,2.7,52.2,0,1,0,0,4151.0
5.8,54677.0,SUV,Petrol,97.4,3023.0,70.0,12.87,93.7,43.0,31.7,5,2093.0,62.1,10,8,5.3,71.2,0,1,0,0,6397.0
10.3,180704.0,SUV,Petrol,101.2,2215.0,50.8,12.47,53.1,15.3,31.2,14,4784.0,53.7,1,1,7.4,54.7,1,1,0,0,4037.0
6.0,76757.0,Coupe,Hybrid,92.4,3315.0,48.6,12.52,21.5,59.9,28.9,7,15216.0,51.2,4,7,7.2,33.1,1,1,1,1,212.0
2.4,44126.0,Sedan,Hybrid,94.7,2403.0,19.5,12.33,58.8,77.3,30.8,5,7845.0,47.3,6,3,3.1,53.8,0,0,1,1,2179.0
5.6,81677.0,SUV,Diesel,90.5,3138.0,65.5,12.55,59.7,71.7,33.4,8,6673.0,58.9,4,4,7.2,62.5,0,0,1,0,2741.0
6.4,52752.0,Sedan,Diesel,94.2,2277.0,40.1,11.63,52.8,13.3,33.9,3,8133.0,41.1,1,3,1.9,58.1,0,1,0,0,2434.0
4.9,67321.0,SUV,Petrol,92.0,2820.0,48.8,11.5,90.7,55.1,31.3,3,1477.0,51.7,5,3,4.8,53.0,0,1,0,0,3874.0
5.2,86503.0,Hatchback,Hybrid,84.8,2759.0,49.5,12.53,61.8,67.2,27.2,8,3521.0,53.3,5,5,1.7,56.6,0,0,0,1,3120.0
3.8,38558.0,SUV,Hybrid,85.5,2622.0,69.5,11.72,85.8,87.0,33.2,4,1789.0,60.1,7,7,4.5,52.7,0,0,1,0,1123.0
1.8,39392.0,Coupe,Petrol,98.7,2523.0,34.7,12.78,5.0,68.1,30.1,2,19776.0,40.5,4,2,4.5,22.6,1,0,1,0,229.0
3.6,62929.0,SUV,Diesel,92.1,2436.0,40.0,12.03,85.3,46.3,31.1,5,1807.0,37.9,3,3,2.3,63.0,0,0,0,0,5279.0
2.2,37463.0,Sedan,Petrol,97.2,2708.0,58.8,12.71,86.5,56.8,33.3,3,1703.0,52.7,2,1,1.9,68.7,0,0,0,1,4882.0
3.4,59898.0,Sedan,Petrol,89.2,2400.0,37.8,11.88,21.7,33.3,23.7,5,15792.0,54.9,4,3,6.7,20.9,1,0,0,1,150.0
2.8,22052.0,SUV,Petrol,87.9,2492.0,30.6,12.28,5.0,54.1,27.3,1,19762.0,51.9,4,2,1.4,27.5,1,0,0,1,194.0
2.1,33121.0,SUV,Petrol,91.2,2437.0,49.3,12.62,59.5,64.7,31.3,4,8495.0,25.0,1,3,1.1,56.3,0,0,0,0,1953.0
8.0,171580.0,Sedan,Petrol,112.6,2383.0,49.8,12.51,5.0,69.1,24.7,14,24000.0,56.7,8,8,4.0,8.0,1,1,1,1,150.0
3.9,61339.0,SUV,Petrol,97.1,2702.0,53.4,12.14,93.1,36.9,42.8,6,736.0,88.0,3,3,3.0,52.8,0,0,0,1,5459.0
2.9,33435.0,SUV,Diesel,92.2,2904.0,56.1,12.1,41.6,72.6,28.7,4,8661.0,64.9,8,7,3.9,43.1,0,0,1,1,1717.0
1.3,19555.0,Truck,Diesel,94.1,2280.0,50.2,12.85,90.4,41.7,29.9,4,1749.0,25.0,2,3,2.0,76.9,0,0,0,0,6850.0
6.2,63120.0,Truck,Petrol,90.9,2602.0,51.7,12.95,86.5,60.8,34.9,5,3470.0,46.3,10,6,2.1,65.1,0,0,0,0,4015.0
4.5,46304.0,Truck,Petrol,97.3,2681.0,38.3,11.0,95.7,17.0,30.6,5,2663.0,49.3,2,2,3.1,44.1,0,1,0,1,4368.0
11.1,143408.0,Sedan,Diesel,120.0,2525.0,25.6,11.15,22.0,20.4,33.0,13,13612.0,47.5,2,4,3.1,8.0,1,1,0,1,150.0
2.5,24860.0,Sedan,Petrol,88.4,2697.0,46.4,12.97,85.1,42.5,32.2,1,1212.0,34.7,2,5,2.9,83.1,0,0,0,0,7550.0
7.6,108877.0,Truck,Petrol,93.0,2355.0,66.8,11.46,77.3,39.8,32.6,9,2802.0,39.5,1,0,7.4,52.9,0,1,0,0,4811.0
3.6,50206.0,SUV,Hybrid,87.5,2347.0,49.5,12.08,37.5,31.0,29.2,5,9581.0,65.1,3,1,7.8,44.6,0,0,0,0,1202.0
2.3,26405.0,Sedan,Diesel,94.8,2680.0,56.2,12.47,46.3,38.6,27.5,2,9366.0,62.5,2,2,1.4,54.7,0,0,0,0,1727.0
3.1,35594.0,Hatchback,Hybrid,89.9,2610.0,55.2,11.91,71.6,75.4,29.6,4,5465.0,50.4,9,5,4.0,50.5,0,1,1,1,2058.0
4.2,57443.0,Truck,Diesel,88.3,2551.0,52.8,12.6,37.4,41.0,27.6,4,11297.0,65.3,3,3,1.5,47.5,0,0,0,0,320.0
2.9,30240.0,SUV,Petrol,83.3,2024.0,61.3,12.7,86.6,58.3,33.6,1,977.0,42.8,3,2,8.6,76.2,0,0,0,0,5095.0
1.8,23587.0,Sedan,Diesel,95.8,2386.0,49.5,12.53,96.7,60.1,33.3,1,432.0,47.2,9,7,2.1,76.2,0,0,0,0,4643.0
2.2,25349.0,Truck,Petrol,92.3,2286.0,48.3,12.62,90.3,57.8,33.3,2,1108.0,46.9,4,3,2.6,78.6,0,0,1,1,5528.0
5.3,70498.0,SUV,Petrol,92.5,2428.0,26.1,12.91,34.0,46.4,26.2,7,11485.0,30.3,3,0,5.2,46.6,0,0,0,1,202.0
2.0,24306.0,Truck,Petrol,116.7,2300.0,53.7,12.15,72.9,48.5,29.0,3,4850.0,48.4,1,0,1.7,19.8,1,0,0,0,1332.0
2.7,45672.0,Truck,Hybrid,88.5,3094.0,62.0,11.86,68.5,14.5,33.4,4,3553.0,74.9,0,2,1.1,70.1,0,0,0,0,5784.0
2.1,38065.0,Hatchback,Petrol,87.8,2470.0,32.2,12.45,92.7,59.8,31.3,2,2136.0,73.4,0,1,1.6,70.3,0,0,0,0,4721.0
4.6,46315.0,SUV,Electric,56.5,2312.0,76.9,12.33,100.0,33.2,35.1,3,1304.0,53.6,3,1,5.8,77.5,0,0,0,1,8414.0
14.1,253568.0,Sedan,Hybrid,96.1,2471.0,54.4,11.54,55.1,49.3,31.2,20,6028.0,48.9,3,5,2.4,31.4,1,1,0,0,1686.0
5.2,42692.0,Truck,Diesel,93.6,2874.0,38.3,12.47,50.9,78.8,27.2,3,7049.0,76.8,3,5,5.5,41.5,0,0,1,1,1378.0
2.5,37009.0,SUV,Diesel,97.9,2532.0,51.3,12.65,97.2,66.7,30.5,5,733.0,48.5,2,2,3.2,70.9,0,0,0,0,3819.0
4.6,77918.0,Truck,Diesel,93.8,2538.0,42.7,12.29,81.7,66.0,37.1,7,892.0,44.7,2,1,1.0,62.7,0,0,1,0,3697.0
2.6,25853.0,Sedan,Hybrid,93.5,3079.0,36.8,12.94,60.9,47.7,32.3,2,8876.0,65.4,2,4,2.0,62.6,0,0,0,0,1954.0
4.3,66325.0,Sedan,Petrol,94.8,1856.0,50.7,12.39,84.5,46.3,28.9,5,4113.0,28.0,8,6,3.7,68.5,0,0,0,0,5137.0
8.5,81583.0,Hatchback,Hybrid,90.6,3496.0,45.4,11.44,76.3,76.8,34.3,6,2873.0,50.4,11,13,1.0,40.0,1,1,1,0,1330.0
3.8,58720.0,Truck,Diesel,86.5,2373.0,49.2,12.58,64.0,51.5,31.3,5,4695.0,51.1,7,5,4.1,66.8,0,0,0,0,4852.0
4.8,39067.0,Hatchback,Electric,70.5,2715.0,42.3,11.94,100.0,68.8,35.6,4,1810.0,59.2,4,4,1.1,59.5,0,0,0,0,3111.0
3.9,47066.0,Truck,Diesel,94.4,2745.0,64.3,12.88,97.6,24.3,33.3,3,571.0,43.7,8,4,2.0,87.3,0,0,0,1,10093.0
6.5,94877.0,SUV,Diesel,109.6,2691.0,63.4,12.03,78.4,17.1,30.1,9,3180.0,49.6,4,3,7.4,40.2,1,0,0,1,3651.0
5.7,88783.0,Truck,Hybrid,85.9,2810.0,61.0,12.66,82.9,82.1,33.9,9,2973.0,53.3,3,2,7.5,60.2,0,0,1,1,1725.0
3.2,38743.0,Hatchback,Hybrid,88.6,2815.0,57.6,12.41,76.3,61.7,27.9,3,3746.0,48.4,5,4,4.4,61.1,0,0,0,1,3810.0
5.7,94297.0,SUV,Diesel,96.8,2677.0,54.1,12.51,58.8,29.7,32.7,8,4959.0,49.4,5,4,3.4,69.0,0,0,0,0,4916.0
4.4,46530.0,SUV,Petrol,93.5,3337.0,58.1,12.1,43.2,52.1,28.5,5,10864.0,63.7,15,13,2.1,42.3,0,1,1,1,310.0
3.0,33581.0,Sedan,Diesel,91.0,2212.0,36.1,12.63,19.7,52.9,27.2,1,15704.0,60.1,0,0,1.0,36.7,1,0,0,0,150.0
3.1,61567.0,SUV,Electric,67.3,2379.0,43.1,12.14,100.0,37.8,29.6,4,1672.0,59.3,1,1,1.0,70.4,0,0,0,0,6916.0
4.3,74245.0,Truck,Hybrid,92.6,1950.0,42.8,13.02,78.3,60.1,32.2,6,3694.0,29.0,3,1,3.2,72.7,0,0,0,0,4696.0
4.7,55260.0,Sedan,Hybrid,92.2,2038.0,49.3,12.0,100.0,28.7,32.3,3,555.0,58.0,5,3,2.5,76.8,0,0,0,0,8831.0
3.6,33320.0,Sedan,Petrol,93.3,2093.0,48.8,11.82,60.0,52.6,31.5,2,7148.0,40.2,1,1,2.3,48.7,0,1,0,0,2369.0
4.8,93349.0,Sedan,Diesel,101.5,2680.0,15.0,12.28,79.2,14.3,30.9,8,3181.0,79.9,2,4,6.4,71.0,1,0,0,1,6149.0
2.4,38872.0,Sedan,Diesel,93.5,2370.0,52.5,12.65,72.1,63.8,29.7,2,4072.0,51.9,5,4,1.6,59.5,0,0,1,0,3429.0
2.0,27010.0,Sedan,Hybrid,88.7,2829.0,37.9,13.27,98.7,44.6,37.4,3,849.0,49.3,4,6,10.0,74.0,0,0,0,0,6591.0
1.4,16201.0,SUV,Petrol,86.0,2623.0,46.8,12.24,32.5,44.4,32.2,2,12441.0,73.3,5,3,10.0,46.7,0,0,0,0,150.0
5.3,65135.0,Hatchback,Hybrid,89.3,2973.0,36.5,12.34,46.6,30.1,30.1,7,8969.0,68.9,2,3,5.1,57.8,0,0,0,0,2004.0
1.4,19624.0,SUV,Diesel,89.7,2128.0,39.3,12.49,90.3,48.0,34.6,1,1549.0,48.7,5,3,2.5,83.7,0,0,1,1,6841.0
4.8,75452.0,Sedan,Petrol,94.8,2198.0,38.4,11.97,88.3,52.6,29.7,6,438.0,35.5,6,3,1.0,65.3,0,0,0,0,4707.0
2.9,30579.0,Sedan,Petrol,110.4,2255.0,65.0,11.29,88.9,62.8,36.9,2,1207.0,27.3,7,5,5.0,17.4,1,1,0,0,927.0
3.2,46959.0,Truck,Petrol,87.5,2769.0,37.4,11.75,75.0,19.6,32.9,5,4792.0,37.3,5,5,10.0,67.1,0,1,0,0,4690.0
3.3,43262.0,SUV,Diesel,93.7,2493.0,59.4,12.94,33.6,73.3,31.8,4,11264.0,56.5,1,0,10.0,45.6,1,0,1,0,222.0
12.8,190396.0,Hatchback,Petrol,89.0,2697.0,53.7,10.95,41.8,19.2,29.7,17,8668.0,49.9,3,5,1.7,21.0,1,1,0,1,489.0
2.7,51653.0,Truck,Petrol,93.8,2037.0,59.8,11.7,54.1,23.0,32.6,5,7011.0,38.9,1,1,5.3,60.6,0,0,0,0,2971.0
2.2,38233.0,Truck,Hybrid,88.1,2706.0,72.8,12.32,33.0,88.0,28.1,3,10825.0,46.5,7,3,1.3,33.3,1,0,1,0,587.0
10.0,198853.0,Sedan,Petrol,89.6,2832.0,52.2,12.54,57.4,34.5,34.7,17,5060.0,76.0,4,3,1.0,61.9,0,1,1,0,4437.0
1.6,19600.0,Truck,Petrol,89.2,2444.0,64.9,12.66,61.6,46.4,31.8,1,7518.0,67.7,6,6,6.3,64.0,1,0,0,0,2770.0
1.8,22598.0,Sedan,Diesel,93.1,2938.0,51.3,12.65,21.6,38.5,26.9,3,12106.0,76.5,3,1,2.1,47.0,0,0,0,0,150.0
6.3,63151.0,Hatchback,Diesel,106.7,2516.0,52.3,12.84,66.1,45.7,27.3,4,5654.0,42.3,7,3,2.6,37.0,1,1,1,0,2440.0
4.9,66100.0,SUV,Hybrid,86.6,2564.0,49.4,12.7,61.8,53.2,29.8,6,6444.0,63.3,2,2,2.5,58.0,0,0,0,0,3113.0
3.1,45560.0,Sedan,Petrol,86.3,2770.0,51.2,11.5,59.0,12.7,30.6,4,6728.0,61.8,8,7,1.0,55.3,0,1,0,1,2871.0
2.0,35444.0,Sedan,Hybrid,90.2,2629.0,38.7,12.3,10.5,57.1,29.6,3,17607.0,72.6,4,5,2.6,36.0,1,0,0,0,150.0
0.9,7663.0,Sedan,Diesel,85.8,2986.0,26.8,12.66,89.8,20.3,32.0,1,4344.0,52.2,3,6,7.1,83.4,0,0,0,0,6349.0
8.8,130951.0,Truck,Petrol,89.8,2564.0,75.6,11.11,92.7,75.4,27.4,11,1017.0,41.0,5,2,2.3,29.4,0,1,1,1,1245.0
5.7,63519.0,Sedan,Petrol,92.5,2098.0,33.0,12.5,24.1,31.5,30.3,5,13699.0,39.4,2,2,3.6,52.9,1,0,0,0,150.0
8.3,48347.0,SUV,Petrol,86.8,2704.0,69.9,13.13,92.8,24.8,37.1,5,774.0,51.8,7,6,1.0,70.2,0,1,0,1,8157.0
6.9,97534.0,Sedan,Petrol,94.9,2395.0,46.8,11.91,100.0,17.5,35.9,7,707.0,53.1,3,3,5.0,69.3,0,1,0,0,7824.0
5.0,49261.0,Truck,Diesel,97.0,2286.0,43.6,11.55,86.4,25.5,31.2,3,1812.0,55.8,3,3,2.2,52.5,0,1,0,0,5091.0
2.7,46488.0,Hatchback,Diesel,95.8,2759.0,31.9,11.58,89.7,15.4,31.0,2,896.0,32.5,3,4,1.6,69.7,0,0,0,0,7866.0
2.0,31233.0,Truck,Petrol,94.2,2823.0,61.6,12.79,70.8,66.4,33.1,1,5195.0,70.1,8,6,1.6,63.4,0,0,1,1,3305.0
7.3,79345.0,Truck,Petrol,93.2,1987.0,56.8,12.18,24.4,69.9,30.5,7,13969.0,33.1,3,0,9.9,34.2,1,1,1,0,150.0
2.9,25239.0,Sedan,Petrol,92.5,2389.0,34.3,11.9,82.5,50.2,32.6,2,2219.0,70.1,3,1,1.0,64.7,0,1,0,0,5151.0
2.1,21707.0,Sedan,Diesel,93.0,2580.0,23.8,12.38,93.5,47.7,28.9,2,734.0,47.5,6,6,4.5,76.5,0,0,0,0,6158.0
2.5,40175.0,Truck,Petrol,89.1,2204.0,61.6,12.27,90.7,71.8,32.2,3,2287.0,77.8,1,0,1.0,71.0,0,0,0,0,3157.0
7.5,115593.0,SUV,Diesel,91.4,2228.0,19.3,12.1,88.3,59.5,32.6,8,2629.0,27.6,6,3,4.5,64.5,0,1,0,0,4352.0
2.2,62187.0,SUV,Petrol,92.1,3105.0,59.4,11.79,20.2,34.0,26.5,6,13457.0,68.5,3,4,1.8,29.0,1,1,1,0,150.0
3.1,35868.0,Sedan,Diesel,94.1,2528.0,52.4,12.62,54.6,56.3,34.0,2,7360.0,37.6,5,1,4.5,57.9,0,0,0,0,2384.0
3.6,49132.0,Sedan,Hybrid,85.1,2540.0,19.0,12.65,88.9,18.8,32.3,4,1444.0,36.6,4,4,2.8,85.7,0,0,0,1,8978.0
4.4,94748.0,Sedan,Petrol,92.3,3529.0,43.9,11.27,65.7,16.7,31.6,10,2622.0,75.2,5,5,3.7,50.4,0,1,0,0,4708.0
2.1,34266.0,Hatchback,Diesel,95.7,2749.0,35.8,12.43,54.1,60.6,34.8,2,6861.0,62.5,3,3,3.4,54.7,0,0,0,0,2620.0
3.6,38757.0,Sedan,Electric,77.5,1948.0,40.3,12.46,100.0,48.3,31.7,4,756.0,31.3,0,0,3.3,84.0,0,0,0,0,6770.0
6.3,93188.0,SUV,Petrol,91.1,2711.0,64.5,12.29,57.6,21.1,28.4,9,7787.0,54.8,1,1,1.0,62.4,0,1,0,0,2500.0
11.1,185119.0,Sedan,Diesel,84.0,3099.0,29.0,10.8,11.5,27.9,27.5,16,13878.0,71.7,11,9,1.5,8.0,1,1,1,1,150.0
1.9,27496.0,Truck,Petrol,91.8,2528.0,49.3,11.55,18.6,57.1,30.3,2,13524.0,59.8,3,0,5.3,19.3,1,1,0,1,150.0
2.1,37012.0,Sedan,Diesel,85.5,2503.0,36.0,12.53,99.5,52.5,32.4,4,796.0,52.4,0,0,2.1,77.4,0,0,0,1,6051.0
2.3,37756.0,Hatchback,Petrol,89.3,2968.0,22.6,12.19,30.6,91.6,24.6,4,11143.0,68.1,14,10,2.8,23.3,1,0,1,1,428.0
5.5,70483.0,Hatchback,Electric,59.1,3314.0,51.3,12.62,100.0,55.8,33.6,8,4925.0,57.2,7,8,1.4,73.2,0,0,0,0,5284.0
2.0,38559.0,Sedan,Diesel,89.1,1964.0,61.5,11.99,66.3,59.0,35.6,1,4910.0,28.8,5,5,1.7,53.2,0,0,0,1,3517.0
3.5,41017.0,Hatchback,Hybrid,90.8,2689.0,46.8,13.22,64.5,57.7,30.0,4,6013.0,53.3,2,1,8.9,58.5,0,0,0,0,3431.0
3.3,51549.0,Coupe,Diesel,93.0,2629.0,41.2,13.13,76.6,24.1,34.3,4,3812.0,58.8,2,2,7.4,81.4,0,0,0,0,6428.0
11.7,133101.0,Hatchback,Diesel,91.3,2575.0,48.6,11.94,42.3,71.3,34.7,12,8540.0,55.1,3,0,4.5,32.0,0,1,0,0,1059.0
2.7,19467.0,Hatchback,Petrol,92.1,2396.0,33.3,11.91,85.6,36.0,29.0,1,2927.0,46.3,3,3,4.8,63.0,0,1,0,1,5912.0
2.6,47983.0,Sedan,Hybrid,84.0,2969.0,29.0,12.25,40.3,7.9,27.5,6,9338.0,58.4,3,2,3.8,55.1,0,0,0,1,1400.0
5.5,106390.0,SUV,Electric,67.7,2676.0,58.2,12.74,100.0,34.4,28.5,8,17341.0,54.6,1,0,3.1,64.4,0,1,0,0,366.0
4.6,69742.0,Sedan,Diesel,82.6,1997.0,42.3,12.23,81.3,47.0,31.4,4,1292.0,25.0,3,2,9.3,67.5,0,1,0,0,5771.0
2.5,24435.0,Sedan,Electric,56.1,2661.0,45.0,12.58,100.0,52.2,32.4,1,4229.0,33.4,7,4,2.1,74.2,0,0,0,0,5719.0
7.8,115399.0,Coupe,Diesel,98.9,2776.0,31.7,12.23,85.6,49.1,32.1,8,523.0,56.3,6,5,1.8,58.1,0,1,0,0,4844.0
1.5,9980.0,Sedan,Diesel,95.2,2493.0,21.5,12.69,74.5,15.9,33.2,1,4175.0,62.4,5,2,2.3,83.3,0,0,1,0,6443.0
3.7,65442.0,Truck,Diesel,85.8,1870.0,39.5,11.8,64.6,43.2,31.6,7,4137.0,41.1,1,0,2.3,59.9,0,1,0,0,4632.0
3.1,37934.0,Hatchback,Petrol,89.3,3100.0,34.2,12.31,57.4,70.6,33.2,2,8827.0,62.3,8,8,5.4,52.9,0,0,1,0,1626.0
3.5,32042.0,Hatchback,Petrol,90.8,2507.0,16.7,12.91,81.3,44.4,37.4,3,3245.0,59.0,2,4,1.8,67.9,0,0,0,0,5914.0
2.5,36783.0,Coupe,Petrol,93.5,2614.0,45.3,12.62,13.5,58.1,28.1,1,14557.0,49.4,4,2,3.0,37.8,1,0,0,0,150.0
3.6,51929.0,Sedan,Diesel,94.9,3221.0,28.9,11.71,80.6,30.9,37.6,1,3708.0,58.0,9,8,4.0,47.7,0,1,0,1,4110.0
4.3,56672.0,Sedan,Petrol,98.0,2290.0,21.9,12.28,62.9,25.1,35.6,4,5628.0,57.7,0,0,3.4,60.8,0,0,0,0,3866.0
0.7,5000.0,SUV,Petrol,87.7,3088.0,52.1,12.46,86.5,18.1,33.9,2,2353.0,64.3,5,4,1.3,84.2,0,0,0,0,8091.0
2.9,62594.0,Sedan,Electric,69.4,2472.0,30.3,13.36,100.0,38.3,34.0,3,1503.0,64.9,5,4,4.0,82.3,0,0,0,0,8117.0
2.3,27379.0,Sedan,Petrol,84.4,2620.0,19.1,12.44,61.8,42.8,31.4,3,7368.0,37.4,1,0,3.6,64.9,0,0,0,0,2595.0
9.6,157019.0,SUV,Diesel,93.1,2846.0,36.0,11.67,64.8,51.9,28.0,12,3949.0,41.7,1,2,4.5,41.4,0,1,0,0,3090.0
4.9,61258.0,Truck,Petrol,93.5,3437.0,68.0,10.8,62.1,65.0,31.6,4,6645.0,72.7,10,12,4.3,25.3,0,1,1,1,1292.0
2.2,39272.0,SUV,Petrol,91.6,2817.0,50.4,12.58,68.4,70.9,33.2,3,6498.0,64.4,2,3,4.4,64.1,0,0,1,0,3056.0
2.8,45476.0,Sedan,Hybrid,94.1,2843.0,21.4,11.19,71.1,8.0,30.6,4,4767.0,60.9,3,2,1.0,48.1,0,1,0,1,3511.0
3.2,47324.0,Truck,Diesel,88.1,2653.0,72.7,11.86,79.2,22.7,28.9,2,2737.0,63.1,4,4,1.6,64.5,0,0,0,1,6054.0
2.7,34602.0,Sedan,Hybrid,86.2,2418.0,31.9,12.2,86.1,37.8,34.8,3,1825.0,67.9,1,3,5.8,74.8,0,0,0,0,7555.0
5.1,82790.0,Sedan,Petrol,87.7,2397.0,46.8,12.18,93.3,60.0,37.2,7,1708.0,53.9,2,3,1.8,62.0,0,0,0,0,4067.0
8.7,160748.0,Truck,Diesel,93.0,2933.0,50.7,12.38,55.6,56.2,33.5,12,5408.0,46.7,0,0,6.0,61.0,0,1,0,0,3994.0
0.5,5000.0,SUV,Petrol,96.7,2273.0,54.0,12.16,84.4,13.4,32.3,1,2688.0,59.9,2,1,2.3,80.6,0,0,0,0,7537.0
3.1,25175.0,Truck,Petrol,88.1,2884.0,56.2,12.46,71.7,68.8,31.6,1,5721.0,51.6,7,5,2.0,64.0,0,0,1,1,3284.0
11.1,268929.0,Sedan,Petrol,88.8,2882.0,25.5,11.86,31.5,77.4,28.9,24,10743.0,73.7,6,5,2.3,27.0,1,1,1,0,574.0
3.2,36193.0,Hatchback,Petrol,105.6,2728.0,67.3,12.46,63.3,55.7,33.3,3,4908.0,73.5,3,3,10.0,44.1,1,0,0,0,3018.0
4.4,46748.0,SUV,Petrol,105.3,3086.0,44.5,12.33,73.1,7.2,34.7,3,4541.0,64.5,1,2,2.9,61.5,0,0,0,1,4292.0
0.8,20250.0,SUV,Petrol,89.7,2277.0,62.7,13.16,5.0,46.2,28.0,2,19891.0,34.1,1,1,5.1,42.0,1,0,1,0,199.0
7.8,147386.0,SUV,Electric,89.8,2609.0,44.9,12.37,100.0,41.9,32.0,14,3465.0,36.7,3,3,10.0,77.8,1,1,0,1,6432.0
1.9,7814.0,Hatchback,Petrol,90.8,2983.0,27.9,12.01,99.5,29.7,34.9,2,596.0,33.6,5,4,4.1,75.9,0,0,0,0,8573.0
4.8,73727.0,SUV,Petrol,89.3,2493.0,70.0,12.02,17.2,60.4,28.6,8,14275.0,54.6,1,2,8.9,31.5,1,0,0,0,160.0
2.1,34611.0,SUV,Petrol,106.3,3012.0,76.3,12.31,85.3,66.9,35.4,3,2052.0,64.9,5,7,5.7,45.0,1,1,1,0,2423.0
0.5,11467.0,Coupe,Diesel,90.3,2639.0,45.0,12.28,58.7,16.6,28.0,1,6314.0,47.7,2,2,4.5,68.6,0,0,0,1,3602.0
4.6,81545.0,Truck,Petrol,94.9,2595.0,68.1,11.9,5.0,74.8,28.8,5,18434.0,43.0,5,8,1.2,12.5,1,1,1,0,150.0
5.8,77848.0,SUV,Hybrid,88.0,2655.0,38.6,12.1,47.3,78.1,28.3,7,9276.0,53.5,7,2,2.5,35.1,0,0,1,1,972.0
3.6,43111.0,Truck,Electric,56.9,2709.0,62.3,12.38,100.0,82.9,31.4,5,12066.0,41.0,5,3,4.1,60.5,0,0,1,0,175.0
1.7,19469.0,SUV,Petrol,88.1,2844.0,63.0,12.69,78.3,46.4,34.2,1,3980.0,55.7,5,4,2.0,69.8,0,0,0,0,5222.0
12.3,154558.0,Sedan,Diesel,113.6,2457.0,44.1,12.99,70.2,36.9,33.5,14,4395.0,48.6,3,1,4.3,37.1,1,1,0,0,2903.0
5.6,84280.0,SUV,Petrol,106.1,1818.0,75.8,12.26,93.6,69.9,36.0,7,798.0,42.8,4,5,2.8,47.2,1,0,1,0,2234.0
4.2,76659.0,Hatchback,Diesel,100.8,2172.0,15.0,12.95,67.6,49.4,33.7,7,7581.0,53.6,3,2,1.6,55.3,0,0,0,0,2901.0
7.1,110271.0,Hatchback,Petrol,92.7,3076.0,36.6,12.09,35.9,40.2,29.8,10,9263.0,64.4,4,1,5.1,43.8,0,1,0,0,1100.0
2.7,44112.0,Sedan,Petrol,90.2,2110.0,59.0,12.77,67.9,80.9,33.5,3,5303.0,30.7,4,4,3.8,62.6,0,0,1,0,2076.0
10.2,171419.0,SUV,Petrol,114.0,2790.0,39.5,11.82,18.8,78.0,24.8,14,12853.0,54.4,3,1,4.5,8.0,1,1,1,1,150.0
5.7,90555.0,Sedan,Diesel,91.1,1838.0,46.6,12.58,96.4,6.3,32.7,7,1153.0,25.0,1,1,3.4,92.2,0,1,0,1,10028.0
6.7,109192.0,Coupe,Petrol,93.3,2275.0,34.6,11.43,90.1,27.7,31.0,8,999.0,48.4,4,3,2.2,59.3,0,1,0,0,6681.0
3.1,36998.0,Coupe,Petrol,97.7,2755.0,39.9,12.73,89.0,60.5,30.9,3,1300.0,61.7,1,1,3.0,63.1,0,0,0,1,3786.0
1.8,29997.0,SUV,Diesel,97.4,3299.0,44.9,11.78,30.0,73.8,27.1,2,13318.0,66.3,9,7,2.1,18.1,0,0,1,1,150.0
4.2,25842.0,Hatchback,Diesel,86.9,2589.0,66.8,12.59,88.4,49.9,34.0,3,1744.0,44.7,4,2,8.0,74.7,0,0,0,0,6367.0
2.8,56409.0,Truck,Hybrid,91.6,2513.0,39.8,12.58,87.4,27.3,34.0,6,889.0,44.5,2,2,3.9,84.3,0,0,0,0,9416.0
10.8,203556.0,SUV,Petrol,96.6,2090.0,51.2,11.91,25.1,50.8,28.8,17,10651.0,48.8,2,1,3.1,22.5,1,1,0,0,150.0
1.5,39198.0,Sedan,Hybrid,87.2,1797.0,36.5,12.74,52.5,73.8,26.5,3,8181.0,36.6,5,2,2.7,47.0,0,0,1,1,1827.0
8.2,151721.0,SUV,Diesel,104.6,2433.0,66.5,11.63,84.6,31.0,34.4,14,1531.0,54.3,0,2,1.6,44.4,0,1,0,0,4591.0
1.2,19409.0,Truck,Petrol,90.3,2475.0,56.0,13.39,36.7,53.0,27.0,1,9769.0,38.0,4,4,4.0,45.7,0,0,0,0,960.0
2.1,19411.0,Truck,Diesel,93.5,2505.0,33.1,12.68,88.3,38.0,31.4,2,2666.0,59.8,2,0,1.3,80.4,0,0,0,0,7469.0
1.1,7792.0,SUV,Petrol,94.7,2992.0,46.7,12.69,93.2,37.2,30.2,1,593.0,42.0,4,3,7.0,80.6,0,0,0,0,8085.0
2.7,41453.0,Hatchback,Electric,66.6,2029.0,15.0,12.6,100.0,70.7,33.7,4,631.0,47.5,5,1,4.9,74.9,0,0,0,0,3242.0
3.3,43356.0,Sedan,Petrol,91.8,2522.0,40.5,12.15,97.1,67.1,28.0,4,1239.0,59.0,4,2,1.8,55.7,0,0,0,1,2814.0
2.5,27291.0,SUV,Diesel,87.3,2993.0,74.2,12.23,30.9,55.9,31.5,1,11522.0,60.9,1,1,7.1,50.0,0,0,0,1,217.0
4.8,70210.0,Truck,Petrol,90.1,2731.0,50.4,12.43,84.3,46.7,31.5,5,3693.0,60.3,1,1,2.8,72.8,0,0,0,0,6223.0
3.3,45189.0,Truck,Electric,51.2,2240.0,56.9,11.45,100.0,7.4,33.7,3,3483.0,55.7,1,1,4.7,70.2,0,1,0,0,5808.0
0.8,13834.0,SUV,Petrol,88.8,1823.0,67.6,12.1,46.9,34.8,27.4,1,10648.0,36.8,4,3,2.8,53.9,0,0,0,1,472.0
2.0,10173.0,Sedan,Electric,62.5,2411.0,31.3,12.44,100.0,12.6,33.8,1,7155.0,51.6,2,2,2.9,88.9,0,0,0,0,4217.0
3.0,42987.0,Sedan,Electric,57.0,2187.0,52.0,12.54,100.0,66.1,27.8,4,14309.0,49.6,2,1,6.0,57.7,0,0,0,0,150.0
6.9,121483.0,SUV,Petrol,110.7,2422.0,78.1,12.25,80.8,58.4,28.3,12,564.0,46.1,3,4,3.1,30.1,1,1,0,0,1861.0
4.1,48563.0,SUV,Hybrid,95.1,3143.0,33.1,12.74,86.9,18.0,27.6,4,1582.0,53.0,4,3,2.3,69.7,0,0,0,1,7194.0
2.8,30604.0,Sedan,Electric,64.5,2161.0,54.0,12.49,100.0,55.2,33.0,4,12899.0,39.9,2,3,2.0,69.7,0,1,1,0,350.0
1.4,26785.0,Truck,Petrol,88.3,2571.0,39.8,13.04,5.0,80.7,27.4,2,21406.0,51.5,12,7,2.7,25.4,1,0,1,1,303.0
4.2,53586.0,SUV,Petrol,87.9,2737.0,45.1,12.12,75.7,35.1,34.5,3,2670.0,47.8,3,3,9.7,69.5,0,0,0,0,6474.0
7.8,110238.0,Truck,Diesel,97.8,2601.0,68.8,12.17,87.4,41.5,32.7,9,643.0,45.6,1,4,3.8,69.8,0,0,0,0,6498.0
3.1,43922.0,Hatchback,Petrol,93.0,2746.0,44.3,11.3,96.3,67.3,34.1,1,472.0,36.4,4,3,1.7,47.0,0,1,1,0,2606.0
2.1,35448.0,Sedan,Petrol,88.2,2527.0,34.1,12.06,97.5,48.0,35.7,3,591.0,36.0,1,2,3.8,73.0,0,0,0,1,6065.0
5.3,108612.0,Sedan,Petrol,91.3,2747.0,69.6,11.32,54.6,36.7,31.0,9,7392.0,70.8,3,6,7.1,35.6,0,1,0,0,1916.0
7.1,115914.0,Truck,Petrol,95.8,2977.0,55.2,12.52,68.8,78.9,34.8,11,2285.0,53.6,9,9,7.2,54.7,0,1,1,0,1913.0
3.4,36125.0,SUV,Petrol,87.9,2848.0,66.8,11.63,77.2,81.0,29.9,4,3411.0,77.4,5,2,4.1,36.2,0,1,1,0,1005.0
5.6,69550.0,Truck,Petrol,87.8,2432.0,50.7,12.32,77.0,55.1,36.2,6,3412.0,78.1,3,3,5.6,57.9,0,0,0,0,4314.0
2.9,32743.0,Hatchback,Hybrid,92.4,3351.0,46.7,12.24,85.1,62.8,36.5,2,2251.0,69.2,6,4,3.1,63.1,0,0,0,0,3800.0
5.8,85318.0,Hatchback,Diesel,86.1,2079.0,46.3,12.19,81.2,70.1,30.4,8,1689.0,34.1,6,3,2.6,54.7,0,1,0,1,2752.0
8.1,148222.0,Coupe,Petrol,88.8,2815.0,42.2,12.24,61.2,27.6,29.2,9,5202.0,71.8,2,4,1.8,57.9,0,1,0,0,4097.0
6.3,86778.0,SUV,Diesel,89.8,2329.0,35.8,12.62,96.6,71.3,37.6,7,861.0,50.2,2,1,2.0,64.0,0,0,0,0,2785.0
5.1,73182.0,SUV,Diesel,80.9,2856.0,63.3,12.66,86.8,70.3,32.8,6,4380.0,48.1,14,10,3.1,67.4,0,0,1,0,3260.0
9.6,60931.0,SUV,Electric,79.8,2536.0,47.4,11.35,100.0,33.6,32.2,5,3935.0,46.1,2,3,5.3,52.7,0,1,0,0,4373.0
3.2,58132.0,Sedan,Petrol,94.0,2645.0,34.9,12.65,82.9,24.7,29.0,4,2632.0,47.1,3,3,3.2,78.7,0,0,0,0,7586.0
5.1,74338.0,SUV,Petrol,99.3,2867.0,67.9,12.56,91.8,76.6,32.3,8,957.0,57.6,14,11,2.0,57.2,0,0,1,1,2380.0
3.3,55543.0,Sedan,Electric,83.9,3306.0,48.3,12.38,100.0,35.8,33.2,5,7351.0,84.2,7,5,6.2,81.9,0,0,0,0,3868.0
5.1,86643.0,Hatchback,Electric,56.5,2068.0,30.5,12.21,100.0,60.4,28.1,8,6392.0,29.0,2,2,6.8,55.9,0,0,0,0,3190.0
5.7,61260.0,SUV,Diesel,89.7,2752.0,57.0,12.51,48.5,42.6,31.2,5,9211.0,79.2,2,3,2.1,60.7,0,0,0,0,1608.0
6.5,87079.0,SUV,Hybrid,98.9,2382.0,54.6,12.31,67.1,87.5,31.8,7,5337.0,73.1,6,3,2.9,41.7,0,0,1,1,809.0
3.9,44347.0,SUV,Petrol,93.3,2586.0,44.1,12.3,73.0,76.2,31.1,5,5049.0,49.5,1,3,1.2,59.3,0,0,1,1,2288.0
1.0,16096.0,Sedan,Diesel,95.7,2810.0,30.0,13.27,82.6,29.6,35.8,2,2218.0,45.0,2,2,5.4,73.6,0,0,0,0,7295.0
3.3,17850.0,Sedan,Petrol,89.2,2585.0,36.6,12.59,81.5,55.9,30.0,1,3697.0,33.1,12,10,1.0,65.9,1,0,0,1,4699.0
5.5,59316.0,SUV,Petrol,90.6,2803.0,53.5,12.13,70.0,34.3,31.3,6,5392.0,39.3,2,2,3.2,63.8,0,0,0,0,4273.0
4.6,57347.0,Sedan,Hybrid,91.2,2184.0,36.7,12.61,87.3,42.0,33.1,4,895.0,43.5,7,3,3.7,76.3,0,0,0,0,6982.0
5.0,92288.0,SUV,Petrol,95.2,2248.0,57.7,12.49,50.5,17.3,31.2,9,8309.0,50.6,5,4,2.1,65.6,0,0,0,1,2243.0
5.9,97711.0,Hatchback,Diesel,105.1,2901.0,29.8,11.35,5.0,19.9,31.0,9,17806.0,51.6,5,3,2.0,10.7,1,1,1,0,150.0
1.8,10455.0,Hatchback,Electric,66.6,2825.0,41.5,12.78,100.0,32.7,23.7,1,23100.0,62.7,8,7,4.7,48.4,0,0,1,1,158.0
6.0,79709.0,Truck,Petrol,105.9,2515.0,54.8,11.34,28.5,84.2,31.4,7,11265.0,61.1,6,5,4.0,8.0,1,1,1,0,150.0
9.8,163389.0,Sedan,Electric,61.8,2664.0,44.3,12.22,100.0,43.3,31.3,13,11170.0,55.3,3,3,4.8,57.3,0,1,0,0,388.0
3.0,64842.0,Hatchback,Electric,58.5,2680.0,58.8,12.12,100.0,50.5,34.9,5,1574.0,51.4,6,4,1.1,73.0,0,0,0,0,5742.0
6.6,83522.0,Hatchback,Diesel,95.9,3167.0,56.5,12.55,77.3,76.6,32.8,8,2980.0,68.0,11,7,7.3,65.6,0,1,1,0,2494.0
4.0,46653.0,Sedan,Petrol,91.5,2663.0,40.3,12.38,45.2,13.8,27.9,5,9718.0,63.8,3,4,7.7,59.9,0,0,0,1,1398.0
4.9,79739.0,Truck,Petrol,90.2,2519.0,39.3,12.05,90.2,76.7,35.4,6,647.0,58.2,8,8,3.6,57.1,0,0,1,0,2075.0
6.2,86191.0,Sedan,Petrol,97.2,2287.0,31.8,12.26,98.1,57.9,32.1,8,960.0,46.3,2,0,2.6,62.1,0,1,0,0,3972.0
4.6,67802.0,Hatchback,Petrol,93.1,2740.0,51.5,12.43,53.8,41.5,34.0,4,7018.0,67.5,1,3,3.1,60.6,0,0,0,0,3120.0
2.9,50851.0,Coupe,Petrol,86.0,2891.0,38.1,11.56,67.6,11.7,29.4,6,4103.0,63.7,2,1,6.7,58.4,0,1,0,0,4570.0
4.7,81168.0,Sedan,Electric,59.4,2006.0,22.9,12.77,100.0,50.4,34.9,7,7869.0,48.6,1,0,2.0,72.6,0,1,0,0,3150.0
2.1,38742.0,Hatchback,Petrol,92.6,2008.0,35.5,12.79,81.5,56.4,35.8,3,2328.0,25.2,1,0,1.0,71.1,0,0,0,0,4792.0
1.4,22414.0,SUV,Diesel,92.4,2648.0,48.8,12.68,90.2,38.2,31.9,1,950.0,53.3,1,3,4.7,83.1,0,0,0,0,8023.0
0.7,8296.0,Coupe,Petrol,93.5,3279.0,63.5,12.78,41.7,53.4,27.9,1,11895.0,42.3,20,13,3.2,46.7,1,0,1,1,261.0
8.4,78670.0,SUV,Diesel,90.9,2422.0,45.8,11.22,35.9,63.1,29.0,9,10321.0,62.0,2,1,6.5,15.5,0,1,0,0,150.0
5.0,71790.0,Hatchback,Electric,61.5,2347.0,44.6,11.95,100.0,45.0,32.0,6,4436.0,55.0,2,2,3.4,62.5,0,1,1,0,4543.0
5.7,58778.0,Sedan,Petrol,91.6,2579.0,51.1,11.32,18.5,38.7,29.2,5,14208.0,28.6,6,6,9.8,19.7,1,1,0,0,150.0
4.4,48783.0,Sedan,Petrol,94.7,1949.0,23.9,12.38,74.8,12.1,33.9,4,2039.0,56.1,2,1,10.0,84.7,0,0,0,0,8225.0
1.2,20449.0,Sedan,Diesel,88.8,2705.0,31.5,12.43,87.0,17.1,32.4,1,3374.0,76.0,1,3,2.3,84.9,0,0,0,0,7482.0
8.0,79693.0,Coupe,Diesel,91.2,2636.0,34.5,12.12,78.6,53.6,30.6,7,2207.0,49.9,0,2,1.0,59.2,0,1,0,0,4242.0
2.9,52282.0,Hatchback,Diesel,92.5,2601.0,41.3,12.52,95.2,5.0,32.8,6,989.0,51.9,0,2,3.7,97.8,0,0,0,0,10617.0
0.8,12089.0,Hatchback,Petrol,89.3,2822.0,38.1,12.86,56.3,40.9,30.4,1,7276.0,47.2,10,9,1.2,62.4,0,0,1,0,2934.0
3.3,50741.0,Hatchback,Petrol,93.3,2206.0,24.7,12.51,59.5,24.0,37.6,4,6220.0,53.0,6,4,1.1,67.5,0,0,0,0,3905.0
7.5,123875.0,Sedan,Electric,61.5,2589.0,29.9,12.06,100.0,70.0,28.7,10,4222.0,73.6,7,5,5.6,49.2,0,1,1,1,2527.0
2.1,24892.0,SUV,Electric,83.0,3252.0,68.9,12.03,100.0,67.8,34.0,2,13179.0,66.8,8,7,4.0,60.0,0,0,0,1,150.0
3.1,52187.0,Sedan,Diesel,91.6,2303.0,62.9,12.36,74.0,9.8,30.0,4,4824.0,43.9,1,0,2.1,74.8,0,0,0,0,5303.0
3.0,35718.0,Sedan,Hybrid,97.2,2627.0,46.5,11.7,66.0,70.2,29.0,3,4289.0,51.0,5,6,3.4,42.1,1,1,1,1,1875.0
2.1,15882.0,Sedan,Diesel,97.5,2360.0,53.3,12.84,61.5,29.0,30.0,2,7836.0,51.9,4,3,3.5,59.5,0,0,0,1,2199.0
4.1,50713.0,SUV,Petrol,94.2,2903.0,63.4,12.41,98.7,36.0,36.3,5,650.0,57.8,10,9,3.9,79.9,0,0,0,0,8237.0
2.3,39682.0,Sedan,Petrol,96.6,2509.0,48.8,13.07,80.7,66.5,35.3,3,2523.0,58.0,2,3,6.3,67.4,0,0,0,1,3642.0
8.2,114483.0,Sedan,Petrol,90.9,2758.0,49.3,12.66,18.5,44.5,30.1,8,12060.0,50.7,3,3,3.1,43.4,1,1,0,0,150.0
1.3,19127.0,Sedan,Diesel,93.8,2177.0,50.1,12.69,93.9,33.7,33.6,1,1304.0,34.6,3,5,1.0,89.0,0,0,0,0,9371.0
1.7,18511.0,Sedan,Petrol,92.2,2794.0,45.5,12.3,35.6,35.3,31.6,3,11511.0,50.4,2,4,7.8,60.3,0,0,0,0,150.0
3.1,48148.0,Coupe,Petrol,94.2,2954.0,42.9,12.29,62.8,12.1,31.9,5,6944.0,46.9,4,4,3.2,77.2,0,0,0,1,3752.0
3.8,69032.0,Truck,Hybrid,98.9,2517.0,48.7,12.93,25.9,50.0,30.4,7,10900.0,39.4,2,2,2.0,41.7,0,0,0,0,348.0
2.5,27222.0,Coupe,Diesel,95.5,2292.0,45.1,12.61,83.3,52.8,29.7,1,928.0,63.0,3,1,1.3,72.4,0,0,0,0,5552.0
5.9,86685.0,SUV,Diesel,90.1,2723.0,57.3,11.83,61.4,87.3,27.1,9,8345.0,52.3,7,2,3.5,25.6,0,1,1,0,732.0
3.4,50052.0,Sedan,Electric,66.8,2128.0,27.1,11.61,100.0,6.6,29.4,3,10202.0,37.5,1,0,2.8,62.8,0,1,0,0,1078.0
5.2,67888.0,Truck,Petrol,92.5,2806.0,69.5,12.82,89.8,52.3,29.1,6,566.0,79.7,5,4,1.7,70.0,0,0,0,0,5296.0
7.9,153234.0,Sedan,Diesel,117.1,2977.0,57.9,12.59,32.5,62.2,28.1,12,8849.0,57.8,12,10,5.8,8.8,1,0,1,1,336.0
9.4,91050.0,Sedan,Hybrid,90.6,2765.0,45.1,11.09,61.6,11.7,32.8,9,4749.0,63.1,6,6,1.5,45.6,0,1,0,1,3360.0
3.2,45050.0,Sedan,Diesel,94.4,2709.0,56.1,12.89,97.7,8.7,34.8,4,484.0,66.7,4,5,1.4,87.7,0,0,0,1,9766.0
4.1,41361.0,Sedan,Petrol,93.1,2927.0,53.9,11.94,53.7,65.8,30.9,5,7168.0,45.9,5,9,2.0,46.7,0,0,0,0,2296.0
4.5,83148.0,Sedan,Petrol,96.0,2544.0,32.7,12.15,72.6,47.7,32.1,4,2197.0,59.6,1,0,1.0,62.8,0,0,0,1,5246.0
3.2,38420.0,SUV,Hybrid,89.5,1847.0,34.2,12.37,5.0,65.3,27.2,3,22199.0,25.0,1,5,1.0,27.3,1,0,0,1,150.0
2.0,10779.0,Truck,Diesel,95.3,2887.0,30.6,12.29,5.0,25.2,23.8,1,24000.0,65.5,1,1,1.5,28.4,1,0,0,1,150.0
6.8,102111.0,Sedan,Hybrid,81.7,2892.0,56.3,12.52,87.1,22.2,29.9,9,420.0,51.0,2,4,2.3,76.1,0,1,0,0,8744.0
2.0,26848.0,Sedan,Diesel,89.0,2888.0,41.7,12.74,85.9,41.0,32.5,1,1337.0,59.4,5,5,1.5,74.6,0,0,0,0,6824.0
7.2,128709.0,Hatchback,Diesel,86.1,2667.0,35.2,12.42,67.9,60.2,30.7,10,5098.0,51.0,2,2,3.6,60.8,0,0,0,0,3972.0
5.0,81746.0,Sedan,Hybrid,106.5,2808.0,32.5,11.98,62.2,53.5,28.5,6,6836.0,77.4,2,3,1.6,27.1,1,0,0,0,1718.0
4.4,61315.0,Sedan,Diesel,95.3,2510.0,42.0,12.98,53.2,35.8,34.3,3,6906.0,69.1,5,4,3.7,67.5,0,0,0,0,3198.0
2.4,13212.0,Hatchback,Petrol,91.5,2189.0,49.8,12.56,50.8,14.5,31.1,1,8693.0,25.0,3,1,1.8,67.7,0,0,0,1,1938.0
0.9,11886.0,Sedan,Diesel,96.9,3398.0,37.1,11.95,92.2,54.2,29.5,2,1650.0,59.7,14,11,3.5,59.0,0,0,1,0,4298.0
6.7,55467.0,Sedan,Hybrid,100.9,2535.0,40.7,11.0,89.1,22.7,33.0,5,2717.0,48.1,3,2,7.4,37.4,0,1,0,0,3434.0
2.4,38523.0,SUV,Petrol,85.9,3164.0,87.9,12.18,65.7,82.1,30.6,2,5420.0,60.3,5,5,4.0,49.8,0,0,1,1,1516.0
5.2,63107.0,Sedan,Petrol,94.4,3174.0,63.8,12.9,78.4,32.8,35.2,5,1393.0,60.1,4,5,1.0,72.1,0,0,0,0,7636.0
5.3,69367.0,SUV,Petrol,96.2,2605.0,30.8,12.01,34.0,68.4,33.3,6,11240.0,41.6,10,7,1.5,39.1,1,0,1,1,318.0
3.8,51451.0,Hatchback,Electric,67.2,2334.0,17.0,12.01,100.0,5.0,25.6,5,10379.0,50.4,1,1,1.0,66.1,0,0,0,1,1238.0
4.5,89646.0,Sedan,Petrol,98.8,2145.0,59.7,11.74,52.4,66.7,30.7,9,7849.0,37.7,3,0,1.1,28.9,0,1,0,0,1320.0
4.9,78207.0,SUV,Diesel,93.5,2777.0,65.2,12.65,79.8,56.3,30.0,7,3025.0,72.8,2,3,5.6,60.3,0,0,0,0,4317.0
4.3,57886.0,SUV,Petrol,93.1,2326.0,54.2,12.17,65.6,33.2,25.9,5,6064.0,56.6,4,2,2.7,54.5,0,0,0,1,3143.0
2.2,15677.0,Sedan,Petrol,89.8,2726.0,45.9,12.63,99.9,21.6,37.1,3,434.0,58.1,2,2,2.9,87.1,0,0,0,0,10213.0
1.3,18168.0,SUV,Diesel,86.3,2895.0,51.4,12.41,55.7,48.6,30.9,1,6356.0,56.3,2,4,5.6,64.0,0,1,0,0,3690.0
2.5,36270.0,Sedan,Petrol,90.4,2009.0,34.0,12.66,89.1,47.3,34.1,3,731.0,37.2,1,5,1.6,80.3,0,0,0,1,6748.0
3.0,42141.0,SUV,Diesel,97.8,3022.0,61.6,12.31,83.1,69.7,30.8,2,2021.0,60.9,1,1,3.5,60.8,0,0,0,1,2825.0
8.1,84567.0,Sedan,Hybrid,92.3,2682.0,38.4,12.38,78.7,64.2,32.4,6,3183.0,77.0,3,2,4.7,64.4,0,1,0,0,3782.0
1.7,22626.0,SUV,Hybrid,113.5,2269.0,65.6,12.48,53.9,61.4,31.1,3,7141.0,30.2,5,4,2.5,29.6,1,0,0,0,1472.0
8.8,128919.0,Sedan,Petrol,87.9,2649.0,33.8,11.17,72.7,68.0,31.1,12,2201.0,53.1,5,3,8.1,26.1,0,1,0,0,1534.0
10.4,131364.0,Hatchback,Hybrid,93.7,2432.0,48.2,12.43,85.7,70.4,32.9,11,1309.0,62.6,2,2,2.6,62.7,0,1,1,0,3118.0
2.6,30908.0,Sedan,Diesel,87.0,2285.0,44.1,12.46,74.0,57.8,38.7,2,4859.0,41.5,3,3,1.4,61.5,0,0,0,1,4279.0
10.2,68693.0,SUV,Hybrid,92.9,2385.0,36.8,12.45,50.4,46.6,28.0,6,9433.0,62.3,1,1,1.8,49.1,0,1,0,0,1194.0
3.5,40351.0,SUV,Diesel,89.7,2566.0,72.1,12.58,81.5,77.0,31.5,4,3619.0,52.6,6,3,3.3,65.1,0,0,1,0,2374.0
3.2,43724.0,Truck,Diesel,90.5,2249.0,36.7,12.4,18.1,81.9,32.7,3,13104.0,42.0,2,2,4.8,42.1,1,0,1,1,150.0
8.1,135011.0,SUV,Electric,60.9,2374.0,71.2,12.61,100.0,15.0,26.7,11,18825.0,25.0,4,4,1.5,63.1,0,1,1,1,150.0
4.3,68052.0,Truck,Hybrid,87.7,2213.0,59.9,12.45,47.6,52.8,25.6,6,8537.0,50.6,4,3,6.5,46.4,0,0,0,1,1917.0
4.0,83700.0,Truck,Petrol,105.2,2703.0,62.9,12.54,31.8,67.4,29.0,7,11110.0,51.0,2,4,1.4,20.9,1,1,0,0,416.0
2.5,37257.0,Hatchback,Petrol,85.4,2543.0,35.3,12.34,65.8,56.2,26.0,4,5651.0,70.4,1,4,7.1,53.8,0,0,0,1,3171.0
2.6,24379.0,Sedan,Petrol,110.3,2778.0,34.4,12.28,72.8,31.8,30.0,3,5978.0,56.7,1,1,1.9,39.4,1,0,0,0,2138.0
4.1,58194.0,SUV,Petrol,93.5,2628.0,53.6,12.44,83.4,33.5,34.2,5,643.0,44.6,2,2,1.0,77.9,0,0,0,0,8190.0
8.1,125826.0,Hatchback,Petrol,94.7,1985.0,28.9,11.89,58.4,68.8,29.8,11,5319.0,30.0,9,8,4.4,40.7,0,1,1,0,1819.0
1.7,23905.0,Coupe,Petrol,96.0,2826.0,45.7,12.53,67.1,34.7,32.7,2,5275.0,64.2,3,1,1.0,67.9,0,0,1,0,4453.0
3.6,42223.0,Hatchback,Hybrid,94.1,1881.0,35.3,11.73,60.1,71.8,30.2,4,5725.0,53.6,2,2,10.0,41.9,0,0,1,0,2029.0
1.5,13567.0,SUV,Petrol,89.9,2245.0,29.8,12.13,80.6,37.9,35.3,1,2050.0,46.5,4,4,3.3,67.5,0,0,0,0,6882.0
2.4,24336.0,Sedan,Diesel,84.3,2726.0,63.0,12.9,75.2,42.8,33.3,3,3582.0,44.4,2,3,1.1,75.5,0,0,0,1,6277.0
5.6,75809.0,SUV,Petrol,95.5,2543.0,56.0,12.82,5.0,61.4,25.8,6,19744.0,69.4,1,1,2.4,22.4,1,0,0,1,150.0
2.1,24390.0,Truck,Petrol,89.4,3093.0,56.7,12.94,30.8,42.3,26.4,2,12820.0,71.5,0,1,1.0,44.7,1,0,0,0,150.0
7.0,76573.0,SUV,Petrol,85.7,2630.0,46.1,12.19,74.7,69.6,29.7,4,4327.0,43.2,5,3,4.2,52.0,0,0,1,0,2704.0
2.1,43211.0,SUV,Petrol,99.0,2128.0,58.4,12.52,77.7,82.7,32.6,4,3922.0,25.0,6,3,1.0,57.3,0,0,1,0,1883.0
2.7,43032.0,Hatchback,Hybrid,91.3,2605.0,53.2,12.31,39.1,73.3,30.4,4,10351.0,49.0,6,8,1.0,48.3,0,0,1,1,799.0
1.0,15654.0,SUV,Hybrid,93.5,2883.0,35.4,12.77,83.0,38.1,33.6,1,3699.0,55.2,1,1,8.1,82.8,0,0,0,0,7264.0
7.0,55363.0,Hatchback,Petrol,92.4,2361.0,46.0,12.19,57.2,16.5,32.1,3,6366.0,53.0,2,1,1.4,68.4,0,0,0,0,3898.0
6.4,99462.0,SUV,Diesel,91.4,2010.0,44.9,12.35,21.8,46.3,30.9,8,13712.0,30.0,6,7,3.6,50.4,1,0,0,1,150.0
1.5,19948.0,Sedan,Diesel,90.0,2540.0,24.2,12.61,89.8,49.5,30.6,1,1796.0,73.5,5,2,2.6,72.0,0,0,1,0,6074.0
3.2,41760.0,SUV,Hybrid,89.2,2548.0,48.6,12.03,36.4,98.0,30.1,3,9196.0,26.0,11,9,2.1,30.1,0,1,1,0,150.0
3.0,61608.0,Truck,Hybrid,100.4,2237.0,79.6,12.41,5.0,38.2,26.0,4,24000.0,41.5,1,3,2.2,17.7,1,0,1,1,232.0
2.8,22992.0,Sedan,Diesel,85.7,2940.0,49.0,11.81,95.6,35.9,31.5,2,653.0,37.7,2,2,4.8,69.5,0,1,0,0,7003.0
10.4,127084.0,Sedan,Diesel,104.2,2172.0,39.4,12.6,99.7,60.2,28.1,10,595.0,37.0,3,2,2.8,50.3,1,1,0,1,3320.0
2.8,39149.0,Coupe,Hybrid,87.9,1989.0,59.2,11.81,49.4,60.5,30.7,4,8166.0,25.0,1,1,1.2,40.6,0,0,0,0,1522.0
2.2,17279.0,Sedan,Petrol,93.6,2232.0,27.7,12.23,76.2,31.3,30.2,3,4215.0,52.8,2,1,1.1,71.8,0,0,0,0,5456.0
1.1,12117.0,SUV,Petrol,89.8,3017.0,42.1,12.29,99.8,26.7,28.1,1,1715.0,71.8,1,3,6.5,76.0,0,0,0,0,7653.0
2.2,41566.0,SUV,Electric,64.1,2507.0,44.2,12.02,100.0,88.8,29.1,3,5143.0,49.7,4,4,5.0,49.1,0,0,1,0,633.0
8.1,146845.0,SUV,Diesel,94.1,2683.0,78.5,12.0,13.1,40.8,27.0,12,14818.0,37.9,7,5,8.0,22.2,1,0,0,1,150.0
4.3,69617.0,SUV,Diesel,99.2,3219.0,67.2,11.33,59.7,45.2,29.9,6,5209.0,71.7,3,6,5.0,31.1,0,1,0,0,2127.0
4.3,45843.0,Sedan,Diesel,88.2,2701.0,29.0,12.31,5.0,5.0,27.7,3,18706.0,63.8,1,1,1.4,39.5,1,0,0,0,159.0
2.3,41418.0,SUV,Petrol,85.3,2720.0,50.1,12.67,67.8,89.9,31.0,5,5880.0,40.2,12,8,2.5,54.6,0,0,1,0,762.0
7.4,121944.0,SUV,Diesel,105.8,2268.0,57.0,12.03,78.2,55.8,31.3,11,1739.0,56.5,0,2,6.6,39.8,0,1,0,0,2607.0
5.2,76474.0,Truck,Diesel,94.9,2362.0,40.8,12.58,32.4,61.4,31.5,8,12252.0,67.1,3,3,1.2,45.5,0,0,0,0,381.0
2.9,34927.0,Sedan,Petrol,90.6,2078.0,39.1,12.22,85.8,65.6,34.9,4,3508.0,39.3,5,4,1.0,62.4,0,0,1,0,3356.0
2.0,38806.0,SUV,Diesel,94.0,2598.0,42.5,12.95,73.9,75.7,33.3,4,6415.0,53.7,2,3,8.4,67.7,0,0,1,0,2872.0
3.6,42594.0,Sedan,Hybrid,89.3,3250.0,42.8,12.44,86.6,73.6,31.2,4,3646.0,46.6,7,7,8.1,63.2,0,0,1,1,2585.0
2.1,32109.0,Sedan,Petrol,101.1,2217.0,50.2,12.95,75.3,51.8,31.8,4,3996.0,35.3,5,3,6.8,59.1,1,0,0,0,4486.0
3.4,56810.0,Sedan,Diesel,94.0,2843.0,61.3,12.62,85.5,22.2,35.0,5,1637.0,54.3,2,3,6.5,81.5,0,0,0,0,8541.0
4.1,65535.0,Sedan,Petrol,89.6,2944.0,24.8,11.56,57.8,39.0,32.2,6,6788.0,58.1,5,7,5.5,51.4,0,1,0,0,2626.0
2.4,32756.0,Hatchback,Diesel,88.5,2575.0,47.6,12.02,74.7,55.6,30.5,2,2869.0,52.6,5,3,6.9,61.1,0,0,0,0,4562.0
0.6,16531.0,Sedan,Petrol,92.6,2361.0,48.5,13.1,80.2,29.1,31.6,1,3207.0,40.6,3,3,1.6,78.7,0,0,0,0,7031.0
4.8,81207.0,Hatchback,Diesel,94.2,2804.0,37.6,12.23,81.4,68.8,33.0,7,1803.0,81.4,4,3,2.5,67.5,0,1,0,0,3146.0
2.5,29691.0,Coupe,Hybrid,86.3,2274.0,31.7,11.82,71.4,40.7,33.4,2,3127.0,45.1,2,1,2.0,62.8,0,0,0,1,5504.0
4.1,44242.0,SUV,Petrol,91.5,2849.0,48.1,12.2,36.9,75.1,30.4,3,11595.0,59.8,2,4,4.0,41.7,1,0,1,0,150.0
3.5,53665.0,Sedan,Electric,61.0,2775.0,15.8,11.51,100.0,9.7,23.9,6,20474.0,63.3,1,0,1.0,37.9,0,1,0,1,162.0
9.4,175072.0,SUV,Electric,68.1,2039.0,62.1,12.59,100.0,76.0,31.1,15,4165.0,25.0,2,1,6.9,62.2,0,1,1,0,2491.0
3.8,49929.0,Truck,Petrol,107.9,2589.0,45.2,11.4,53.0,25.9,34.1,4,9382.0,63.6,3,3,1.0,25.1,1,1,0,1,399.0
6.4,98915.0,SUV,Petrol,97.5,2370.0,33.6,12.24,6.0,28.2,28.2,10,16018.0,52.1,3,2,5.5,32.0,1,1,1,1,243.0
3.0,42793.0,Sedan,Electric,61.3,2675.0,42.7,12.81,100.0,65.6,32.9,2,2299.0,48.3,1,1,1.9,77.5,0,0,1,0,4130.0
2.1,42572.0,SUV,Electric,83.1,2713.0,57.4,12.3,100.0,77.0,33.5,4,1332.0,50.3,6,2,4.0,73.9,0,0,1,1,2916.0
5.0,64445.0,Hatchback,Petrol,82.1,3027.0,50.6,11.12,88.8,43.1,30.9,4,2212.0,60.2,5,3,3.5,47.3,0,1,0,0,4389.0
2.3,33518.0,Truck,Petrol,91.3,1897.0,73.8,11.91,26.8,55.7,31.4,1,14768.0,25.0,1,0,1.0,37.5,0,1,0,0,156.0
5.7,62902.0,Sedan,Petrol,96.7,2409.0,40.9,12.58,80.5,33.3,32.3,5,2775.0,52.4,5,3,3.6,72.5,1,0,0,0,6537.0
1.6,11365.0,Truck,Electric,61.9,3045.0,50.8,12.46,100.0,38.5,30.3,2,5249.0,58.0,4,3,1.4,77.8,0,0,0,0,5605.0
4.6,66460.0,Sedan,Petrol,87.8,3344.0,37.3,12.57,5.0,31.4,25.9,5,22187.0,82.3,6,5,1.0,29.9,1,0,1,1,150.0
3.7,71600.0,Sedan,Diesel,94.8,2039.0,36.1,12.21,71.8,46.1,37.0,7,4603.0,33.1,4,2,3.2,54.8,0,0,0,0,4011.0
8.4,137834.0,Hatchback,Hybrid,92.1,2590.0,34.7,11.5,60.7,20.4,24.0,11,3365.0,58.2,7,7,1.0,35.1,0,1,0,1,3014.0
4.9,38349.0,Sedan,Petrol,92.3,2586.0,36.0,12.65,6.6,73.1,30.3,2,17016.0,45.2,8,4,8.1,30.1,0,0,1,0,150.0
3.5,54615.0,Sedan,Diesel,100.1,2861.0,30.1,12.05,97.6,17.0,30.5,4,1133.0,58.8,0,1,1.4,66.8,0,0,0,0,7422.0
6.0,48847.0,Sedan,Petrol,85.5,2478.0,27.9,12.08,50.2,9.4,36.4,3,8401.0,64.1,1,3,3.4,59.1,0,0,0,1,2312.0
0.6,11933.0,Hatchback,Hybrid,110.1,2502.0,62.0,12.61,74.5,28.1,29.9,2,4065.0,41.7,5,4,3.1,49.1,1,0,0,0,3929.0
5.2,84997.0,Truck,Petrol,106.4,3115.0,70.2,12.67,38.9,62.6,30.0,6,10435.0,79.4,2,2,5.6,30.6,1,0,0,0,396.0
5.5,74177.0,SUV,Diesel,96.4,2775.0,32.8,12.28,59.6,58.1,33.0,6,4545.0,70.5,5,4,1.8,56.9,0,0,0,0,3966.0
5.9,97518.0,Truck,Diesel,87.7,2762.0,59.8,12.12,14.3,25.9,28.9,8,11946.0,63.0,3,5,2.0,41.8,1,0,0,0,150.0
5.6,68958.0,Sedan,Petrol,89.9,2809.0,38.8,12.83,79.3,34.9,33.1,4,4063.0,47.0,4,2,3.1,76.3,0,1,0,0,5962.0
5.1,63424.0,SUV,Petrol,91.2,2541.0,59.3,12.22,90.2,43.2,32.8,4,1496.0,44.2,7,7,1.5,71.9,0,0,0,0,6330.0
3.0,29129.0,SUV,Petrol,90.9,2950.0,37.0,12.33,72.1,65.2,30.5,3,3708.0,58.2,3,3,2.1,59.6,0,0,1,0,3022.0
4.1,57651.0,Sedan,Petrol,107.9,2456.0,18.2,11.82,82.8,26.2,32.3,4,1312.0,46.5,2,3,1.6,46.7,1,1,0,0,4819.0
2.5,41339.0,SUV,Hybrid,91.3,2515.0,59.3,12.48,97.3,93.4,30.4,4,780.0,44.7,12,10,3.7,63.7,1,0,1,1,924.0
2.2,18342.0,Hatchback,Hybrid,94.1,3155.0,38.4,12.96,82.3,37.6,30.2,1,2203.0,78.8,4,6,4.8,74.0,0,0,0,1,7093.0
3.1,49647.0,Sedan,Diesel,109.9,2542.0,34.6,11.91,68.2,6.6,33.4,4,3918.0,59.7,3,4,6.0,44.6,1,0,0,1,3809.0
3.4,22076.0,Sedan,Diesel,92.1,2494.0,39.5,12.15,94.9,47.9,32.6,2,1306.0,63.5,6,5,5.7,74.8,0,0,1,1,6010.0
4.7,50256.0,Sedan,Diesel,91.6,3456.0,49.2,11.33,39.9,16.2,31.4,3,8094.0,78.3,4,5,4.1,45.1,0,1,0,0,1799.0
7.7,95578.0,Sedan,Hybrid,94.9,2633.0,50.2,12.41,48.8,22.4,31.2,6,6919.0,53.2,3,2,4.0,65.3,0,1,0,1,3280.0
6.3,94168.0,Hatchback,Petrol,101.6,2597.0,32.6,12.38,42.0,23.6,27.5,9,11005.0,43.1,6,8,4.0,44.4,0,0,0,1,398.0
4.5,51989.0,SUV,Petrol,95.3,2304.0,43.8,12.37,85.5,20.6,30.0,3,2200.0,37.0,1,3,2.8,77.9,0,0,0,0,7497.0
7.2,77704.0,SUV,Petrol,88.7,3170.0,56.2,12.01,74.6,70.7,35.0,4,3490.0,71.0,2,3,1.2,50.1,0,1,0,0,2328.0
3.8,66552.0,Truck,Diesel,94.0,2898.0,69.1,12.86,57.3,55.9,33.1,7,7391.0,46.8,5,3,7.1,66.6,0,0,0,1,3236.0
5.2,100992.0,Sedan,Petrol,91.3,2144.0,38.6,11.59,80.3,31.3,33.1,7,3791.0,25.0,5,4,4.0,65.6,0,1,0,0,5493.0
3.1,36054.0,SUV,Petrol,90.1,2256.0,55.3,12.81,81.0,61.3,30.9,3,3550.0,25.0,0,2,4.9,65.0,0,0,0,0,4138.0
3.8,47009.0,SUV,Petrol,89.4,2174.0,37.2,13.09,77.4,32.5,31.5,4,3169.0,31.3,5,2,2.0,74.5,0,0,0,1,6606.0
3.2,41617.0,SUV,Diesel,89.2,2732.0,28.9,12.67,65.6,76.2,36.1,6,4862.0,46.7,3,4,10.0,55.5,0,0,0,0,2242.0
1.2,26904.0,Coupe,Petrol,86.9,2342.0,66.6,12.29,75.2,44.3,36.8,1,3809.0,48.8,3,1,6.5,67.1,0,0,0,0,5582.0
1.3,24447.0,Truck,Petrol,86.3,2435.0,62.5,12.59,61.9,73.2,34.1,3,5550.0,59.4,10,9,2.2,59.7,0,0,1,0,2526.0
1.5,26076.0,SUV,Petrol,94.1,2065.0,41.4,12.08,5.0,54.1,27.9,2,24000.0,36.1,3,2,1.9,20.8,1,0,1,0,232.0
4.5,74572.0,Hatchback,Petrol,109.1,2812.0,15.0,11.07,65.9,48.2,36.9,8,4719.0,55.1,3,2,4.8,8.0,1,1,0,0,680.0
7.8,109372.0,Sedan,Diesel,92.2,2438.0,56.1,12.4,53.8,39.0,30.8,9,10096.0,64.4,2,1,2.8,57.6,0,1,0,0,1026.0
7.1,80456.0,Sedan,Petrol,88.0,2731.0,29.1,12.45,55.2,58.8,30.8,6,7577.0,50.0,4,3,3.6,52.0,0,1,0,0,2279.0
1.2,20365.0,Sedan,Petrol,93.8,2709.0,31.5,12.63,63.3,47.0,30.8,2,5694.0,45.5,4,6,6.9,69.2,1,0,0,0,4058.0
5.2,62421.0,Sedan,Diesel,88.7,2326.0,33.4,11.91,50.9,35.5,31.0,7,9123.0,39.9,5,5,3.6,51.5,0,1,0,0,1287.0
2.7,32068.0,SUV,Petrol,86.1,2622.0,54.4,13.26,54.2,59.0,29.6,3,6993.0,68.0,2,1,2.7,55.4,0,0,0,1,2629.0
2.2,35180.0,SUV,Petrol,97.8,2172.0,62.1,12.65,100.0,67.3,31.9,2,854.0,32.8,2,3,4.1,69.0,0,0,0,0,3709.0
4.1,49341.0,Hatchback,Hybrid,92.3,2684.0,36.0,12.33,41.3,18.5,28.0,5,9300.0,74.1,4,2,1.0,57.8,0,0,0,1,1263.0
2.7,37855.0,SUV,Petrol,90.3,2064.0,41.0,12.46,5.0,67.3,30.8,3,15708.0,51.7,3,2,3.5,35.6,1,0,1,1,150.0
1.4,18725.0,SUV,Petrol,90.7,2446.0,83.6,12.28,35.5,41.2,29.3,1,11025.0,37.5,5,5,1.0,54.6,0,0,0,1,360.0
1.9,20332.0,Sedan,Petrol,90.1,2601.0,35.3,12.17,87.7,42.1,33.1,1,3501.0,63.8,8,4,4.6,78.0,0,0,0,0,6266.0
3.0,45486.0,Sedan,Diesel,93.5,2528.0,38.1,13.29,5.1,5.0,30.3,5,15530.0,59.1,1,0,1.0,56.2,1,0,0,0,150.0
7.6,107328.0,SUV,Diesel,85.3,2670.0,34.8,11.92,89.7,42.1,31.2,9,1096.0,57.8,3,1,2.8,63.6,0,1,0,0,5840.0
1.1,11515.0,SUV,Diesel,84.3,2878.0,62.2,12.27,80.3,38.3,35.3,2,3517.0,61.9,4,4,7.9,76.6,0,0,0,0,6442.0
1.7,18289.0,Hatchback,Diesel,92.0,2400.0,52.7,11.62,91.4,28.7,32.7,1,432.0,54.3,3,2,6.2,71.5,0,1,0,0,8259.0
3.2,38393.0,Sedan,Petrol,84.5,2475.0,30.1,12.16,78.5,65.6,29.0,3,3296.0,58.4,2,3,3.6,58.9,0,0,1,1,3233.0
2.3,28136.0,Sedan,Petrol,105.2,2705.0,17.5,12.45,96.7,48.9,30.7,1,674.0,71.1,2,2,8.4,57.4,1,0,0,0,4618.0
4.8,77869.0,SUV,Hybrid,95.1,2776.0,48.2,12.19,53.6,71.8,27.7,4,9421.0,54.8,3,1,2.1,36.1,0,0,1,0,931.0
3.3,44513.0,Sedan,Electric,64.3,2568.0,63.2,12.36,100.0,74.2,39.8,3,2473.0,63.5,4,3,1.4,60.5,0,0,1,1,2507.0
1.4,29638.0,Sedan,Petrol,92.2,2019.0,31.9,12.38,59.1,51.6,31.0,2,5593.0,25.0,4,2,2.6,64.2,0,0,0,1,3990.0
2.7,44282.0,Truck,Diesel,87.0,2383.0,85.6,12.35,66.5,80.5,32.0,4,6224.0,56.5,3,4,2.6,57.6,0,0,1,1,1756.0
4.2,84697.0,Sedan,Petrol,97.1,3109.0,33.7,11.83,74.8,69.9,30.2,7,2798.0,87.3,5,3,2.7,40.1,0,0,0,0,2080.0
5.5,53590.0,SUV,Petrol,108.5,2231.0,33.3,12.2,89.5,26.4,35.8,5,2232.0,27.0,4,4,3.2,47.9,0,0,0,0,4820.0
1.7,17588.0,Sedan,Petrol,86.1,2644.0,34.3,12.43,74.1,36.7,30.6,1,5605.0,80.0,6,3,1.0,71.4,0,0,0,0,4597.0
4.3,60071.0,Sedan,Petrol,91.1,2526.0,18.7,12.27,90.2,42.9,29.8,6,2178.0,62.1,6,4,1.7,71.6,0,0,0,0,6498.0
3.1,48762.0,SUV,Diesel,89.9,2396.0,45.0,12.32,88.5,18.2,30.2,5,1511.0,28.2,1,2,2.1,80.9,0,0,0,1,8509.0
7.1,100237.0,Hatchback,Diesel,104.0,2467.0,42.6,12.56,45.8,21.6,33.8,6,9268.0,52.6,3,0,8.3,50.0,0,1,0,0,1548.0
2.7,25467.0,SUV,Petrol,95.9,2324.0,46.4,12.25,85.1,48.6,28.5,2,2907.0,57.6,1,0,2.1,64.3,0,0,0,0,5456.0
1.4,5660.0,Truck,Petrol,90.0,2856.0,67.6,12.84,73.6,19.0,34.2,1,4259.0,64.8,0,3,2.2,81.2,1,0,0,0,6333.0
2.4,29090.0,Sedan,Hybrid,95.4,2745.0,34.0,13.15,14.0,47.1,25.6,3,16222.0,45.9,1,3,4.8,33.2,1,0,0,1,150.0
0.9,10287.0,Truck,Petrol,84.6,2929.0,38.1,12.28,95.1,32.3,30.5,1,1285.0,61.7,6,5,2.6,81.4,0,0,0,0,8584.0
0.9,7899.0,Sedan,Diesel,89.0,3023.0,45.4,12.64,100.0,24.4,33.3,1,831.0,71.4,8,7,9.6,93.4,0,0,0,0,10289.0
1.1,16703.0,Truck,Petrol,89.9,3037.0,51.0,12.59,81.3,36.1,29.5,2,4051.0,64.4,1,1,5.0,76.3,0,0,0,1,6146.0
4.9,55939.0,SUV,Diesel,89.3,3045.0,53.3,12.36,57.7,28.6,32.1,6,6602.0,68.7,2,2,4.6,69.7,0,0,0,0,3901.0
4.5,93261.0,Hatchback,Petrol,91.6,2590.0,26.7,11.79,81.6,14.8,29.3,7,4472.0,45.8,6,5,1.0,64.8,0,0,0,1,4916.0
5.0,80910.0,SUV,Petrol,92.1,3017.0,59.2,11.88,82.2,67.2,35.8,8,456.0,61.6,3,5,3.7,54.0,0,1,0,0,2637.0
2.6,45034.0,Sedan,Petrol,92.4,3018.0,55.5,12.31,72.1,5.0,35.3,4,3783.0,84.2,3,1,3.3,79.5,0,0,0,0,6966.0
2.0,36068.0,Sedan,Petrol,95.0,2649.0,31.8,12.87,68.8,84.3,31.2,3,4663.0,36.9,16,12,5.7,54.9,1,0,1,1,1199.0
11.4,101196.0,Hatchback,Petrol,94.4,3030.0,17.5,11.34,5.0,23.4,30.1,7,19467.0,57.9,6,3,4.6,13.8,1,1,0,0,150.0
4.0,65993.0,SUV,Diesel,85.5,2794.0,35.9,12.77,86.3,52.9,30.5,5,917.0,36.4,4,3,4.2,68.7,0,0,0,1,4878.0
1.8,30196.0,Truck,Petrol,92.1,3070.0,54.1,12.65,48.2,60.3,28.8,4,7974.0,69.6,3,3,3.9,56.4,0,0,0,0,2217.0
8.2,164461.0,Sedan,Petrol,89.1,2303.0,19.5,12.46,66.6,59.1,33.1,13,3662.0,25.0,5,1,2.1,66.4,1,1,0,0,4528.0
7.6,132612.0,Sedan,Diesel,111.5,2744.0,45.1,12.44,14.0,71.2,29.9,12,13839.0,44.0,5,4,1.4,8.0,1,1,1,1,150.0
5.3,75058.0,Sedan,Diesel,96.7,2818.0,43.9,12.27,48.7,61.9,28.2,5,7401.0,84.3,4,2,4.0,39.1,0,0,0,0,1916.0
3.3,48149.0,Coupe,Electric,65.2,2750.0,44.8,12.28,100.0,20.1,32.2,4,3654.0,45.1,5,3,1.5,86.7,0,0,0,0,7222.0
2.2,34380.0,Truck,Diesel,99.1,2136.0,83.9,12.61,63.1,54.8,30.7,3,7033.0,51.1,0,1,3.2,54.8,0,0,0,1,2515.0
2.8,22549.0,Hatchback,Diesel,94.5,2732.0,18.8,12.67,73.9,32.3,32.9,3,4244.0,69.5,1,4,7.4,74.9,0,0,0,0,5792.0
7.0,113979.0,Sedan,Diesel,95.5,1999.0,21.5,12.24,52.8,46.3,35.2,9,8614.0,50.1,2,5,8.4,55.5,1,1,0,0,1651.0
2.4,24124.0,SUV,Electric,68.9,2335.0,69.7,12.72,100.0,49.0,29.1,2,10549.0,25.0,3,3,2.6,66.1,0,0,1,0,788.0
1.6,37414.0,Truck,Hybrid,91.4,2591.0,60.0,12.22,57.2,78.3,29.6,2,8087.0,37.0,1,2,6.0,48.1,0,0,1,1,1471.0
5.3,64684.0,Sedan,Petrol,112.9,3283.0,55.8,12.41,82.8,49.7,31.8,6,3440.0,70.5,7,5,3.1,43.8,1,1,0,0,3598.0
3.6,51436.0,Hatchback,Petrol,92.7,2662.0,15.0,12.79,87.6,27.4,30.0,5,630.0,72.6,8,1,1.4,74.2,0,0,1,0,8650.0
2.4,34948.0,Hatchback,Petrol,87.8,2383.0,25.7,12.53,88.2,60.5,36.2,2,1367.0,25.0,4,5,3.1,66.1,0,0,0,1,3998.0
2.6,27053.0,Hatchback,Diesel,87.8,2576.0,55.3,12.4,71.3,56.5,34.9,1,4452.0,38.7,5,7,10.0,65.4,0,0,0,0,4649.0
0.8,14872.0,Truck,Diesel,84.3,2898.0,52.4,12.83,67.6,46.5,32.7,1,6120.0,42.6,2,3,4.4,75.3,1,0,0,0,4391.0
2.7,39131.0,Sedan,Diesel,93.0,2623.0,57.0,12.98,97.9,61.4,33.1,1,1038.0,46.7,1,4,1.6,81.4,0,0,0,0,5100.0
6.6,120289.0,Sedan,Petrol,87.4,2867.0,35.4,12.47,63.6,52.8,31.0,9,4441.0,39.0,4,3,3.9,65.3,0,1,0,1,4814.0
2.0,29558.0,Coupe,Diesel,94.2,2888.0,37.9,11.91,88.8,46.0,35.3,1,2591.0,53.5,2,3,5.2,62.3,0,0,0,1,5502.0
12.4,181055.0,Sedan,Hybrid,94.4,2696.0,68.7,11.74,86.1,12.1,30.2,15,859.0,44.0,5,4,5.9,60.7,1,1,0,0,6677.0
3.7,36909.0,Truck,Petrol,92.4,2348.0,41.9,12.75,89.7,77.2,33.3,3,3235.0,46.0,6,3,2.6,69.7,0,0,1,0,2500.0
1.4,19660.0,Truck,Diesel,109.5,2052.0,62.5,12.32,69.3,44.0,33.0,1,6919.0,36.1,3,2,8.5,44.0,0,0,0,1,2338.0
0.5,8656.0,SUV,Petrol,95.6,2803.0,37.2,12.56,32.9,37.3,30.5,1,10125.0,63.0,7,5,2.9,57.2,0,0,0,0,1122.0
4.2,57853.0,Coupe,Hybrid,96.1,2261.0,28.4,12.19,43.3,24.6,30.6,5,9721.0,32.6,3,1,4.0,55.2,0,0,0,0,1254.0
2.0,41776.0,Sedan,Hybrid,103.1,2287.0,48.4,12.77,63.6,58.3,29.9,3,5044.0,57.3,2,2,1.0,46.0,0,0,0,0,2968.0
5.3,58583.0,Sedan,Diesel,94.3,2863.0,21.0,12.51,90.2,15.5,35.5,5,1048.0,66.0,2,0,7.1,82.0,0,1,0,0,9219.0
7.2,157705.0,Sedan,Diesel,93.4,2850.0,49.3,12.02,55.9,44.6,30.8,13,6285.0,79.9,2,1,1.2,50.8,0,1,1,0,3158.0
6.0,66343.0,SUV,Hybrid,92.7,2790.0,51.8,12.59,89.3,43.6,28.9,5,742.0,59.0,1,3,4.9,72.7,0,0,0,0,6923.0
5.9,72941.0,Sedan,Diesel,93.4,2977.0,27.9,12.61,72.3,45.1,30.8,4,3998.0,55.2,4,2,2.2,71.2,0,1,0,1,5903.0
2.8,43377.0,Sedan,Petrol,90.2,2216.0,41.5,12.64,63.9,78.9,30.9,2,7392.0,28.3,7,6,1.2,56.6,0,0,1,1,1858.0
2.0,22555.0,Hatchback,Hybrid,81.9,2196.0,31.8,12.55,90.7,40.0,32.2,2,1256.0,72.6,2,1,2.3,85.0,0,0,0,0,8117.0
5.0,80058.0,Hatchback,Petrol,89.1,2436.0,31.9,13.63,54.7,63.2,32.9,6,6715.0,54.0,4,3,1.0,62.1,0,1,1,0,3372.0
2.1,21061.0,Sedan,Petrol,84.2,2953.0,32.9,11.97,60.5,36.8,29.5,2,7665.0,56.3,2,1,1.9,61.0,0,0,0,0,2545.0
2.9,36585.0,SUV,Hybrid,84.9,2537.0,36.1,12.32,15.5,74.7,27.0,4,14777.0,57.5,2,1,2.0,30.1,1,0,1,1,150.0
2.2,17687.0,Hatchback,Diesel,95.8,2891.0,25.6,12.46,80.8,32.7,30.0,1,1988.0,53.6,6,11,1.3,67.3,0,0,0,0,6836.0
2.4,20447.0,Sedan,Petrol,89.3,2341.0,15.0,12.89,41.3,32.5,25.9,2,11521.0,52.1,2,1,3.8,49.2,0,0,0,1,329.0
5.2,70118.0,Sedan,Petrol,92.6,2406.0,44.8,12.23,78.6,41.0,31.6,7,3140.0,46.9,4,1,3.0,68.8,0,0,0,0,6281.0
2.3,19482.0,Sedan,Petrol,91.5,2449.0,44.0,12.85,87.7,24.7,33.7,2,3592.0,62.2,1,1,3.8,80.9,0,0,0,0,6513.0
5.3,96623.0,SUV,Petrol,96.9,2229.0,45.7,12.12,5.0,29.6,24.4,8,22214.0,31.0,2,4,2.1,18.8,1,0,1,1,150.0
7.2,116445.0,Sedan,Petrol,91.8,2520.0,38.0,12.4,66.9,45.7,28.1,8,5012.0,30.7,2,2,2.7,60.7,0,1,0,0,3982.0
2.6,51176.0,Coupe,Diesel,89.1,2974.0,55.4,12.75,17.9,11.2,28.5,4,13661.0,40.1,0,1,1.1,55.7,1,0,0,0,150.0
1.8,13945.0,SUV,Petrol,97.4,2513.0,46.1,12.26,56.7,41.0,27.2,3,8196.0,69.5,3,2,1.9,46.9,0,0,0,1,1944.0
6.4,65405.0,SUV,Diesel,89.5,2409.0,49.6,12.55,84.1,52.4,32.1,6,3930.0,58.2,7,1,1.2,69.3,0,0,1,0,5315.0
4.4,75444.0,Sedan,Petrol,113.2,2268.0,62.9,12.87,99.8,39.3,33.4,7,687.0,43.1,2,2,2.5,54.7,1,0,0,0,5301.0
2.2,36675.0,SUV,Electric,68.1,3047.0,63.1,12.43,100.0,75.7,28.7,3,4811.0,40.8,7,8,1.9,65.7,0,0,1,1,2425.0
3.0,57626.0,Truck,Petrol,86.5,2735.0,65.3,12.08,80.3,19.5,31.0,4,3449.0,50.9,2,3,4.9,77.8,0,0,0,0,6742.0
4.6,88379.0,Truck,Petrol,112.5,2607.0,63.7,12.25,72.7,83.7,34.7,7,5234.0,57.6,4,4,5.2,25.0,1,0,1,0,542.0
1.2,17479.0,Truck,Petrol,96.9,2573.0,58.9,12.48,52.7,39.0,33.2,3,8937.0,71.1,2,1,3.5,66.4,0,0,0,0,2221.0
8.9,106049.0,SUV,Diesel,99.9,3159.0,43.3,12.51,63.9,31.7,34.5,11,5408.0,80.7,2,0,5.1,54.7,0,1,0,0,3535.0
6.1,101925.0,Hatchback,Diesel,91.6,2683.0,31.1,11.98,50.7,20.2,32.3,8,7629.0,50.2,5,6,3.7,59.4,0,1,1,0,2656.0
3.7,46916.0,Hatchback,Petrol,96.9,2874.0,47.7,12.62,51.1,8.1,27.5,3,8214.0,82.8,4,2,2.1,55.7,0,0,0,1,2224.0
8.7,124251.0,Truck,Petrol,104.1,1942.0,59.1,11.24,44.3,65.3,29.8,11,10226.0,53.1,1,1,3.3,8.0,0,1,0,0,150.0
7.9,107480.0,Sedan,Petrol,94.0,2808.0,43.2,11.59,57.1,30.7,30.7,10,7219.0,56.2,6,3,7.7,45.2,0,1,0,0,1981.0
3.3,50256.0,Sedan,Diesel,86.5,2632.0,42.3,12.84,15.9,14.8,27.3,5,14221.0,65.7,2,1,5.7,51.1,0,0,0,0,168.0
3.1,59172.0,Sedan,Diesel,105.1,2864.0,32.7,12.52,81.8,38.6,33.3,5,2718.0,67.7,8,5,3.2,60.1,0,0,0,0,5573.0
3.2,31917.0,Truck,Petrol,107.3,2895.0,41.1,11.08,26.8,66.6,34.1,1,12142.0,74.1,5,4,1.0,8.0,1,1,1,1,150.0
5.1,58599.0,SUV,Petrol,86.8,2578.0,45.6,12.32,58.7,31.0,34.1,4,6892.0,34.0,1,3,9.2,70.1,0,0,0,0,3853.0
4.8,67473.0,SUV,Petrol,87.9,1976.0,50.6,12.37,58.6,37.1,30.3,5,6576.0,53.7,0,2,2.8,64.5,0,0,0,0,3397.0
0.9,10021.0,Hatchback,Petrol,91.2,2426.0,32.5,12.34,92.2,16.4,34.6,1,1741.0,69.6,1,2,6.2,84.1,0,0,0,0,8562.0
4.7,75211.0,Hatchback,Diesel,97.0,3049.0,62.4,11.84,20.8,53.5,27.9,5,12479.0,37.0,5,7,3.1,20.5,1,1,0,0,150.0
4.6,68090.0,Hatchback,Petrol,93.4,1938.0,58.1,11.78,61.8,43.3,32.1,6,6382.0,25.8,4,3,1.0,52.8,1,1,0,0,3010.0
3.2,48113.0,Sedan,Petrol,84.9,2074.0,49.8,12.5,85.3,5.0,35.3,1,1697.0,31.2,1,2,6.8,88.2,0,0,0,1,8945.0
3.8,55680.0,Truck,Petrol,93.4,2716.0,66.6,11.54,90.9,26.0,34.0,7,732.0,50.3,2,0,3.8,68.9,0,1,0,0,7608.0
1.1,7233.0,Sedan,Electric,74.4,3001.0,26.5,12.52,100.0,18.8,34.0,1,4733.0,80.3,3,5,1.0,86.8,0,0,0,0,6469.0
1.6,29220.0,Sedan,Hybrid,89.0,2186.0,46.6,12.17,92.9,45.8,29.1,2,2559.0,30.9,3,0,2.6,66.5,0,0,0,0,5935.0
2.1,27573.0,Sedan,Petrol,89.8,2806.0,40.8,11.62,70.5,51.9,33.4,3,2687.0,35.7,4,4,3.8,53.8,0,1,0,0,4307.0
5.1,62420.0,Sedan,Petrol,93.5,2286.0,34.1,12.24,89.8,24.1,29.6,4,921.0,45.0,1,2,3.5,74.1,0,1,0,0,7998.0
7.4,129416.0,SUV,Petrol,103.5,2393.0,53.4,10.8,69.1,78.4,33.8,10,2045.0,38.1,6,6,5.7,12.1,0,1,1,0,695.0
4.9,77155.0,Hatchback,Diesel,88.9,2507.0,36.4,12.47,5.0,55.2,25.1,5,22648.0,35.6,4,2,3.8,19.8,1,1,0,1,150.0
4.0,81746.0,Sedan,Petrol,107.3,2230.0,35.1,12.0,66.6,66.0,28.7,8,5734.0,25.0,3,2,3.2,25.6,1,0,0,0,1248.0
5.6,68868.0,Truck,Diesel,88.3,2682.0,46.2,12.29,61.8,49.9,29.3,6,5379.0,44.6,3,2,1.4,51.6,0,0,0,0,3379.0
0.5,5000.0,SUV,Diesel,92.8,2682.0,37.5,12.43,79.8,27.2,33.5,1,4980.0,79.4,2,2,8.7,81.1,0,0,1,0,5417.0
7.1,72810.0,Sedan,Hybrid,91.7,2567.0,19.1,11.98,38.7,40.3,27.7,8,9922.0,59.8,2,0,2.5,44.3,0,1,0,0,1012.0
3.4,41963.0,SUV,Petrol,94.2,2964.0,63.2,12.75,63.1,79.1,28.4,4,7726.0,68.5,9,8,2.0,48.0,0,0,1,1,1635.0
6.6,88782.0,Sedan,Hybrid,101.4,2314.0,15.0,11.87,93.4,62.3,36.0,6,1783.0,43.5,5,2,1.5,42.8,0,1,0,0,2586.0
5.4,73226.0,SUV,Hybrid,90.4,2052.0,76.9,11.49,73.8,53.7,29.3,6,4922.0,40.2,2,2,1.9,38.1,0,1,0,0,2866.0
2.2,34522.0,SUV,Petrol,91.1,2541.0,46.9,12.03,47.3,59.3,31.0,2,8422.0,59.3,3,3,5.4,47.1,0,0,0,0,1928.0
4.3,50019.0,Sedan,Petrol,84.9,2304.0,16.4,12.9,62.8,5.0,30.9,4,4295.0,53.2,0,0,1.0,80.4,0,0,0,0,6254.0
2.4,46202.0,Sedan,Petrol,88.7,2863.0,46.7,12.35,66.1,8.1,37.6,3,5476.0,51.2,3,3,2.4,72.3,0,0,0,1,4970.0
4.8,59222.0,SUV,Petrol,91.4,3028.0,53.6,12.72,98.0,36.4,34.0,4,951.0,75.5,0,4,1.0,78.9,0,0,0,0,8046.0
9.5,115004.0,Hatchback,Petrol,92.8,2489.0,28.2,12.13,100.0,38.2,35.7,12,479.0,40.7,2,2,1.7,67.4,0,1,0,0,6588.0
4.8,36904.0,Sedan,Diesel,92.9,2445.0,35.1,12.76,38.3,60.3,31.7,3,9920.0,38.8,3,5,2.0,52.5,0,0,0,0,1247.0
2.2,13703.0,Truck,Petrol,83.6,2614.0,55.7,12.17,50.5,49.7,30.0,2,10097.0,63.9,7,6,1.9,54.4,0,0,0,0,956.0
6.1,77595.0,Truck,Electric,82.8,2735.0,67.4,12.39,100.0,58.3,28.8,7,5019.0,62.0,2,3,1.5,62.2,0,0,0,0,4016.0
2.1,28865.0,Hatchback,Petrol,85.4,2738.0,15.0,12.74,44.0,61.1,31.3,4,11378.0,37.4,6,3,7.2,57.8,0,0,0,0,459.0
7.2,115277.0,Hatchback,Electric,60.9,2223.0,41.8,11.79,100.0,34.2,28.1,10,10295.0,53.1,1,0,2.0,51.7,0,1,0,0,855.0
1.8,14680.0,SUV,Petrol,89.8,2326.0,73.3,12.11,78.3,33.7,30.8,1,3278.0,26.9,1,2,5.2,70.9,0,0,0,0,6040.0
6.7,98000.0,Truck,Hybrid,89.0,2451.0,43.8,12.17,65.7,28.1,34.7,8,4786.0,56.2,4,2,2.2,64.3,0,1,0,0,4650.0
2.7,30639.0,Hatchback,Petrol,104.2,2523.0,50.2,12.6,76.4,56.6,32.1,2,4580.0,45.4,6,4,1.2,55.0,0,0,1,0,3717.0
5.1,78685.0,SUV,Petrol,87.3,2434.0,61.7,12.05,87.1,74.8,37.6,7,528.0,48.6,3,2,4.7,51.7,0,0,1,0,1951.0
6.2,107722.0,Sedan,Hybrid,115.4,2479.0,63.0,12.68,82.9,31.2,38.3,10,401.0,36.0,4,3,6.1,34.8,1,0,0,0,3886.0
4.2,42045.0,Sedan,Petrol,93.4,2945.0,47.2,12.7,33.2,74.6,29.5,2,12246.0,68.7,10,8,1.2,34.2,0,0,1,1,150.0
2.9,40854.0,Hatchback,Diesel,92.9,2523.0,49.6,12.4,5.0,81.4,22.2,5,24000.0,55.7,6,4,4.4,8.0,1,0,1,1,150.0
4.3,85499.0,Hatchback,Diesel,113.4,2197.0,50.8,12.52,53.4,63.5,30.8,7,9573.0,65.9,2,0,2.6,27.0,1,0,0,1,651.0
3.4,65209.0,Sedan,Diesel,92.9,2506.0,46.2,12.66,94.8,33.7,30.1,4,883.0,50.5,3,1,9.5,76.8,0,0,0,0,8112.0
3.8,76057.0,SUV,Diesel,90.2,3137.0,47.7,12.68,58.6,67.1,35.9,6,6499.0,68.7,8,8,5.8,51.9,0,0,1,1,2613.0
1.2,13489.0,SUV,Diesel,106.2,2215.0,44.9,12.67,64.5,39.4,34.4,1,6792.0,25.8,4,2,7.8,49.7,0,0,0,0,2412.0
5.5,62681.0,Sedan,Petrol,107.7,2452.0,42.0,11.08,81.0,38.2,31.8,5,2437.0,52.1,2,1,2.2,26.2,1,1,0,0,2810.0
4.2,30546.0,Coupe,Diesel,88.5,3086.0,50.0,11.79,76.3,40.7,33.7,2,4743.0,68.7,2,2,8.1,59.5,0,1,0,0,4512.0
1.0,5000.0,Sedan,Hybrid,86.2,2640.0,44.5,12.56,97.4,5.0,35.4,1,484.0,25.0,2,3,5.0,92.1,1,0,0,0,10448.0
3.0,41101.0,Sedan,Petrol,94.7,2758.0,26.4,12.22,83.9,61.1,30.6,3,4504.0,53.8,2,1,3.5,62.6,0,0,0,1,3715.0
0.7,14416.0,SUV,Petrol,95.9,2965.0,55.5,12.99,89.8,30.4,33.6,1,2442.0,60.1,3,8,4.7,83.6,0,0,0,0,7997.0
3.8,41245.0,Truck,Diesel,89.2,2518.0,37.8,12.5,95.4,77.2,34.0,4,1989.0,46.6,4,3,1.5,67.8,0,0,0,1,2567.0
5.0,77783.0,Sedan,Petrol,106.1,2417.0,46.7,12.17,5.0,55.6,25.2,6,24000.0,65.9,4,2,3.5,8.0,1,1,0,1,150.0
2.4,32113.0,Truck,Petrol,97.9,2297.0,79.0,12.77,62.7,56.4,30.1,3,7666.0,66.1,2,4,2.5,52.7,0,0,0,1,2002.0
2.3,33601.0,SUV,Petrol,96.0,2707.0,59.1,12.07,10.9,55.3,24.8,4,14897.0,43.3,5,1,6.2,20.2,1,0,0,1,150.0
2.9,57476.0,Sedan,Diesel,95.1,2568.0,17.7,12.21,85.3,35.7,31.8,3,1422.0,46.6,7,4,1.0,70.7,0,0,0,0,7154.0
2.3,33504.0,Sedan,Petrol,92.6,3481.0,46.5,11.95,88.5,77.3,28.2,4,2094.0,35.7,9,9,3.4,50.0,0,0,1,1,1662.0
2.0,33658.0,SUV,Diesel,89.0,2556.0,55.8,12.81,16.4,72.7,28.0,2,17401.0,56.4,7,5,2.3,32.6,1,0,1,1,150.0
0.9,5000.0,Sedan,Hybrid,89.4,2609.0,32.4,11.94,84.6,13.1,32.3,1,2544.0,54.8,1,1,8.6,76.9,0,0,0,0,7474.0
2.2,27288.0,Hatchback,Petrol,92.4,2724.0,15.0,11.7,27.1,47.7,32.3,2,14142.0,52.0,5,1,2.8,35.5,0,1,0,0,150.0
1.3,20743.0,Hatchback,Diesel,93.3,2413.0,46.1,13.31,40.8,38.1,30.9,1,9135.0,53.4,4,3,2.6,56.7,0,0,0,0,1556.0
7.1,54607.0,Coupe,Electric,67.0,2438.0,53.4,12.38,100.0,29.7,33.5,4,650.0,40.0,5,5,3.5,84.3,0,1,0,0,9543.0
7.8,95007.0,Sedan,Diesel,96.5,2315.0,30.6,11.87,82.2,20.2,30.7,7,1472.0,32.0,6,4,4.8,61.7,0,1,0,1,6424.0
4.9,87951.0,Coupe,Hybrid,97.1,2802.0,34.5,12.19,65.1,98.0,28.9,7,5702.0,58.2,12,9,1.0,34.8,1,0,1,1,150.0
6.9,86410.0,SUV,Petrol,94.7,2580.0,49.8,11.72,5.0,78.9,25.4,8,16582.0,49.2,3,2,1.1,8.0,1,1,1,1,150.0
2.1,14102.0,Sedan,Hybrid,97.5,2445.0,62.1,12.15,73.8,25.4,30.9,2,5980.0,37.6,7,4,8.6,65.3,0,0,0,1,4096.0
5.0,56570.0,Sedan,Petrol,94.1,1927.0,37.0,12.08,60.9,20.5,33.2,2,8197.0,41.8,0,3,3.6,68.5,0,0,0,0,2512.0
4.9,48331.0,Sedan,Petrol,92.6,2831.0,32.8,12.05,60.1,10.7,28.1,3,7683.0,64.9,5,5,10.0,56.6,0,1,0,1,2387.0
4.4,66190.0,Truck,Petrol,91.7,2843.0,50.4,12.41,82.0,52.8,32.0,5,1186.0,64.1,5,4,1.6,72.0,0,0,0,0,5518.0
2.8,36595.0,SUV,Petrol,90.2,2660.0,61.3,11.46,39.2,74.2,30.3,2,11894.0,61.3,2,3,4.4,27.2,0,1,1,0,150.0
3.7,25011.0,Sedan,Hybrid,91.5,3054.0,17.7,11.95,35.5,49.0,35.3,3,8959.0,51.4,8,5,3.6,40.0,1,0,0,0,1013.0
4.3,34393.0,SUV,Petrol,87.3,2487.0,50.8,12.56,75.8,76.4,35.0,1,2908.0,42.5,4,2,7.1,64.0,0,0,1,1,2479.0
4.2,53012.0,Sedan,Diesel,91.2,2832.0,37.0,13.1,81.3,18.3,32.7,5,4413.0,70.5,2,4,1.0,80.4,0,0,0,0,6171.0
1.9,29473.0,SUV,Diesel,86.8,2912.0,56.3,12.62,67.4,61.7,31.3,3,4650.0,47.5,7,7,8.6,60.6,0,0,0,0,3501.0
7.5,91859.0,SUV,Diesel,88.3,3081.0,44.5,11.93,40.8,16.1,29.9,8,10678.0,55.8,2,1,3.4,48.6,0,1,0,0,538.0
3.8,55241.0,Hatchback,Petrol,96.4,2785.0,31.6,12.68,5.0,47.1,26.6,4,20167.0,40.1,13,12,3.0,25.5,1,0,1,1,198.0
5.7,85442.0,Hatchback,Diesel,96.2,2648.0,49.2,12.69,25.7,54.7,27.3,8,13079.0,48.7,0,0,4.4,36.7,1,0,0,1,150.0
2.6,33621.0,SUV,Petrol,88.2,2605.0,30.7,12.17,68.8,64.1,33.7,3,4634.0,25.0,5,1,2.9,60.3,0,0,1,0,3443.0
4.8,47487.0,SUV,Petrol,95.0,2351.0,72.4,12.04,83.8,7.1,33.1,3,3082.0,43.2,1,2,3.5,76.3,0,1,0,1,7223.0
4.0,57509.0,SUV,Electric,63.2,1920.0,57.0,12.94,100.0,32.3,32.4,5,2108.0,30.7,3,1,6.5,82.4,0,0,0,0,8032.0
2.1,33038.0,Hatchback,Petrol,88.8,2660.0,47.8,12.08,55.6,59.4,29.4,3,7939.0,55.0,4,2,1.5,49.4,0,0,0,0,2179.0
3.7,49602.0,Sedan,Petrol,97.1,2706.0,39.6,13.0,68.5,8.0,27.9,3,3914.0,43.7,1,1,4.3,68.8,0,0,0,0,5642.0
3.0,32520.0,Sedan,Hybrid,87.1,2662.0,58.5,12.62,94.9,63.1,32.1,4,1398.0,47.8,7,8,4.4,74.8,0,0,0,1,4666.0
3.2,34998.0,Sedan,Petrol,84.4,3101.0,45.2,12.86,92.0,55.2,32.4,4,728.0,81.8,3,1,8.9,75.9,0,0,0,1,5381.0
6.3,75616.0,SUV,Diesel,88.8,2218.0,70.9,12.63,67.0,53.8,30.1,6,6073.0,37.7,2,4,2.5,61.6,0,0,0,0,3707.0
3.4,51559.0,SUV,Petrol,89.1,2563.0,65.4,12.77,10.9,33.3,21.2,4,13835.0,53.7,5,4,1.0,29.4,1,0,0,1,150.0
6.0,71573.0,Hatchback,Petrol,90.0,2663.0,55.4,11.89,76.6,57.8,32.1,5,3010.0,55.1,7,5,2.2,58.3,0,1,0,0,3862.0
5.1,33034.0,Sedan,Petrol,100.6,2365.0,31.8,12.58,80.0,53.1,30.3,2,1944.0,38.7,4,3,1.8,61.0,0,0,0,0,4601.0
3.9,73149.0,SUV,Petrol,109.1,2394.0,47.4,12.15,63.3,55.8,28.9,6,4942.0,67.4,1,0,8.0,30.1,1,0,0,0,2139.0
6.5,105259.0,Hatchback,Petrol,99.1,2796.0,41.4,12.18,37.0,29.4,31.6,7,9481.0,75.0,4,4,1.0,45.0,1,0,0,0,1211.0
6.2,89339.0,Hatchback,Diesel,92.7,2224.0,39.6,11.59,99.2,68.8,30.0,6,633.0,68.8,4,2,5.9,50.9,0,1,1,0,2313.0
3.9,51888.0,SUV,Diesel,90.6,2976.0,68.5,11.92,26.0,61.1,32.4,5,14002.0,38.6,15,12,4.0,36.2,1,1,1,0,150.0
4.1,50587.0,SUV,Electric,74.3,2540.0,47.0,11.82,100.0,27.8,24.8,2,24000.0,42.2,4,5,1.2,39.8,0,0,0,0,150.0
6.5,74715.0,Sedan,Petrol,91.8,2612.0,41.9,12.13,83.6,60.0,32.9,6,4243.0,25.0,6,5,4.1,60.1,0,1,1,0,3876.0
5.3,32954.0,Hatchback,Diesel,91.7,2552.0,48.7,11.83,33.8,58.0,33.5,4,12494.0,49.5,4,4,1.0,38.9,0,1,1,0,188.0
7.5,144670.0,Sedan,Diesel,91.2,2046.0,16.6,12.01,79.5,19.2,31.7,12,3922.0,50.5,4,2,4.9,68.1,0,1,0,1,5391.0
3.4,47200.0,Hatchback,Electric,61.7,2770.0,53.1,13.11,100.0,12.8,33.7,3,1122.0,62.9,4,3,2.9,91.9,0,0,0,0,10062.0
1.7,11061.0,Truck,Petrol,89.9,2690.0,78.9,12.77,79.1,42.5,31.4,1,4936.0,76.7,4,3,1.0,69.3,0,1,0,0,5021.0
2.4,25996.0,SUV,Diesel,85.0,2525.0,41.8,12.66,85.2,46.7,35.3,1,1670.0,34.4,0,1,1.1,73.8,0,0,0,0,6340.0
0.9,14213.0,Sedan,Hybrid,98.9,2574.0,59.0,12.91,93.0,21.7,34.1,2,1780.0,53.9,3,4,5.1,74.3,0,0,0,0,7374.0
2.3,44413.0,SUV,Petrol,93.6,3114.0,58.7,12.0,38.7,76.1,26.5,3,10712.0,48.8,1,5,9.2,30.0,0,1,1,1,150.0
5.2,56150.0,SUV,Hybrid,88.7,2355.0,44.6,11.99,85.5,40.2,27.5,4,1106.0,49.9,4,4,9.3,61.3,0,0,0,0,6046.0
3.4,34729.0,Sedan,Petrol,111.1,2838.0,49.5,12.44,84.9,61.4,32.1,3,2662.0,73.9,3,2,6.1,44.3,1,0,0,1,2795.0
2.1,21366.0,Truck,Diesel,87.0,2679.0,76.9,12.23,79.8,41.7,35.0,4,3324.0,53.3,2,2,1.0,69.0,0,0,0,0,5842.0
2.6,26602.0,Coupe,Electric,69.6,2839.0,40.4,12.31,100.0,59.9,25.6,3,15998.0,59.7,7,9,6.7,53.0,0,0,1,1,150.0
4.4,61080.0,SUV,Diesel,94.5,2260.0,40.8,12.58,63.7,45.5,31.0,5,6521.0,58.6,3,2,10.0,64.3,0,0,0,0,3494.0
2.7,27134.0,Truck,Petrol,95.6,2501.0,26.8,12.76,85.8,62.4,29.6,2,779.0,55.1,4,2,7.9,62.6,0,0,0,0,3984.0
3.2,61241.0,Sedan,Petrol,93.8,1886.0,37.1,12.6,80.8,16.8,28.8,4,2545.0,41.3,0,1,4.0,77.4,0,0,0,0,7423.0
1.3,16294.0,SUV,Electric,69.7,2564.0,54.0,12.9,100.0,28.9,30.1,2,829.0,78.2,2,0,1.3,82.3,0,0,0,0,9179.0
7.0,102834.0,Sedan,Diesel,113.9,2373.0,59.8,11.31,49.2,33.0,32.9,9,9055.0,51.5,1,0,6.5,8.0,1,1,0,0,330.0
7.5,145020.0,SUV,Petrol,89.3,2853.0,75.9,12.93,82.2,25.9,26.7,10,1804.0,59.4,1,2,3.1,66.0,0,1,0,1,7027.0
2.1,24639.0,Hatchback,Diesel,92.7,2672.0,32.4,12.74,82.3,40.1,30.5,2,2040.0,55.6,4,3,3.1,76.4,0,0,0,0,7163.0
3.0,42592.0,Truck,Diesel,108.6,2044.0,62.5,12.3,88.5,71.2,28.7,2,1236.0,25.0,1,1,3.2,36.5,1,0,1,1,1888.0
0.9,14129.0,Sedan,Petrol,92.4,2357.0,28.2,11.99,52.1,21.5,26.8,2,7983.0,37.4,0,5,3.2,49.8,0,0,0,0,1784.0
6.6,57174.0,SUV,Petrol,114.7,2755.0,60.9,11.52,65.0,45.9,34.2,5,5144.0,53.6,12,10,1.2,11.5,1,1,0,0,769.0
1.6,19516.0,SUV,Petrol,94.6,3141.0,61.6,12.2,85.2,74.0,33.1,1,2400.0,40.1,15,14,2.5,63.9,0,0,1,1,2548.0
3.6,69128.0,SUV,Diesel,95.2,2210.0,43.1,12.82,43.3,57.7,30.5,4,10624.0,57.6,5,2,8.6,48.2,0,0,0,0,773.0
1.9,36279.0,Hatchback,Diesel,96.0,2105.0,37.4,12.71,56.9,55.5,31.3,4,6072.0,39.3,1,1,3.2,60.3,0,0,0,0,3810.0
3.6,63398.0,Hatchback,Diesel,91.2,2279.0,52.1,12.17,86.9,44.3,32.5,4,1703.0,52.2,6,5,2.3,70.8,0,0,0,0,6445.0
5.9,68580.0,SUV,Hybrid,88.0,2374.0,66.8,11.8,96.4,48.6,32.9,5,521.0,28.1,3,2,1.6,67.5,0,1,0,0,5270.0
5.1,44943.0,SUV,Hybrid,84.1,2988.0,51.1,12.24,87.9,82.4,32.8,2,1014.0,63.7,2,1,1.5,62.9,0,0,1,1,1908.0
5.3,110639.0,Sedan,Diesel,87.2,2823.0,40.2,12.67,69.3,31.3,32.3,9,3047.0,58.3,4,4,5.1,73.9,0,0,0,0,6691.0
1.4,18917.0,Sedan,Petrol,92.0,2760.0,17.5,12.68,100.0,28.0,33.9,2,931.0,59.0,1,2,3.9,82.8,0,0,0,0,9250.0
3.5,24969.0,SUV,Diesel,83.4,2682.0,62.5,11.91,90.9,72.2,31.5,1,2216.0,50.7,11,9,3.6,55.6,0,0,1,1,2240.0
10.2,237424.0,SUV,Petrol,92.2,2698.0,53.6,11.92,88.9,32.5,34.3,21,923.0,42.2,4,6,5.0,67.4,0,1,0,1,7266.0
4.2,56841.0,Truck,Diesel,93.5,2681.0,54.1,12.71,98.5,33.4,35.9,5,903.0,74.1,2,4,6.0,79.6,0,0,0,1,8358.0
3.7,24330.0,Truck,Diesel,85.2,2650.0,47.8,12.34,74.4,39.8,32.6,1,2795.0,75.3,1,2,3.3,72.2,0,0,0,0,6817.0
3.1,54299.0,Sedan,Petrol,95.0,2538.0,29.0,12.4,66.7,11.3,35.1,5,5084.0,51.0,1,3,5.4,80.2,0,0,0,0,5358.0
4.0,29195.0,SUV,Electric,69.5,2564.0,45.5,13.04,100.0,55.2,28.1,4,3134.0,44.0,5,5,2.0,68.4,0,0,0,0,4825.0
3.6,55992.0,Sedan,Petrol,99.2,2762.0,33.1,12.02,91.7,29.0,35.1,5,1105.0,27.8,4,4,6.5,68.2,0,0,0,0,7202.0
9.2,157545.0,Sedan,Diesel,84.7,2724.0,22.9,12.54,90.3,30.0,34.0,11,771.0,55.2,1,1,2.8,79.3,0,1,0,0,9095.0
5.7,97181.0,Hatchback,Petrol,91.3,2430.0,43.1,12.15,77.7,13.0,31.0,7,1817.0,42.6,1,2,9.3,75.5,0,1,0,1,7508.0
3.4,67393.0,Sedan,Electric,78.2,2861.0,46.3,12.27,100.0,35.5,29.6,5,8220.0,45.3,3,2,3.1,71.4,0,0,0,0,2405.0
5.6,94282.0,SUV,Petrol,113.0,3637.0,58.3,12.37,48.8,41.1,32.3,8,7573.0,65.5,8,10,1.4,30.4,0,0,0,0,1503.0
2.3,49653.0,Sedan,Petrol,95.6,2537.0,44.9,12.56,15.9,27.3,26.7,4,15019.0,38.5,7,6,3.9,43.0,1,0,0,1,178.0
3.6,46079.0,Hatchback,Petrol,91.7,2933.0,36.8,12.61,5.0,7.7,32.0,5,16226.0,78.9,2,2,3.0,54.9,1,0,0,1,150.0
2.7,34735.0,SUV,Petrol,89.2,2034.0,67.3,12.38,44.4,71.7,27.3,4,10008.0,37.8,1,2,1.1,39.5,0,0,1,1,685.0
5.4,65957.0,Sedan,Petrol,90.2,2366.0,42.6,12.55,92.7,35.9,29.9,6,512.0,25.0,3,5,9.6,76.5,0,0,0,0,8002.0
3.5,72476.0,SUV,Diesel,95.8,2369.0,59.3,12.45,83.1,58.2,36.1,9,1146.0,42.8,6,5,2.9,62.7,0,0,0,0,3842.0
4.0,49727.0,Truck,Petrol,87.0,2102.0,63.2,12.18,52.7,28.5,32.1,3,9152.0,57.0,3,2,1.1,58.3,0,0,0,0,1466.0
3.3,60017.0,Coupe,Petrol,92.1,2739.0,38.5,11.97,32.4,23.5,37.3,4,11780.0,53.9,4,1,2.9,47.8,0,0,0,0,169.0
4.5,46420.0,Sedan,Petrol,92.3,2482.0,54.7,12.58,68.2,5.0,27.1,4,6550.0,54.6,1,0,2.0,71.5,0,0,0,1,3803.0
5.4,60885.0,Hatchback,Hybrid,95.6,2250.0,31.6,12.42,72.6,33.2,31.1,6,3339.0,48.1,4,2,2.3,72.8,0,1,0,0,6374.0
7.5,136848.0,Hatchback,Diesel,91.9,2018.0,61.1,11.99,77.8,15.6,30.7,12,1723.0,45.0,5,3,4.2,66.8,0,1,0,1,7046.0
3.1,48579.0,Hatchback,Diesel,87.7,2153.0,37.2,11.92,56.3,18.2,30.4,3,7735.0,34.6,3,2,1.8,57.5,0,1,0,0,2610.0
1.9,5000.0,SUV,Diesel,92.3,2322.0,45.0,11.4,78.0,35.3,31.7,1,3859.0,53.8,4,1,5.9,55.8,0,1,0,1,4628.0
4.6,58511.0,SUV,Petrol,94.4,2754.0,36.4,11.67,73.8,37.0,36.7,4,3412.0,66.8,5,4,2.0,50.3,0,0,0,0,4205.0
1.6,9446.0,SUV,Petrol,92.1,2306.0,68.1,12.82,91.5,34.2,30.2,1,4525.0,52.2,4,7,1.6,74.1,0,0,0,0,5728.0
3.1,41333.0,Truck,Petrol,116.3,2403.0,47.6,12.38,30.6,80.8,30.8,3,12165.0,41.3,4,0,3.5,8.0,1,0,1,0,150.0
1.3,11697.0,SUV,Hybrid,86.3,2743.0,56.1,12.59,59.1,34.7,32.7,1,7089.0,54.0,2,3,1.0,68.5,0,0,0,0,3423.0
14.6,186032.0,Truck,Electric,75.0,2524.0,58.3,11.78,100.0,38.8,30.9,19,5668.0,72.5,8,4,2.9,52.9,0,1,0,1,3505.0
7.0,133077.0,SUV,Diesel,91.5,2101.0,48.5,12.87,71.7,79.7,34.4,10,2903.0,49.1,5,3,2.7,63.9,0,1,1,0,2188.0
6.6,105359.0,Truck,Petrol,94.6,2695.0,68.9,12.51,79.0,40.8,32.3,8,2961.0,34.7,5,5,2.4,67.8,1,0,0,0,6026.0
7.8,177609.0,Hatchback,Petrol,95.1,2649.0,47.5,12.08,5.0,60.4,26.9,15,24000.0,55.1,3,5,1.3,8.0,1,1,0,0,150.0
6.2,107732.0,Sedan,Petrol,91.6,2774.0,29.4,12.16,76.6,25.3,31.3,8,4548.0,60.3,2,2,1.8,77.1,0,1,0,0,5820.0
4.2,70854.0,Hatchback,Diesel,90.1,2642.0,22.7,12.15,83.7,36.4,29.0,6,2113.0,64.1,2,1,6.0,68.1,0,0,0,0,6552.0
4.3,58829.0,SUV,Petrol,92.3,2565.0,62.2,11.19,47.3,35.3,30.2,4,8710.0,61.8,3,1,1.6,35.6,0,1,0,0,1022.0
7.3,96225.0,Hatchback,Electric,84.6,2755.0,35.9,12.37,100.0,19.7,35.3,9,9427.0,54.3,2,1,6.7,74.0,0,1,0,1,1890.0
7.6,91454.0,SUV,Petrol,89.5,2809.0,66.0,12.34,70.3,25.9,32.3,9,3503.0,40.3,7,7,5.2,72.3,0,1,0,1,6105.0
2.1,28093.0,SUV,Electric,69.4,2490.0,51.4,11.55,100.0,66.4,30.0,3,10451.0,38.2,4,3,2.7,45.9,0,1,0,0,614.0
3.4,47642.0,Hatchback,Hybrid,92.9,2571.0,42.1,12.91,12.3,5.0,33.4,5,13658.0,47.3,3,2,6.8,61.6,1,0,0,0,150.0
3.9,59079.0,Sedan,Hybrid,104.5,2554.0,50.1,11.68,32.0,28.9,25.2,6,11905.0,60.6,5,3,4.3,15.4,1,1,0,1,150.0
6.3,101469.0,Hatchback,Diesel,88.4,2633.0,23.2,12.07,86.3,20.6,33.0,8,888.0,42.9,2,4,2.8,72.9,0,1,0,0,8307.0
2.3,33096.0,SUV,Diesel,88.3,2910.0,75.4,12.69,35.0,73.5,26.0,4,10617.0,45.1,4,4,1.7,35.8,0,0,1,1,522.0
2.1,21259.0,SUV,Diesel,88.6,2756.0,60.5,12.95,70.7,60.6,30.0,1,3734.0,39.6,7,5,3.1,63.9,0,0,0,0,4164.0
1.5,9661.0,Sedan,Diesel,92.1,2309.0,15.1,12.55,78.3,26.0,32.9,1,1133.0,73.9,3,2,8.2,83.0,0,0,0,0,8912.0
2.7,38670.0,SUV,Diesel,96.3,2545.0,69.0,12.96,28.8,66.7,31.6,1,14880.0,48.9,0,1,3.0,44.6,1,0,0,0,150.0
3.0,29560.0,Sedan,Electric,59.7,3210.0,59.5,13.02,100.0,71.4,30.4,2,4768.0,61.4,13,12,9.5,70.0,0,0,1,1,2986.0
8.5,105474.0,Sedan,Diesel,87.8,3062.0,37.3,12.06,9.5,37.3,29.5,10,14022.0,74.1,3,2,2.3,32.9,1,1,0,0,404.0
5.9,69287.0,Sedan,Hybrid,92.8,2799.0,58.7,12.0,49.3,41.0,30.4,5,6333.0,38.7,3,5,5.6,54.2,0,1,0,0,2909.0
6.3,137397.0,Sedan,Hybrid,92.6,2900.0,34.3,11.97,78.2,14.3,34.1,11,2958.0,62.6,5,5,8.1,67.2,0,1,0,0,6333.0
1.9,15925.0,Coupe,Petrol,92.3,2324.0,40.4,11.97,64.0,24.0,33.3,2,6007.0,50.7,2,5,2.5,61.9,0,0,0,0,4002.0
3.3,39097.0,Coupe,Petrol,87.6,2812.0,69.3,11.98,5.0,66.6,30.1,4,21003.0,71.7,3,4,1.7,22.5,1,0,0,1,150.0
5.5,64164.0,SUV,Diesel,88.5,2587.0,67.1,11.98,58.9,58.2,32.5,5,6726.0,40.9,10,11,1.0,47.6,0,0,0,1,2527.0
4.0,48918.0,Truck,Diesel,111.9,2439.0,69.8,11.97,32.2,31.2,30.9,4,11338.0,55.0,6,6,2.8,19.1,1,0,1,1,169.0
5.0,95875.0,Sedan,Hybrid,90.0,3195.0,53.4,12.69,32.3,18.8,28.9,7,13406.0,60.9,5,7,4.9,54.9,1,0,0,1,310.0
1.5,23965.0,Truck,Petrol,91.9,2283.0,37.0,12.33,71.8,55.7,37.6,1,3627.0,42.4,3,2,1.7,59.5,0,0,0,0,4210.0
4.0,38373.0,Hatchback,Diesel,87.4,3202.0,47.2,11.89,82.6,69.0,33.6,3,1507.0,49.1,7,7,2.1,60.1,0,1,0,0,3134.0
5.7,109391.0,Hatchback,Diesel,89.5,2439.0,42.9,12.17,5.0,40.0,25.0,11,24000.0,50.0,6,3,3.9,20.2,1,1,1,1,150.0
1.9,25512.0,SUV,Petrol,86.2,2564.0,68.6,12.56,16.1,64.9,31.6,3,14662.0,67.3,7,3,5.4,44.0,1,0,0,0,150.0
1.1,15339.0,Truck,Diesel,92.6,2993.0,70.8,12.41,72.0,44.6,33.5,1,6240.0,83.1,4,1,3.9,72.1,0,0,0,0,3886.0
1.9,29819.0,Sedan,Hybrid,102.5,2760.0,55.1,12.39,5.0,54.8,24.5,3,19372.0,74.1,4,2,1.6,9.1,1,0,0,1,150.0
7.3,71141.0,Coupe,Petrol,92.6,2825.0,33.9,11.59,55.9,43.8,33.5,6,6558.0,72.1,2,2,2.1,47.3,0,1,0,0,2504.0
1.7,23583.0,Sedan,Diesel,90.0,2055.0,22.4,12.79,61.4,44.2,28.6,2,6725.0,25.0,4,2,1.7,62.9,0,0,0,0,3192.0
3.8,59609.0,SUV,Diesel,92.4,2447.0,60.4,12.26,52.8,39.0,32.8,4,6848.0,53.9,4,3,3.7,66.2,0,0,0,0,3430.0
1.0,14143.0,Truck,Petrol,98.7,2402.0,52.5,12.05,40.7,49.4,26.5,1,11740.0,52.9,5,2,2.0,35.7,0,0,0,1,213.0
2.1,29360.0,Truck,Petrol,89.4,2388.0,41.0,12.42,79.3,57.4,32.4,5,2838.0,63.2,3,2,1.8,76.4,0,0,0,0,5177.0
4.2,74479.0,Sedan,Electric,59.1,2513.0,31.2,11.18,100.0,54.0,34.6,7,2815.0,31.8,4,2,1.7,50.1,0,1,0,0,3583.0
3.7,37892.0,Hatchback,Petrol,88.9,2733.0,39.7,12.43,100.0,68.0,33.2,3,615.0,62.2,5,3,8.9,81.1,0,0,1,1,4216.0
6.7,62943.0,Sedan,Petrol,91.0,2318.0,44.3,13.15,33.6,26.6,27.4,5,11155.0,25.0,4,4,3.8,51.8,0,1,0,0,294.0
4.7,27203.0,SUV,Petrol,93.4,2898.0,47.7,12.08,94.6,54.2,27.2,1,2386.0,66.4,3,3,7.1,59.3,0,0,0,1,4445.0
1.9,34541.0,Sedan,Diesel,92.6,2551.0,43.4,12.73,83.9,66.1,32.1,4,2009.0,28.9,4,7,6.7,72.1,0,0,0,1,3999.0
3.2,68562.0,Sedan,Diesel,94.3,3285.0,38.7,12.3,76.6,47.1,33.5,5,4592.0,69.1,5,2,6.9,69.8,0,0,0,0,5358.0
2.9,33931.0,SUV,Diesel,95.3,3267.0,64.9,12.29,37.1,98.0,31.2,2,13097.0,68.4,14,12,6.0,34.7,0,0,1,1,150.0
0.7,5000.0,SUV,Petrol,94.2,1945.0,41.9,12.96,59.9,17.7,34.5,1,6335.0,47.3,1,2,9.6,76.0,0,0,0,0,4283.0
8.7,151785.0,Sedan,Hybrid,95.2,2554.0,32.8,12.24,26.7,32.0,29.1,12,12418.0,58.1,3,4,3.7,41.0,0,1,0,0,150.0
3.8,57578.0,Sedan,Petrol,92.4,2191.0,54.2,12.95,86.4,21.9,34.4,5,403.0,52.0,0,0,3.8,83.7,0,0,0,0,9262.0
4.2,36263.0,SUV,Petrol,88.6,2473.0,52.1,12.35,91.3,70.7,31.1,2,1765.0,31.3,5,4,3.9,68.3,0,0,0,0,3156.0
5.4,106901.0,Truck,Diesel,94.7,2685.0,62.5,12.79,42.7,43.5,28.2,9,8606.0,59.9,5,6,1.0,48.2,0,0,1,1,1874.0
5.5,77991.0,Hatchback,Petrol,90.0,2928.0,26.6,12.19,76.9,52.7,28.8,7,2569.0,68.6,5,4,2.1,62.3,0,0,0,0,4884.0
5.8,77691.0,Sedan,Hybrid,117.2,2289.0,53.9,12.06,5.0,45.6,28.1,6,18519.0,47.5,0,2,6.2,8.0,1,0,0,0,150.0
3.0,40958.0,SUV,Electric,65.5,3074.0,74.6,12.57,100.0,96.8,31.1,2,9551.0,60.9,12,11,2.8,58.1,0,0,1,1,333.0
2.7,42362.0,Sedan,Petrol,90.1,2505.0,48.0,12.47,53.0,86.0,29.9,4,8235.0,39.7,7,8,6.1,46.9,0,0,1,1,1144.0
6.8,83768.0,Sedan,Hybrid,88.7,2584.0,32.2,11.05,90.8,61.4,36.4,7,508.0,64.9,1,2,3.0,39.4,0,1,0,0,2365.0
8.8,172731.0,Truck,Hybrid,93.1,2572.0,36.4,12.24,48.1,73.0,29.4,16,8046.0,52.1,7,2,8.1,41.6,0,1,1,0,1568.0
1.0,29269.0,SUV,Electric,55.4,2759.0,83.3,12.24,100.0,66.7,37.1,3,5235.0,51.8,6,5,7.2,65.3,0,0,1,1,3562.0
6.7,101111.0,Sedan,Petrol,91.4,2950.0,34.7,12.55,92.5,21.0,30.5,8,1634.0,58.6,4,2,1.6,81.0,0,1,0,0,8705.0
3.2,41440.0,Sedan,Diesel,90.9,3054.0,22.4,12.18,60.8,69.2,30.7,3,6146.0,73.4,7,2,1.0,59.5,0,0,1,1,2986.0
3.6,44487.0,Sedan,Petrol,95.6,2839.0,32.4,12.27,87.6,78.9,32.0,4,1124.0,59.4,4,2,1.2,60.0,0,0,0,1,2087.0
0.5,5000.0,Hatchback,Hybrid,93.4,2485.0,45.2,12.17,78.5,22.1,33.0,2,4731.0,36.8,7,3,1.0,79.4,0,0,0,0,5613.0
3.8,33402.0,Coupe,Petrol,92.7,2316.0,25.4,12.74,96.2,54.2,32.6,2,1781.0,41.9,4,3,4.3,75.2,0,0,0,0,5449.0
2.6,28638.0,Sedan,Diesel,91.6,2703.0,33.3,12.59,95.5,50.5,30.1,3,469.0,51.0,1,3,4.1,76.6,0,0,0,0,5963.0
0.7,8520.0,Sedan,Petrol,88.4,2985.0,23.9,13.32,78.9,14.1,27.3,1,3408.0,58.9,3,4,4.1,75.6,0,0,0,0,6506.0
7.2,64754.0,Hatchback,Petrol,88.0,2752.0,59.3,11.84,77.7,36.5,34.0,4,3389.0,35.7,5,5,3.7,63.6,0,1,0,0,5563.0
4.2,69560.0,Hatchback,Diesel,92.6,2667.0,40.2,12.21,72.6,62.0,28.0,5,5121.0,56.9,8,4,4.7,50.5,0,0,0,1,3101.0
4.6,52413.0,SUV,Hybrid,85.8,2712.0,38.6,11.14,5.0,36.3,24.3,3,21616.0,64.4,5,5,1.6,8.0,1,1,0,1,150.0
7.1,96725.0,Sedan,Diesel,111.6,2673.0,29.6,11.34,85.6,20.5,34.4,7,938.0,45.0,4,3,8.8,27.9,1,1,0,0,2935.0
5.5,91623.0,Sedan,Hybrid,91.9,2281.0,32.7,12.26,82.4,19.5,33.7,9,2048.0,79.6,5,3,4.9,75.9,1,1,0,0,7350.0
1.5,23652.0,SUV,Petrol,85.9,2743.0,53.1,10.86,71.6,50.2,28.6,4,4293.0,41.6,3,1,1.4,26.4,0,1,0,0,2282.0
6.2,104286.0,SUV,Diesel,91.3,2945.0,44.3,11.98,72.1,32.7,30.6,10,3193.0,54.8,4,4,1.9,55.8,0,1,0,0,4907.0
1.2,18942.0,Sedan,Diesel,91.5,2165.0,36.0,12.85,69.7,36.3,34.4,1,5802.0,25.0,4,3,4.3,75.2,0,0,0,0,4614.0
5.3,89611.0,SUV,Petrol,99.8,2333.0,45.2,12.02,27.9,72.7,29.1,9,10991.0,47.6,2,1,7.7,18.7,1,0,1,1,203.0
9.8,145584.0,Sedan,Diesel,91.5,3053.0,23.2,11.82,65.6,24.1,34.7,13,3921.0,49.9,3,3,1.9,64.4,0,1,0,1,5083.0
5.3,61790.0,Truck,Diesel,95.0,2363.0,45.8,12.5,74.3,53.2,26.8,4,2804.0,46.0,4,6,1.6,57.5,0,0,0,1,4399.0
3.0,43102.0,Sedan,Diesel,108.6,2505.0,33.5,12.23,83.9,77.6,31.8,4,2081.0,41.7,7,6,5.8,37.9,0,0,1,1,1053.0
9.6,192416.0,Sedan,Diesel,92.5,2866.0,25.0,11.53,26.5,22.4,27.8,17,10481.0,44.8,2,2,6.0,26.5,1,1,0,1,182.0
4.2,57210.0,SUV,Diesel,94.8,2353.0,36.3,12.51,88.1,39.4,30.9,5,1031.0,60.9,4,2,2.9,78.5,0,0,0,0,7553.0
2.0,24531.0,SUV,Petrol,85.7,2412.0,49.7,12.25,68.0,52.2,30.0,2,4723.0,25.1,1,6,1.7,63.0,0,0,0,1,4656.0
2.5,45928.0,Coupe,Petrol,91.1,2232.0,51.6,12.71,63.5,16.7,36.3,3,3438.0,26.0,3,4,2.3,72.1,0,0,0,1,6196.0
2.4,32951.0,SUV,Diesel,92.6,3261.0,57.4,12.69,69.3,87.5,31.0,3,6910.0,45.1,12,9,9.6,55.7,0,0,1,1,1370.0
10.9,119415.0,Sedan,Petrol,87.6,2583.0,15.0,12.19,65.3,58.6,26.8,10,5487.0,50.3,2,7,10.0,42.0,0,1,0,0,2868.0
5.3,97807.0,Truck,Petrol,91.3,2358.0,71.3,12.85,72.5,30.5,32.2,8,3167.0,41.0,5,9,5.7,74.1,0,0,0,1,6733.0
5.4,55528.0,Sedan,Petrol,91.9,2585.0,31.3,12.62,92.1,23.9,31.5,5,1126.0,52.9,4,2,4.7,82.5,0,1,0,0,8890.0
4.9,77049.0,Hatchback,Diesel,90.8,2483.0,56.9,12.24,78.7,46.9,34.4,5,1353.0,60.7,1,2,2.9,70.7,0,0,0,1,5991.0
4.4,68752.0,SUV,Petrol,87.9,2918.0,64.9,12.09,44.3,60.9,30.9,7,7833.0,65.7,6,4,6.4,46.3,0,1,1,0,1857.0
2.8,43060.0,SUV,Diesel,88.5,2889.0,50.7,12.48,66.3,89.8,30.5,3,4816.0,70.5,3,3,1.9,55.8,0,0,1,0,852.0
1.7,6238.0,Sedan,Diesel,90.2,2180.0,40.5,12.45,45.5,22.3,34.4,1,10501.0,33.5,7,6,2.5,68.0,0,0,0,0,1049.0
4.6,70444.0,SUV,Petrol,93.0,2799.0,39.1,12.33,5.0,48.5,28.3,7,17256.0,41.2,0,1,2.3,35.2,1,1,0,0,150.0
9.5,126593.0,Hatchback,Hybrid,112.1,2214.0,47.4,11.94,55.7,56.9,30.7,10,7698.0,39.7,3,2,2.3,16.7,1,1,0,1,831.0
4.5,74656.0,Hatchback,Diesel,92.3,2648.0,60.6,11.34,9.0,50.1,28.9,6,16206.0,66.2,5,4,1.1,14.1,1,1,0,0,150.0
7.5,117322.0,Sedan,Diesel,90.6,2507.0,30.1,12.77,86.3,46.1,30.6,10,582.0,43.1,3,1,1.0,69.5,0,1,0,0,5884.0
1.0,12704.0,Sedan,Diesel,88.1,3199.0,36.4,12.75,72.2,35.2,29.7,2,5411.0,56.3,7,7,2.9,72.5,0,0,0,0,4685.0
4.5,58335.0,Hatchback,Petrol,90.3,2000.0,64.1,12.4,88.7,22.5,36.1,5,2419.0,32.2,4,3,7.7,72.9,0,0,0,0,6957.0
2.7,26207.0,Hatchback,Diesel,88.2,2200.0,39.0,12.87,89.1,42.1,30.3,4,1824.0,43.0,0,0,6.3,75.8,0,0,0,0,7095.0
1.9,25190.0,Sedan,Petrol,79.4,2692.0,22.9,12.72,80.1,48.9,29.7,1,2538.0,39.4,6,4,4.1,70.1,0,0,0,1,5743.0
8.3,116754.0,SUV,Electric,65.8,2621.0,39.6,12.08,100.0,62.3,26.2,10,11527.0,61.6,4,5,3.2,46.3,0,1,1,1,315.0
2.9,30894.0,Sedan,Hybrid,90.5,2343.0,60.1,12.41,59.1,57.5,29.4,2,6861.0,34.5,2,2,10.0,55.0,0,0,0,1,2878.0
5.3,89633.0,Hatchback,Diesel,96.4,2756.0,46.1,12.64,44.5,71.6,33.3,9,10157.0,77.0,3,3,4.5,48.5,0,0,1,1,1025.0
3.5,54873.0,Sedan,Petrol,94.3,2629.0,26.2,12.48,63.3,27.6,30.1,5,4903.0,55.0,2,1,2.2,72.1,0,0,0,0,5267.0
1.5,18384.0,Sedan,Petrol,93.4,2080.0,43.6,12.63,89.6,28.6,36.1,2,2421.0,41.8,0,2,3.3,79.9,0,0,0,0,7472.0
5.7,87153.0,Truck,Petrol,87.5,2741.0,45.2,11.86,64.2,81.8,33.1,6,4504.0,56.8,5,4,7.2,49.8,1,1,1,1,1282.0
3.0,66596.0,Sedan,Diesel,95.6,2589.0,18.2,12.24,85.0,41.1,29.5,6,1972.0,40.6,6,4,1.0,71.8,0,0,0,0,6928.0
6.2,56237.0,SUV,Petrol,92.1,2550.0,50.3,12.26,5.0,26.5,22.3,7,24000.0,37.1,2,3,6.6,19.0,1,0,0,1,150.0
2.1,34548.0,SUV,Diesel,90.1,2681.0,56.7,12.86,48.8,72.0,27.6,2,10041.0,61.8,5,6,3.2,46.5,0,0,1,0,1250.0
2.7,44328.0,Sedan,Petrol,88.4,3241.0,23.2,13.09,96.1,80.0,37.2,3,819.0,71.2,7,5,2.8,62.9,0,0,1,0,1991.0
5.1,82010.0,SUV,Electric,56.3,2053.0,38.5,10.9,100.0,64.3,27.3,7,24000.0,57.3,3,2,1.9,11.8,0,1,0,0,154.0
2.2,43926.0,SUV,Petrol,90.5,2322.0,44.8,12.24,92.6,75.7,29.2,5,1455.0,34.8,4,6,4.0,60.9,0,0,1,0,2355.0
5.6,77596.0,Sedan,Electric,59.9,3078.0,38.7,11.71,100.0,49.1,30.1,7,7377.0,40.6,3,4,4.3,55.0,0,1,0,0,2581.0
0.9,12751.0,SUV,Electric,67.8,2688.0,53.5,13.26,100.0,37.6,33.4,1,3499.0,73.4,4,0,3.4,85.0,0,0,0,0,7084.0
1.7,25046.0,Hatchback,Diesel,90.8,3018.0,23.9,12.13,70.5,35.5,29.6,2,5499.0,63.1,3,4,2.0,60.1,0,1,0,0,3846.0
3.9,59350.0,Truck,Diesel,94.2,2417.0,47.4,10.8,44.6,38.9,34.5,4,8543.0,36.2,5,3,4.8,24.3,0,1,0,0,895.0
5.4,93334.0,Sedan,Petrol,90.9,2874.0,34.8,12.37,86.9,13.4,32.8,8,2740.0,42.0,4,3,7.8,87.8,0,1,0,1,8099.0
4.0,51136.0,Sedan,Diesel,84.2,2857.0,25.1,11.9,89.9,19.7,35.2,5,1102.0,54.6,9,10,7.6,71.7,0,0,1,0,7828.0
5.0,97467.0,Sedan,Petrol,90.3,2546.0,42.3,12.53,54.1,21.0,33.9,6,7355.0,50.0,4,2,2.2,72.5,0,0,0,0,3521.0
2.9,45070.0,SUV,Petrol,87.0,3083.0,60.8,12.7,89.8,19.0,31.9,5,568.0,81.2,3,2,2.1,92.3,0,0,0,0,10570.0
0.8,7338.0,SUV,Diesel,89.1,2955.0,60.5,12.44,91.3,31.3,37.7,2,2056.0,41.8,6,6,3.6,76.7,0,0,0,0,7489.0
3.1,33758.0,Truck,Diesel,87.7,2109.0,36.9,11.22,90.4,53.7,33.6,3,457.0,60.4,0,1,1.3,52.9,0,1,0,0,3782.0
3.2,60535.0,Sedan,Diesel,99.9,2829.0,49.2,12.16,40.2,38.8,31.1,4,9039.0,56.2,7,5,4.4,43.3,0,0,1,0,1410.0
7.2,72747.0,Sedan,Petrol,90.1,1977.0,37.6,12.26,13.0,44.3,28.9,5,14323.0,28.8,2,1,2.2,33.8,1,1,0,0,150.0
5.6,91939.0,SUV,Petrol,94.4,2131.0,64.6,11.85,77.9,21.3,32.1,8,2952.0,25.0,4,1,1.9,60.1,0,1,0,1,5472.0
1.8,14876.0,Truck,Petrol,90.3,2225.0,57.7,12.31,82.0,43.5,30.3,2,2857.0,46.6,2,0,6.3,70.2,0,0,0,0,6221.0
0.6,8748.0,Sedan,Petrol,90.6,2339.0,48.9,12.27,100.0,33.6,34.9,1,1066.0,57.9,11,9,1.4,77.2,0,0,1,0,8191.0
3.5,31807.0,SUV,Petrol,89.6,3046.0,50.2,12.5,99.2,62.4,33.3,2,682.0,74.3,4,2,4.9,74.3,0,0,0,0,4427.0
2.6,50444.0,Sedan,Petrol,88.7,2099.0,51.9,12.56,85.2,7.6,31.8,4,2147.0,41.0,1,3,1.0,91.3,0,0,0,0,9093.0
9.1,120708.0,Hatchback,Petrol,104.3,2531.0,25.1,12.65,22.3,41.6,27.8,11,13154.0,58.6,1,1,8.5,24.5,1,1,0,0,150.0
7.3,117792.0,Hatchback,Hybrid,93.0,2393.0,23.6,11.89,63.9,40.3,31.0,7,6387.0,47.9,3,1,3.3,55.2,0,1,0,0,2954.0
1.5,24902.0,Sedan,Petrol,91.3,2606.0,72.5,12.36,100.0,36.5,34.9,2,474.0,76.2,0,2,1.0,83.2,0,0,0,0,8552.0
5.5,87330.0,Sedan,Diesel,96.8,2621.0,15.5,12.64,62.0,66.4,32.7,7,6512.0,51.4,2,1,3.2,52.5,0,0,0,0,2959.0
5.0,73538.0,SUV,Petrol,90.6,2438.0,40.9,12.5,92.5,64.9,37.9,5,737.0,45.8,6,4,9.2,60.2,0,0,1,0,3539.0
4.9,91295.0,Sedan,Hybrid,90.4,2454.0,50.8,11.01,73.1,6.1,31.7,9,3924.0,54.4,7,4,1.3,51.7,0,1,0,0,4234.0
13.9,220687.0,Truck,Diesel,91.7,2588.0,41.3,11.48,5.0,95.2,25.6,18,18116.0,54.7,11,11,4.9,8.0,1,1,1,1,150.0
3.6,58167.0,Hatchback,Petrol,109.0,2517.0,48.4,13.04,66.3,26.6,31.5,5,6819.0,71.5,1,2,3.9,50.4,0,0,0,0,2681.0
5.8,64986.0,Truck,Diesel,109.3,2846.0,72.3,11.74,62.1,57.6,33.1,5,6552.0,52.1,6,7,2.1,19.1,1,1,0,0,1088.0
6.3,81985.0,Hatchback,Petrol,96.9,2086.0,55.8,11.84,60.6,55.7,32.3,6,7698.0,58.0,3,2,3.4,44.0,0,1,0,0,1554.0
4.6,54787.0,SUV,Diesel,101.8,2655.0,54.4,12.42,84.6,26.7,33.6,5,1372.0,28.8,2,2,3.4,67.3,0,0,0,0,7052.0
9.0,175270.0,Sedan,Petrol,94.8,2237.0,24.7,11.42,73.5,55.4,33.7,16,1037.0,35.8,1,1,1.0,46.0,1,1,0,0,3181.0
4.2,74272.0,Truck,Electric,59.2,2638.0,49.8,12.06,100.0,71.6,29.5,5,3428.0,46.7,13,11,1.7,60.6,0,0,1,0,2627.0
6.1,85925.0,SUV,Petrol,83.5,3041.0,75.2,12.52,82.8,92.4,33.9,7,1766.0,53.5,10,10,2.4,56.1,0,0,1,0,519.0
2.4,26654.0,Truck,Petrol,116.2,2461.0,34.4,12.09,99.3,64.9,31.6,1,552.0,41.3,5,6,7.5,33.5,1,0,0,0,1901.0
1.7,20802.0,Sedan,Diesel,96.4,2785.0,49.5,12.76,78.2,43.6,32.0,2,3103.0,56.0,3,2,10.0,70.5,0,0,0,0,6194.0
5.1,67774.0,Sedan,Petrol,97.6,2251.0,21.9,12.01,69.3,46.4,31.7,6,4869.0,44.7,5,4,1.0,53.8,0,1,0,0,3908.0
3.7,78144.0,Coupe,Hybrid,94.7,2642.0,40.1,12.08,89.5,63.0,32.6,7,736.0,75.8,5,4,5.4,64.9,0,0,0,0,3692.0
3.8,56262.0,Sedan,Diesel,87.7,2538.0,30.5,12.69,5.0,23.1,26.8,4,23624.0,49.1,0,0,1.0,33.1,1,0,0,0,150.0
3.1,55725.0,Coupe,Diesel,87.6,2886.0,34.3,12.07,40.2,25.9,29.1,5,9817.0,58.0,4,2,9.7,49.7,0,0,0,0,1137.0
6.1,91462.0,Coupe,Petrol,87.1,2616.0,57.3,11.42,39.6,14.6,29.0,8,9099.0,48.9,6,4,4.2,36.3,0,1,1,1,1113.0
4.2,70717.0,Truck,Hybrid,91.8,2691.0,49.5,12.32,15.9,53.4,28.4,5,14189.0,50.7,5,5,2.8,35.6,1,0,0,1,150.0
11.6,146066.0,Truck,Diesel,88.7,2532.0,68.5,12.18,59.1,39.5,33.4,12,6200.0,59.6,7,5,2.4,57.2,0,1,0,1,3034.0
4.1,58279.0,SUV,Petrol,94.9,2498.0,46.6,12.64,71.1,38.0,30.4,6,4148.0,53.9,2,4,3.2,72.9,0,0,0,0,5565.0
4.8,56350.0,Hatchback,Petrol,89.2,2397.0,45.1,11.71,70.1,24.5,36.5,6,4707.0,44.7,3,5,1.9,53.0,0,1,0,0,4126.0
6.5,98354.0,Sedan,Petrol,90.2,2984.0,39.7,11.9,80.2,25.5,33.3,8,1827.0,56.7,3,4,2.6,67.4,0,1,0,1,6720.0
5.1,66995.0,SUV,Electric,63.5,2925.0,38.7,12.33,100.0,56.8,30.2,4,3509.0,49.8,8,4,1.3,69.2,0,0,0,0,4777.0
1.7,27631.0,SUV,Petrol,89.6,2698.0,36.6,12.32,49.0,43.7,29.6,2,10786.0,60.2,1,1,4.5,54.1,0,0,0,1,818.0
3.3,40635.0,SUV,Diesel,87.9,3300.0,52.0,12.4,81.1,82.5,31.8,6,4934.0,68.1,5,4,2.4,56.1,0,0,1,1,1616.0
2.3,36926.0,SUV,Petrol,84.2,2835.0,48.9,13.26,95.9,71.6,30.8,2,1717.0,65.9,1,2,3.5,70.5,0,0,1,0,3446.0
4.9,76717.0,Sedan,Petrol,95.2,2586.0,46.9,12.27,27.1,55.8,26.5,5,13289.0,37.1,2,1,6.9,30.4,1,1,0,1,150.0
4.4,55577.0,SUV,Diesel,87.8,2090.0,30.5,12.02,58.9,32.8,34.0,4,7225.0,25.0,0,1,4.9,61.0,0,0,0,1,3055.0
6.3,98072.0,Hatchback,Electric,68.0,2989.0,32.1,12.19,100.0,22.5,31.8,7,6332.0,83.6,3,5,1.7,78.8,0,1,0,1,4212.0
6.7,88559.0,Sedan,Diesel,90.0,2517.0,44.0,12.56,5.0,60.0,24.2,7,23042.0,59.3,1,1,4.6,17.1,0,1,1,1,150.0
2.3,53137.0,Hatchback,Hybrid,83.3,2523.0,39.8,11.75,5.0,21.5,20.9,3,17256.0,57.3,6,6,3.7,16.0,1,1,0,1,150.0
6.7,98724.0,Truck,Diesel,92.6,2374.0,37.7,12.62,98.7,20.4,33.2,7,1430.0,42.0,3,4,1.0,80.8,0,1,0,0,8939.0
7.3,106731.0,Hatchback,Petrol,97.1,2812.0,53.5,12.88,38.3,63.9,27.6,8,9215.0,25.0,16,14,4.7,36.1,0,1,1,1,917.0
2.0,33622.0,SUV,Petrol,109.9,2085.0,64.6,13.1,15.0,55.0,25.5,3,15605.0,25.0,1,3,3.3,8.0,1,0,0,1,302.0
4.8,61605.0,Truck,Diesel,90.0,2642.0,42.4,12.06,12.2,39.7,29.6,8,13260.0,47.3,4,3,2.3,36.7,1,1,1,0,196.0
8.0,86090.0,Sedan,Electric,56.3,2759.0,58.4,11.27,100.0,72.6,25.4,8,14687.0,54.1,9,11,5.0,17.8,0,1,1,1,150.0
3.3,59722.0,Hatchback,Hybrid,84.6,2556.0,31.6,11.79,35.1,22.7,27.1,5,11068.0,75.6,3,1,1.8,38.5,0,0,0,1,354.0
3.8,69333.0,Sedan,Petrol,115.7,2603.0,36.1,12.77,5.0,44.0,25.7,7,24000.0,55.4,4,3,4.7,8.0,1,0,1,1,284.0
4.7,79871.0,Hatchback,Petrol,88.6,2161.0,34.0,11.8,86.8,61.6,34.8,7,2470.0,61.4,4,3,7.1,56.6,0,0,0,1,3328.0
0.5,10138.0,Coupe,Petrol,95.4,2694.0,51.8,11.99,93.4,15.2,30.9,2,1527.0,44.5,1,2,1.4,79.2,0,0,0,0,8439.0
4.1,62748.0,Sedan,Electric,81.8,2569.0,36.8,12.31,100.0,28.1,37.0,6,912.0,45.6,1,1,4.6,80.7,0,0,0,0,8817.0
4.3,59826.0,Sedan,Hybrid,98.8,2876.0,56.1,12.69,32.6,52.7,25.4,3,11679.0,31.4,13,11,1.0,30.6,1,0,1,1,150.0
5.5,91297.0,Truck,Hybrid,92.5,2629.0,50.2,11.98,72.9,24.1,29.5,8,4317.0,34.8,4,5,2.9,61.7,0,1,0,1,4866.0
5.6,89514.0,Sedan,Petrol,91.5,2323.0,44.7,11.17,81.7,80.8,27.6,7,2340.0,34.7,4,3,3.7,24.6,0,1,1,1,692.0
3.7,33588.0,Hatchback,Diesel,92.5,2469.0,25.8,12.1,61.0,48.9,28.6,3,7750.0,46.9,0,1,2.2,50.2,0,0,0,0,2149.0
9.5,148796.0,Sedan,Diesel,88.3,2242.0,50.0,12.19,90.2,27.8,29.7,11,406.0,28.7,4,0,3.1,70.8,0,1,0,1,7933.0
2.3,40402.0,Sedan,Petrol,86.8,2104.0,37.5,11.81,95.2,54.4,29.1,4,1824.0,40.6,1,4,2.2,59.2,0,0,0,0,4284.0
6.2,90272.0,Coupe,Diesel,94.0,2558.0,54.6,12.29,65.2,7.4,30.8,7,3490.0,51.5,2,2,1.5,74.2,0,0,0,0,6339.0
0.7,14428.0,Truck,Petrol,91.2,2141.0,53.8,12.3,99.1,30.2,31.2,1,1951.0,25.0,3,3,5.5,81.3,0,0,0,0,8409.0
4.0,44392.0,Hatchback,Petrol,93.8,3135.0,39.1,12.91,79.7,75.2,30.2,5,3126.0,72.8,1,0,1.0,58.8,0,0,1,0,2159.0
0.6,9040.0,Sedan,Hybrid,93.7,2990.0,71.0,12.88,100.0,37.7,34.0,1,1575.0,76.9,7,7,4.2,87.7,0,0,0,0,8952.0
4.1,71731.0,Truck,Hybrid,94.3,2792.0,64.9,12.1,82.6,48.2,31.5,7,426.0,66.5,3,5,2.5,70.6,0,0,1,0,5786.0
5.1,64422.0,SUV,Petrol,98.0,2320.0,56.7,12.02,69.0,42.8,34.4,7,4858.0,57.5,3,3,3.1,54.1,0,0,0,0,3885.0
3.1,44615.0,SUV,Diesel,92.3,2561.0,40.6,12.27,100.0,80.1,33.9,5,875.0,56.6,3,4,4.0,65.3,0,0,1,0,1961.0
3.9,84173.0,Truck,Petrol,106.1,2074.0,44.5,12.72,44.7,65.4,29.0,6,8682.0,59.4,1,2,6.4,28.4,0,0,0,0,752.0
5.9,81831.0,SUV,Diesel,88.4,3083.0,64.6,11.39,75.1,73.3,29.7,7,812.0,53.2,3,4,2.2,36.9,0,1,1,0,1798.0
0.5,5000.0,SUV,Hybrid,90.3,2780.0,51.2,12.99,46.7,13.8,29.5,1,9856.0,54.5,3,4,1.3,69.0,0,0,0,0,1452.0
2.8,31101.0,Sedan,Hybrid,92.3,2458.0,42.7,11.1,96.3,64.8,36.7,1,813.0,28.7,11,9,3.2,43.7,0,1,1,1,2633.0
8.2,108914.0,Truck,Diesel,97.0,2659.0,40.6,11.77,5.0,38.8,29.2,9,23933.0,53.6,5,2,3.3,8.4,1,1,1,0,150.0
1.7,8306.0,Sedan,Petrol,90.9,2268.0,42.9,12.53,83.7,26.4,28.5,1,3317.0,59.0,3,0,8.2,71.4,0,0,0,0,6494.0
2.5,43881.0,Truck,Petrol,98.2,2570.0,55.7,12.54,81.9,77.4,34.3,4,2719.0,56.7,0,3,1.4,61.8,0,0,0,1,2330.0
0.8,15838.0,Sedan,Diesel,98.6,2430.0,48.2,12.82,87.7,23.4,29.6,1,2769.0,68.1,1,2,4.9,77.5,0,0,0,0,6952.0
2.8,48257.0,SUV,Petrol,93.2,2514.0,70.9,12.07,71.2,25.9,30.6,4,2198.0,72.6,8,5,3.8,67.3,0,0,0,1,6716.0
3.6,41167.0,Truck,Hybrid,94.0,2751.0,61.4,12.52,94.6,84.3,35.8,5,1668.0,44.6,4,5,6.1,60.6,1,0,1,0,1495.0
13.6,84948.0,Sedan,Petrol,89.7,2702.0,32.7,12.14,32.9,80.5,27.6,6,11897.0,36.1,11,11,1.3,25.2,0,1,1,1,150.0
4.9,79897.0,Sedan,Petrol,98.2,2248.0,20.7,12.36,67.2,59.5,30.6,7,4421.0,69.6,3,1,3.0,55.7,0,0,0,0,3342.0
2.9,60333.0,Sedan,Petrol,106.0,2599.0,51.6,12.66,83.9,33.1,33.7,5,1084.0,61.3,5,6,6.8,61.9,0,0,0,0,6462.0
1.2,17264.0,SUV,Electric,65.2,2654.0,53.4,12.28,100.0,35.4,28.6,4,11505.0,44.0,0,0,1.0,65.5,0,0,0,0,504.0
2.5,26409.0,Hatchback,Petrol,87.4,2521.0,64.6,12.3,24.0,56.4,29.4,1,13218.0,48.9,9,7,1.1,45.1,1,0,0,1,150.0
2.2,30712.0,Sedan,Diesel,94.1,2573.0,39.1,11.91,20.8,52.0,25.9,2,17109.0,47.7,1,1,4.7,17.9,1,0,0,1,150.0
0.7,5000.0,Truck,Petrol,96.0,2466.0,34.5,13.1,91.4,30.5,35.6,2,711.0,55.8,5,4,1.0,85.7,0,0,0,0,9244.0
1.7,17881.0,Sedan,Petrol,115.2,2816.0,24.4,12.26,77.6,29.4,30.0,1,4578.0,72.1,2,2,3.2,35.6,1,0,0,0,2690.0
3.0,33500.0,SUV,Diesel,89.6,2405.0,43.0,12.8,70.3,53.2,35.8,4,6430.0,39.5,2,0,1.6,64.8,0,0,0,0,3480.0
3.3,44678.0,Hatchback,Diesel,90.4,2443.0,61.3,12.85,15.7,75.5,29.3,4,12420.0,56.1,4,3,3.8,39.0,1,0,1,1,365.0
5.8,37242.0,Sedan,Diesel,97.7,2704.0,56.8,11.76,57.7,72.2,31.1,3,6693.0,55.6,7,6,9.2,30.7,0,1,1,1,1504.0
8.4,146347.0,SUV,Hybrid,89.5,2402.0,49.6,12.23,66.1,43.0,31.6,10,4378.0,25.0,5,5,1.9,63.1,0,1,0,1,4757.0
3.2,59011.0,Sedan,Petrol,89.6,2838.0,38.1,12.64,51.2,23.4,32.5,5,9773.0,87.1,2,3,1.8,71.3,0,0,0,0,1745.0
6.3,93805.0,Sedan,Petrol,97.5,2451.0,22.5,11.02,68.4,24.0,29.8,8,4445.0,54.9,2,1,6.5,34.1,0,1,0,1,2603.0
2.9,50807.0,Sedan,Electric,54.9,2472.0,22.8,11.95,100.0,6.8,31.2,2,2586.0,68.2,3,2,1.4,75.5,0,1,0,0,6976.0
2.0,9530.0,Sedan,Petrol,91.3,2358.0,54.6,12.98,69.4,18.0,33.7,1,6096.0,29.3,6,4,1.1,78.0,0,0,0,0,4530.0
5.6,73761.0,SUV,Diesel,98.9,3062.0,64.1,12.53,58.7,59.8,30.1,7,5053.0,79.0,1,1,1.6,44.5,0,0,0,0,2955.0
2.9,38562.0,SUV,Hybrid,88.9,2344.0,53.5,12.44,72.6,88.2,32.2,3,4749.0,47.1,8,6,4.4,57.4,0,0,1,0,976.0
2.2,38423.0,SUV,Petrol,88.6,2059.0,76.5,11.46,85.4,66.2,32.9,4,1783.0,25.0,3,3,1.7,52.7,0,1,1,1,2823.0
2.0,13655.0,Sedan,Diesel,92.2,1899.0,47.2,12.11,26.6,26.3,27.9,1,12537.0,32.1,3,5,3.9,45.6,1,0,0,0,150.0
1.1,14952.0,Sedan,Petrol,91.6,2526.0,43.7,12.56,100.0,30.9,31.9,1,782.0,34.8,7,4,4.8,88.4,0,0,0,1,9714.0
3.9,59455.0,Truck,Petrol,88.4,1985.0,56.2,12.22,100.0,39.1,37.1,5,758.0,41.2,6,2,2.5,69.6,0,0,0,0,6617.0
2.6,42848.0,Coupe,Petrol,117.5,2467.0,27.7,12.51,82.5,56.5,34.6,1,1380.0,33.9,1,3,2.4,27.9,1,0,0,0,2186.0
6.4,102349.0,Sedan,Hybrid,91.6,2747.0,50.1,11.51,99.2,17.3,36.0,8,1173.0,63.3,3,1,3.0,62.3,1,1,0,0,6612.0
9.6,107849.0,Hatchback,Petrol,106.9,2681.0,49.4,11.98,20.8,35.9,24.8,7,14326.0,54.5,5,0,9.5,8.0,1,1,0,1,150.0
2.0,12831.0,SUV,Diesel,91.5,2648.0,55.7,13.06,41.3,41.6,31.6,1,10554.0,59.2,2,1,2.2,61.3,0,0,0,0,801.0
1.4,23212.0,SUV,Electric,56.8,2254.0,41.0,12.23,100.0,45.3,34.7,2,2578.0,58.0,1,3,3.2,80.6,0,0,0,0,7258.0
8.5,144479.0,SUV,Diesel,88.2,2485.0,67.5,10.87,76.8,35.3,33.4,11,2406.0,48.6,4,3,8.1,38.7,0,1,0,0,3490.0
4.1,81850.0,Sedan,Diesel,85.2,2301.0,18.0,11.8,72.2,55.5,28.5,8,3781.0,30.2,2,2,8.5,48.9,0,0,0,1,3467.0
4.0,63871.0,Sedan,Diesel,96.1,2483.0,31.9,11.66,75.3,46.2,37.0,5,5188.0,30.8,5,4,2.0,46.1,0,1,1,0,3016.0
4.6,72720.0,SUV,Petrol,91.5,2499.0,62.2,12.0,81.5,56.7,34.6,6,3010.0,31.4,4,4,1.4,62.8,0,1,0,0,4501.0
7.1,161521.0,Sedan,Diesel,115.6,2404.0,37.9,12.12,5.0,51.6,33.2,14,15742.0,36.7,8,6,5.5,8.0,1,1,0,0,150.0
7.0,49245.0,Hatchback,Diesel,89.7,2771.0,27.7,11.71,98.5,16.8,29.1,5,722.0,75.7,1,2,3.0,69.0,0,1,0,1,7911.0
5.5,88407.0,SUV,Electric,70.1,2329.0,71.8,12.11,100.0,86.1,28.8,8,21534.0,31.1,7,4,8.0,38.8,0,1,1,0,150.0
1.7,29939.0,Sedan,Electric,56.3,2671.0,57.2,12.76,100.0,55.8,30.5,4,5878.0,72.7,5,7,1.0,73.6,0,1,0,0,4351.0
1.0,12768.0,Truck,Hybrid,95.4,2095.0,66.4,12.05,5.0,41.5,25.8,1,19260.0,37.2,2,2,1.4,23.9,1,0,0,1,276.0
1.7,20584.0,Sedan,Hybrid,91.2,2898.0,54.8,12.09,52.1,64.4,29.9,3,8133.0,33.0,19,16,3.2,46.7,1,0,1,1,2056.0
1.2,16738.0,SUV,Diesel,86.0,2420.0,54.8,11.33,100.0,39.1,34.2,2,1469.0,57.9,2,3,3.5,60.6,0,1,0,0,5722.0
5.9,112871.0,Truck,Diesel,80.2,2361.0,74.5,11.92,45.9,55.0,28.1,12,8086.0,69.7,3,2,1.8,38.4,0,1,0,0,1544.0
2.5,41200.0,Hatchback,Hybrid,93.5,1817.0,56.0,12.79,5.0,62.2,22.9,3,22919.0,29.3,2,1,3.6,20.9,1,0,0,1,150.0
5.4,102553.0,Truck,Petrol,95.5,2627.0,51.8,10.8,62.8,25.7,29.4,9,4905.0,50.7,1,1,5.8,32.1,0,1,0,0,2016.0
3.8,51154.0,Truck,Electric,60.3,3162.0,92.5,11.76,100.0,41.9,27.9,5,14061.0,68.6,8,10,3.3,48.4,0,1,0,1,150.0
2.4,27712.0,Truck,Petrol,93.9,2660.0,51.3,12.48,5.0,57.2,24.9,5,24000.0,64.8,2,1,5.7,20.7,1,0,1,1,150.0
2.0,39562.0,Hatchback,Diesel,93.3,2173.0,44.2,11.9,72.1,61.2,31.8,3,3086.0,30.4,3,2,2.5,53.5,0,0,0,1,3393.0
2.3,41044.0,Sedan,Diesel,91.7,2334.0,56.3,12.87,75.7,73.8,32.9,3,3857.0,49.1,4,2,6.2,68.9,0,0,0,1,3041.0
1.4,25785.0,Sedan,Electric,51.9,1875.0,46.5,11.72,100.0,42.3,35.7,3,2490.0,29.5,6,5,4.3,66.6,0,1,0,1,6081.0
9.8,184789.0,Sedan,Petrol,85.6,2725.0,36.4,11.86,5.0,8.4,29.6,14,17248.0,57.2,1,2,1.6,32.5,1,1,0,0,300.0
3.5,49702.0,Sedan,Diesel,91.9,2485.0,45.0,12.47,62.5,11.3,33.3,5,6801.0,54.3,3,3,4.2,70.3,0,0,0,0,3584.0
3.8,41392.0,Truck,Diesel,108.1,2674.0,51.9,11.89,37.8,67.0,29.2,3,9602.0,59.9,1,0,3.2,13.1,1,0,0,0,405.0
3.7,27845.0,SUV,Petrol,89.7,2254.0,30.4,12.39,83.3,70.2,31.9,2,1844.0,38.6,7,5,3.6,66.3,0,0,1,0,3220.0
5.8,87327.0,SUV,Hybrid,105.6,3033.0,69.6,12.41,84.3,97.2,32.2,7,4046.0,42.2,8,7,3.2,39.1,1,0,1,1,150.0
2.2,30698.0,Sedan,Diesel,86.8,2636.0,30.5,12.52,66.7,53.1,29.5,4,6987.0,65.8,3,0,2.1,60.7,0,0,0,0,3033.0
7.3,75872.0,Truck,Diesel,91.8,2657.0,39.8,11.91,45.1,56.0,31.7,6,9054.0,66.4,0,2,9.4,44.3,0,0,0,0,1053.0
3.1,52303.0,Sedan,Petrol,111.8,2540.0,54.1,12.52,56.4,15.9,31.2,6,7353.0,75.4,2,2,3.9,46.1,1,0,0,0,2247.0
3.0,22821.0,Truck,Diesel,89.4,2749.0,57.3,12.68,48.1,40.4,30.1,1,8438.0,71.9,0,1,3.3,59.9,0,0,0,0,1956.0
7.9,129829.0,SUV,Diesel,93.8,2436.0,62.6,12.47,59.5,64.2,32.8,12,6617.0,28.9,2,3,1.2,56.6,0,0,0,0,3376.0
2.2,31456.0,Sedan,Petrol,84.5,2159.0,38.1,12.84,94.8,52.9,34.9,4,1803.0,69.1,5,2,4.6,76.7,0,0,0,0,6071.0
4.8,80562.0,Sedan,Petrol,109.5,2429.0,41.5,11.58,64.7,51.6,27.5,8,5530.0,51.5,2,1,1.0,15.5,1,1,0,0,703.0
3.7,24634.0,Sedan,Electric,58.1,2607.0,36.0,11.86,100.0,31.1,25.4,1,15021.0,62.2,1,2,4.9,52.6,0,0,1,1,150.0
2.4,33824.0,Hatchback,Diesel,90.9,2525.0,28.5,12.68,89.0,58.9,35.2,3,1240.0,47.3,2,1,1.4,77.0,0,0,0,0,5149.0
5.2,64560.0,Hatchback,Diesel,88.6,2076.0,50.2,13.01,75.7,34.6,34.0,6,2154.0,39.2,4,5,1.4,74.7,0,0,0,1,7303.0
1.6,25855.0,SUV,Petrol,93.3,2801.0,58.9,12.59,84.3,68.4,35.1,2,4174.0,48.0,8,5,1.1,64.3,0,0,1,1,3208.0
2.4,44358.0,Sedan,Petrol,87.1,3024.0,65.9,12.36,85.8,81.9,34.3,3,895.0,52.9,8,9,10.0,67.9,0,0,1,1,2029.0
4.0,78510.0,SUV,Petrol,86.9,2847.0,28.4,12.03,77.7,57.0,35.9,7,3496.0,56.1,2,4,7.1,56.1,0,0,0,0,3861.0
8.9,65033.0,Truck,Petrol,90.7,2602.0,69.3,12.63,75.7,49.9,33.8,5,3907.0,65.6,1,4,2.1,67.2,0,1,0,0,5586.0
8.5,85835.0,Truck,Diesel,109.0,2621.0,48.9,12.42,22.6,81.3,31.4,7,11610.0,37.5,4,2,3.5,14.0,1,1,1,0,150.0
4.8,85661.0,Sedan,Diesel,88.5,2122.0,33.8,11.16,5.0,67.8,26.7,8,24000.0,36.3,4,2,4.4,8.0,1,1,1,1,152.0
3.1,47805.0,Sedan,Diesel,90.4,1982.0,51.4,11.81,100.0,28.4,35.2,3,1770.0,29.2,9,8,1.5,73.0,0,0,0,1,7263.0
0.8,13361.0,Truck,Petrol,96.8,2600.0,43.7,12.61,89.7,47.4,30.9,1,1920.0,48.9,5,3,1.0,72.0,0,0,0,0,6021.0
6.3,58891.0,SUV,Diesel,91.4,2307.0,47.4,12.08,6.5,37.4,29.2,4,16172.0,39.8,5,1,2.1,32.2,1,1,0,0,150.0
6.8,107828.0,Sedan,Petrol,86.9,3034.0,51.5,12.4,5.3,34.8,28.3,9,14756.0,47.4,7,8,1.2,36.1,1,1,1,0,150.0
4.8,85183.0,Sedan,Petrol,91.6,2394.0,35.6,12.49,5.0,71.8,26.4,7,21748.0,52.3,6,5,2.0,16.2,1,0,1,1,267.0
3.2,68936.0,SUV,Electric,65.9,2128.0,45.1,11.66,100.0,41.3,27.1,6,12343.0,27.0,0,2,3.5,49.3,0,1,0,0,150.0
6.0,80551.0,Hatchback,Diesel,97.9,2491.0,34.3,12.27,66.9,71.1,33.0,8,5543.0,44.2,6,6,1.0,51.9,0,1,0,0,2036.0
3.6,55243.0,Coupe,Diesel,86.8,2731.0,43.0,12.48,60.9,20.6,31.9,5,5987.0,57.1,1,1,2.7,75.1,0,0,0,0,4398.0
3.4,69894.0,SUV,Petrol,92.3,2300.0,39.9,13.09,74.9,50.3,31.0,6,4023.0,53.0,3,3,2.9,70.9,0,0,0,0,5655.0
1.2,12507.0,SUV,Electric,66.8,2860.0,64.3,12.28,100.0,36.3,33.6,1,470.0,46.8,2,4,4.1,80.8,0,0,0,0,8199.0
5.8,115601.0,Sedan,Diesel,88.4,2279.0,64.2,11.01,64.4,32.9,35.4,10,4841.0,51.5,2,1,3.4,36.0,0,1,0,0,2393.0
4.1,60429.0,SUV,Hybrid,110.4,2448.0,55.2,12.07,22.7,44.9,30.7,7,14136.0,48.2,5,4,3.7,16.6,1,0,1,0,176.0
8.4,120143.0,SUV,Petrol,99.7,2448.0,60.4,12.3,79.0,68.0,34.3,10,1148.0,38.1,6,4,3.1,54.1,0,1,1,1,2818.0
2.5,33850.0,SUV,Electric,66.0,2065.0,56.8,12.57,100.0,58.7,29.8,2,1923.0,35.7,3,2,4.5,72.2,0,0,0,0,4551.0
2.1,25996.0,SUV,Hybrid,94.3,3063.0,42.4,11.79,80.2,46.8,29.8,2,1643.0,89.6,2,2,4.1,56.9,0,1,0,0,4998.0
6.8,72460.0,Sedan,Hybrid,87.5,2685.0,43.4,11.42,92.2,45.5,31.7,5,478.0,60.8,2,2,1.1,53.4,0,1,0,0,4711.0
7.6,78738.0,Sedan,Petrol,111.9,2675.0,44.7,11.84,100.0,59.6,29.0,6,1372.0,67.1,7,5,5.6,27.5,1,1,0,1,1609.0
3.8,57785.0,Sedan,Petrol,96.6,2597.0,59.3,12.54,65.4,18.7,31.3,5,4325.0,60.5,0,0,2.7,78.6,0,0,0,0,5960.0
6.1,105952.0,Sedan,Petrol,95.5,2961.0,45.0,12.33,16.1,33.9,30.6,9,11024.0,71.5,4,5,6.0,44.1,1,0,0,0,398.0
3.1,32790.0,Sedan,Petrol,103.7,2933.0,57.7,11.42,89.1,67.4,29.6,2,667.0,60.0,6,6,3.6,35.3,0,1,0,0,1757.0
3.2,37581.0,Coupe,Hybrid,89.3,2510.0,45.5,11.58,66.4,71.0,31.2,5,3952.0,25.0,4,3,6.0,39.7,1,1,1,0,1919.0
4.8,71866.0,SUV,Petrol,89.4,2388.0,45.9,11.95,21.6,56.7,27.9,5,12507.0,40.3,2,0,5.2,25.6,1,1,0,0,150.0
3.1,27718.0,SUV,Petrol,89.1,2675.0,39.4,11.71,5.0,58.0,21.4,2,17296.0,55.3,5,2,1.6,8.0,1,0,0,1,150.0
4.4,65879.0,Hatchback,Petrol,96.8,2183.0,41.7,11.7,86.7,31.8,29.5,4,922.0,54.9,2,0,1.8,60.8,0,1,0,0,6796.0
4.0,57378.0,Coupe,Petrol,84.3,2107.0,47.9,12.77,61.9,26.0,25.2,5,7484.0,53.8,2,1,6.6,53.3,0,0,0,0,2316.0
1.7,15232.0,SUV,Petrol,93.1,2279.0,54.1,11.86,42.3,32.1,32.4,2,8028.0,36.4,4,4,4.8,53.0,0,0,0,0,2351.0
4.4,73152.0,Hatchback,Hybrid,94.5,2411.0,30.4,11.59,5.0,42.7,24.6,6,22829.0,44.1,1,0,6.8,8.0,1,0,1,1,150.0
1.8,22101.0,Sedan,Diesel,88.7,2615.0,55.7,12.58,96.4,43.0,31.6,2,607.0,55.5,2,1,1.4,82.3,0,0,0,0,7698.0
5.9,101218.0,Sedan,Petrol,93.5,1889.0,34.3,12.28,33.6,21.1,30.6,9,10932.0,52.5,6,2,2.3,56.9,1,0,0,0,707.0
6.9,95320.0,SUV,Petrol,93.3,2813.0,42.2,11.64,58.5,33.8,34.3,9,6608.0,62.9,6,5,2.7,49.3,0,1,0,1,2803.0
3.4,33506.0,Truck,Petrol,90.4,2705.0,54.4,11.98,88.1,60.3,37.1,3,878.0,37.0,2,4,4.2,57.1,0,0,0,0,3532.0
9.0,122720.0,Truck,Petrol,95.8,3206.0,55.3,12.27,68.7,66.3,29.3,11,3103.0,58.8,5,3,1.9,45.9,0,1,1,0,2371.0
7.6,138871.0,Sedan,Diesel,109.1,2778.0,30.8,11.36,60.7,5.6,32.4,10,5582.0,44.0,3,2,5.6,28.1,0,1,0,1,1812.0
4.4,92575.0,Sedan,Diesel,116.1,2369.0,39.3,12.58,92.8,12.9,36.4,8,755.0,47.0,4,3,3.7,52.1,1,0,0,1,5769.0
3.2,56541.0,SUV,Diesel,92.0,2584.0,37.3,12.29,53.7,33.2,34.8,5,8350.0,51.2,6,7,3.7,65.5,1,0,0,0,2540.0
6.5,80985.0,Sedan,Diesel,90.3,2302.0,43.9,12.61,22.3,51.4,28.1,6,13862.0,27.8,1,1,3.8,40.9,0,1,0,0,150.0
9.1,131423.0,SUV,Petrol,90.6,2783.0,41.8,11.75,59.9,77.3,30.2,11,5558.0,53.8,5,3,2.7,30.0,0,1,1,0,1218.0
4.6,66274.0,Truck,Electric,61.8,3141.0,51.4,11.55,100.0,45.6,28.1,7,7824.0,69.6,4,5,4.0,48.0,0,1,0,0,2072.0
9.9,137410.0,Truck,Hybrid,111.0,2639.0,48.7,11.68,68.9,21.9,30.5,11,6854.0,35.0,6,6,4.6,22.1,1,1,1,0,993.0
2.7,30846.0,Truck,Electric,56.6,2475.0,69.6,12.54,100.0,48.7,34.5,2,789.0,78.0,1,1,2.3,81.7,0,0,0,0,7050.0
5.5,67235.0,Hatchback,Petrol,92.6,2012.0,35.2,12.54,86.8,30.3,29.5,4,2912.0,42.9,1,1,1.9,72.1,0,0,0,0,6602.0
3.7,68873.0,SUV,Electric,64.1,2932.0,42.7,12.02,100.0,41.6,26.8,6,12380.0,60.2,2,1,2.9,51.7,0,0,0,1,151.0
2.0,33302.0,Truck,Hybrid,93.3,2386.0,81.1,12.6,45.8,66.4,29.8,3,10390.0,33.5,6,5,2.9,48.2,1,0,1,1,820.0
2.9,42320.0,SUV,Hybrid,103.2,2769.0,77.5,12.62,80.3,88.3,31.4,3,3130.0,82.2,7,5,5.2,42.6,0,0,1,1,720.0
6.8,119904.0,Sedan,Petrol,106.0,2098.0,50.4,11.71,57.9,47.3,28.8,10,5182.0,37.2,4,3,2.4,24.8,0,1,0,0,1830.0
3.5,55201.0,Sedan,Diesel,104.8,2323.0,44.7,12.14,7.5,17.3,30.8,6,17649.0,54.9,2,0,5.4,26.9,1,0,0,0,150.0
2.7,25881.0,Sedan,Electric,59.8,2822.0,29.2,11.21,100.0,42.9,21.1,2,24000.0,44.5,1,2,6.2,15.4,0,1,0,1,150.0
7.8,97827.0,SUV,Diesel,98.0,2580.0,69.0,12.81,34.3,30.0,27.3,8,11010.0,51.3,3,5,3.1,39.2,1,1,0,1,363.0
6.7,131772.0,SUV,Diesel,106.9,3029.0,63.6,11.95,77.0,88.9,30.2,11,2506.0,53.6,10,9,3.7,25.5,1,1,1,1,409.0
3.0,38630.0,Hatchback,Electric,54.0,2636.0,33.6,12.47,100.0,67.2,29.9,2,1084.0,47.4,5,4,5.4,67.4,0,0,0,0,3601.0
10.2,113271.0,Sedan,Petrol,91.9,2475.0,42.9,11.12,8.6,34.1,32.8,9,15131.0,42.5,5,4,6.7,17.2,1,1,0,0,150.0
3.6,54800.0,Sedan,Diesel,90.1,2057.0,34.8,12.51,54.8,13.5,35.4,5,7428.0,51.3,3,3,3.4,75.0,0,0,0,0,3611.0
4.6,52029.0,Coupe,Diesel,91.5,3116.0,28.5,12.84,29.4,43.5,27.6,4,12152.0,51.0,14,11,2.0,47.7,1,0,0,1,282.0
4.0,67370.0,Sedan,Electric,62.1,2472.0,57.6,12.17,100.0,46.1,33.9,7,922.0,56.5,5,4,5.3,81.3,0,0,0,0,7178.0
2.2,29623.0,SUV,Petrol,88.7,2227.0,32.6,12.58,61.8,54.8,31.3,2,5782.0,58.8,2,3,3.1,64.9,0,0,0,1,4001.0
3.4,41139.0,SUV,Diesel,93.1,2279.0,81.1,12.65,25.4,77.8,30.0,3,13863.0,63.4,3,4,1.8,37.9,1,0,1,0,150.0
3.7,55384.0,SUV,Diesel,91.1,2756.0,51.0,12.27,85.0,26.7,36.3,5,812.0,59.9,1,2,6.7,77.2,0,0,0,0,8640.0
1.0,5000.0,Sedan,Hybrid,98.4,2783.0,45.8,12.21,9.5,14.1,25.2,1,17845.0,53.9,5,3,3.8,29.1,1,0,1,1,322.0
4.5,46901.0,Sedan,Diesel,92.7,2170.0,50.8,12.39,55.4,26.9,29.7,3,7377.0,48.4,9,8,7.2,69.4,0,0,0,1,2927.0
6.3,107829.0,Sedan,Electric,68.4,2080.0,26.9,12.28,100.0,35.9,38.9,8,3385.0,30.5,2,1,5.1,70.9,0,0,0,0,6108.0
1.8,30840.0,SUV,Electric,67.6,2721.0,52.7,11.9,100.0,63.6,27.8,2,7742.0,54.2,5,4,3.2,51.4,0,0,1,1,2043.0
5.6,65079.0,SUV,Petrol,97.4,2781.0,53.2,12.03,41.2,47.0,29.5,5,8544.0,67.3,3,3,5.8,36.0,0,1,0,0,1423.0
7.0,66434.0,Sedan,Petrol,93.5,2572.0,38.0,12.5,48.7,47.0,27.7,4,6972.0,41.3,10,9,5.3,56.0,0,0,0,1,3084.0
0.5,19163.0,SUV,Petrol,97.0,2380.0,66.0,11.49,55.9,34.4,35.1,1,8831.0,42.6,4,2,1.7,42.0,0,1,0,0,1382.0
3.5,65846.0,Hatchback,Petrol,106.5,3015.0,25.9,12.56,78.2,41.2,31.1,4,1329.0,70.3,4,3,5.0,50.8,1,0,0,1,4561.0
10.1,163585.0,Sedan,Diesel,91.5,2808.0,40.4,11.74,69.6,38.1,34.2,14,5431.0,74.9,2,0,8.9,52.7,0,1,0,0,3562.0
4.4,36368.0,SUV,Electric,67.9,2580.0,33.9,12.4,100.0,72.6,28.8,3,2867.0,40.3,3,3,3.2,66.5,0,0,1,0,2611.0
0.9,12269.0,Truck,Hybrid,98.9,2833.0,56.5,12.55,91.4,25.8,32.2,1,1299.0,87.7,1,2,5.3,84.0,0,0,0,0,9119.0
1.6,18211.0,Sedan,Petrol,93.0,2310.0,42.4,12.59,55.3,30.7,31.9,3,8340.0,57.8,2,3,10.0,72.0,0,0,0,0,2629.0
4.5,76547.0,Sedan,Petrol,113.2,3000.0,67.3,12.22,55.1,63.6,25.3,6,6367.0,64.9,10,8,2.8,13.9,1,0,0,1,1066.0
5.5,79936.0,SUV,Diesel,90.1,2565.0,44.6,12.37,5.0,62.2,22.1,8,24000.0,47.1,2,0,4.0,11.4,1,0,1,1,150.0
3.9,44544.0,Hatchback,Diesel,93.4,2298.0,36.0,12.14,32.6,62.1,25.6,1,12275.0,55.6,2,0,3.9,25.1,0,0,1,1,150.0
4.4,49571.0,Hatchback,Petrol,95.5,2734.0,38.3,12.51,73.7,8.1,31.4,6,3812.0,58.0,1,4,3.5,77.0,0,0,0,1,6088.0
4.0,73860.0,SUV,Hybrid,110.7,2407.0,74.6,12.89,51.1,61.1,32.0,6,10227.0,39.4,2,3,10.0,32.4,1,0,0,0,452.0
2.5,34385.0,Truck,Electric,63.5,2331.0,45.9,12.38,100.0,57.2,32.2,4,1738.0,75.1,1,1,1.2,77.0,0,0,0,0,5331.0
4.0,36731.0,SUV,Petrol,89.6,2739.0,61.1,10.86,81.0,79.7,23.8,2,4531.0,51.5,10,8,3.3,13.5,0,1,1,1,150.0
1.3,22994.0,SUV,Hybrid,90.1,2474.0,50.1,12.76,77.7,61.0,27.8,1,3758.0,45.0,5,2,3.0,60.3,0,0,0,1,3549.0
3.1,60556.0,SUV,Petrol,102.2,2383.0,55.0,13.1,74.6,47.3,34.4,4,6532.0,35.8,5,6,3.1,50.3,1,0,0,0,2800.0
5.2,100317.0,Sedan,Diesel,89.0,3017.0,42.1,12.37,35.2,30.3,31.0,9,11017.0,59.9,7,5,1.7,52.5,0,0,0,1,588.0
2.1,43120.0,Truck,Diesel,105.7,2291.0,67.6,12.26,71.6,78.2,30.7,4,4425.0,55.6,4,3,6.3,41.8,0,0,1,0,1512.0
3.2,34947.0,SUV,Petrol,91.6,3067.0,74.2,12.44,22.1,66.6,31.0,3,13406.0,38.3,7,6,5.0,42.4,1,0,1,0,233.0
4.2,65330.0,SUV,Electric,57.4,2672.0,39.3,12.78,100.0,50.4,31.5,6,9493.0,54.0,8,5,2.1,67.8,0,1,0,0,1745.0
9.8,158233.0,Hatchback,Diesel,90.2,2548.0,49.0,12.17,77.3,41.7,30.2,12,2447.0,58.8,0,2,2.4,59.5,0,1,0,0,5771.0
6.7,58867.0,Sedan,Diesel,109.7,2947.0,59.5,12.02,68.1,31.8,35.8,4,5347.0,46.5,7,8,1.5,34.0,1,1,0,1,2554.0
1.2,13500.0,Sedan,Petrol,90.4,2202.0,43.7,12.15,38.4,18.9,24.0,1,12753.0,57.2,2,2,2.6,44.4,0,0,0,1,150.0
11.1,182561.0,Sedan,Petrol,86.2,3129.0,54.6,12.32,38.5,14.3,31.6,17,9499.0,52.1,3,3,4.0,61.3,0,1,0,1,1593.0
8.1,137994.0,Truck,Petrol,98.6,2396.0,40.2,13.3,26.4,11.9,31.1,11,11578.0,48.9,3,4,1.3,55.8,1,1,0,0,327.0
4.3,98257.0,Truck,Diesel,92.5,2620.0,60.5,11.95,88.0,27.7,32.7,9,2341.0,38.6,3,3,2.8,74.3,0,0,0,1,7188.0
6.1,87469.0,Sedan,Diesel,92.0,2503.0,53.8,12.5,39.4,86.7,27.0,8,10241.0,54.8,8,1,9.4,30.5,0,0,1,1,527.0
2.3,20536.0,Truck,Petrol,95.7,2116.0,49.2,12.69,84.1,50.4,31.8,3,3783.0,25.0,6,6,1.0,68.1,0,0,0,1,5563.0
3.7,53669.0,SUV,Diesel,102.3,3010.0,38.1,12.0,5.0,24.8,25.8,4,21324.0,72.1,1,2,2.2,13.7,1,0,0,1,150.0
2.2,39937.0,Truck,Diesel,89.9,2890.0,68.1,12.74,73.7,73.4,31.8,3,4476.0,68.6,4,3,4.1,62.5,1,0,1,0,2479.0
5.4,67819.0,SUV,Diesel,92.7,3420.0,54.1,13.03,8.8,54.3,25.7,7,15172.0,37.7,8,9,2.7,28.6,1,0,1,1,150.0
13.0,189346.0,SUV,Diesel,115.8,2325.0,45.9,12.32,47.6,23.1,29.7,15,7472.0,31.9,1,1,1.2,20.2,1,1,0,0,972.0
3.0,34761.0,Hatchback,Electric,64.9,2507.0,16.2,12.29,100.0,58.4,28.7,2,18004.0,68.4,3,1,4.0,52.9,0,0,1,0,257.0
3.5,61964.0,Sedan,Diesel,95.1,2203.0,36.6,11.92,59.1,44.9,28.8,5,5823.0,49.7,8,6,3.1,47.3,0,0,0,0,2845.0
3.8,58744.0,Sedan,Diesel,95.2,2473.0,33.6,12.54,70.5,41.5,28.5,5,2162.0,52.8,8,5,2.2,65.2,0,0,0,0,5916.0
3.1,37113.0,SUV,Petrol,89.9,2492.0,30.4,11.34,51.0,73.5,28.1,4,7265.0,52.3,2,0,2.7,21.7,0,1,1,1,490.0
5.2,61028.0,Coupe,Petrol,96.3,2290.0,34.2,12.55,87.5,19.2,29.4,6,2328.0,33.6,2,4,2.7,75.6,0,0,0,0,7533.0
7.0,83866.0,SUV,Petrol,91.1,3017.0,71.0,12.14,28.5,84.2,28.6,6,12762.0,63.0,6,6,1.8,27.2,0,1,1,1,150.0
2.7,20245.0,Sedan,Diesel,92.6,2590.0,42.1,12.11,84.8,36.1,34.6,1,982.0,58.3,1,0,6.5,74.2,0,0,0,0,7550.0
3.8,41929.0,Sedan,Petrol,94.0,2251.0,20.8,12.41,82.8,65.7,32.2,3,2182.0,52.3,5,3,7.0,73.1,0,0,0,0,3994.0
5.6,40198.0,SUV,Petrol,88.7,2133.0,59.1,12.71,43.8,75.4,32.5,3,10347.0,25.0,3,3,1.0,49.5,0,0,1,0,814.0
2.1,41465.0,Sedan,Hybrid,93.2,2563.0,51.5,12.74,71.0,70.7,31.4,3,3914.0,59.1,5,6,3.3,63.8,0,0,1,1,3267.0
1.7,28256.0,Truck,Petrol,94.0,2574.0,53.2,12.38,87.1,53.6,34.4,2,1523.0,57.3,1,0,7.8,73.4,0,0,0,1,5569.0
2.6,40027.0,Coupe,Petrol,83.9,2651.0,40.0,12.02,5.0,61.9,24.0,2,24000.0,50.7,4,3,2.5,10.1,1,0,1,1,158.0
5.8,82082.0,SUV,Petrol,97.1,2436.0,42.5,12.2,70.2,69.9,31.5,8,4363.0,65.5,3,0,5.8,47.8,0,1,0,0,2203.0
2.0,41528.0,SUV,Hybrid,88.2,2294.0,58.6,12.35,70.0,76.6,31.7,4,4627.0,67.8,4,2,5.1,58.7,0,0,1,0,2228.0
2.7,45543.0,SUV,Petrol,92.6,3318.0,61.4,12.42,77.1,23.7,32.4,1,3228.0,56.7,2,3,1.8,80.3,0,0,0,0,6960.0
3.8,83305.0,Sedan,Diesel,97.6,2385.0,43.8,12.38,83.8,52.2,36.2,7,844.0,30.8,1,3,3.1,60.8,0,0,0,0,4398.0
4.2,57411.0,Hatchback,Diesel,94.1,2562.0,63.7,12.26,82.9,25.4,30.9,8,2200.0,34.3,6,6,3.4,68.6,0,0,0,1,6826.0
3.5,61573.0,SUV,Diesel,95.7,2243.0,56.7,12.44,84.2,50.6,33.3,6,2538.0,42.2,8,9,2.3,73.4,1,0,0,0,5655.0
3.8,55497.0,SUV,Diesel,115.1,2788.0,40.4,12.66,66.4,34.0,28.3,6,5903.0,48.5,5,5,4.5,32.7,1,0,0,0,1716.0
1.4,14959.0,Truck,Hybrid,89.5,3012.0,75.3,12.67,5.0,34.6,25.0,2,18289.0,63.8,4,4,5.2,31.4,1,0,0,1,150.0
2.6,47892.0,SUV,Petrol,87.4,2609.0,30.1,12.95,81.7,24.0,30.8,3,1379.0,56.6,3,1,3.6,80.9,0,0,0,1,8660.0
6.1,98644.0,SUV,Petrol,93.2,2475.0,48.0,12.1,5.0,24.5,22.2,9,24000.0,49.7,2,1,5.5,11.6,1,0,0,1,274.0
2.4,25917.0,Sedan,Petrol,94.4,2654.0,28.5,12.21,74.1,39.7,30.3,1,4577.0,60.8,2,2,3.7,64.8,0,0,0,0,4888.0
4.3,44118.0,Hatchback,Petrol,95.9,2386.0,42.4,12.23,67.8,64.6,30.6,3,6086.0,41.1,5,7,3.3,55.5,0,0,1,0,3449.0
4.0,55893.0,Hatchback,Petrol,94.6,2490.0,38.8,12.05,89.6,28.6,32.9,5,632.0,60.8,4,3,1.0,74.1,0,0,0,0,8626.0
5.7,39822.0,SUV,Petrol,89.5,2855.0,48.5,12.32,43.9,89.1,32.3,6,12771.0,55.2,10,10,1.3,36.2,0,0,1,1,158.0
6.2,82108.0,Coupe,Diesel,95.0,3057.0,55.6,12.34,32.6,76.8,32.5,7,13522.0,59.3,7,6,8.6,43.5,1,0,1,1,152.0
7.2,75738.0,Sedan,Diesel,83.1,3532.0,52.4,12.12,31.1,94.3,27.3,5,9498.0,63.8,21,20,4.8,20.3,1,0,1,1,150.0
8.4,105329.0,SUV,Petrol,96.6,2320.0,68.2,12.38,91.6,35.3,30.2,9,1420.0,51.3,2,2,7.6,67.0,0,1,0,0,6846.0
2.0,25078.0,SUV,Diesel,87.9,2118.0,41.2,12.66,75.3,56.7,30.6,3,3770.0,25.0,5,4,3.0,69.6,0,0,1,0,5107.0
0.8,9882.0,SUV,Petrol,87.9,1863.0,40.6,12.26,5.0,26.1,28.9,1,20624.0,42.8,2,2,10.0,40.9,1,0,0,0,267.0
3.0,44988.0,SUV,Petrol,101.5,2757.0,40.3,12.62,77.6,77.4,31.6,4,3964.0,62.9,2,2,3.2,48.5,0,0,1,1,1581.0
1.9,23494.0,Sedan,Diesel,91.7,2637.0,50.6,12.06,75.0,64.4,31.4,4,3187.0,44.1,9,8,3.0,60.6,0,0,1,0,3468.0
2.2,24394.0,Sedan,Petrol,90.5,2449.0,60.6,12.13,100.0,26.5,34.5,2,982.0,42.7,0,2,1.0,77.1,0,0,0,0,8555.0
5.1,82688.0,SUV,Petrol,86.9,3283.0,50.0,12.83,86.9,67.0,39.5,7,940.0,52.9,2,2,5.6,54.2,0,0,0,0,2635.0
6.9,122116.0,Sedan,Petrol,93.3,2586.0,15.0,11.49,66.8,44.7,27.9,11,4084.0,67.3,2,2,7.5,40.9,0,1,0,1,3396.0
4.3,63697.0,Truck,Electric,83.2,2959.0,64.9,12.29,100.0,49.9,29.6,4,5453.0,58.4,10,9,9.8,68.0,0,0,0,0,4496.0
2.5,42904.0,Sedan,Diesel,90.1,2604.0,46.8,13.03,23.9,67.2,28.0,5,11722.0,76.4,2,1,3.5,44.5,1,0,0,1,150.0
4.4,54328.0,Sedan,Petrol,82.9,2719.0,30.4,11.64,11.2,25.5,21.7,4,15849.0,57.6,6,6,2.1,16.5,1,1,0,1,150.0
5.8,87599.0,SUV,Hybrid,98.0,2332.0,60.4,11.31,63.7,75.7,30.3,7,3718.0,57.1,2,2,3.1,20.3,0,1,1,0,731.0
1.4,13509.0,SUV,Diesel,90.3,2380.0,66.5,12.17,41.1,53.3,25.9,1,12454.0,48.7,7,6,4.7,43.5,0,0,0,1,339.0
3.1,44230.0,Hatchback,Diesel,90.3,1802.0,15.0,12.58,58.8,66.4,33.7,2,5500.0,30.3,4,2,2.8,60.8,0,0,0,0,3379.0
3.3,36091.0,SUV,Hybrid,91.4,2268.0,67.0,12.91,5.0,77.5,22.5,4,23795.0,54.1,1,2,3.0,9.4,1,0,1,1,150.0
3.4,47229.0,Sedan,Petrol,88.3,2625.0,54.5,12.38,5.0,7.3,26.2,6,17610.0,52.6,4,3,3.3,40.4,1,0,0,1,150.0
2.1,31644.0,Hatchback,Petrol,96.6,2727.0,39.1,12.91,45.9,55.0,33.6,2,8517.0,61.3,7,6,3.5,59.5,0,0,0,0,1723.0
4.5,44050.0,SUV,Diesel,94.4,2466.0,60.5,12.3,96.2,83.1,33.1,5,1763.0,56.3,5,1,1.4,62.6,0,0,1,1,1604.0
4.8,77305.0,Sedan,Diesel,93.5,2492.0,64.1,11.17,5.0,62.9,25.9,3,17205.0,55.8,6,3,4.0,8.0,1,1,1,1,150.0
2.0,39155.0,SUV,Diesel,100.7,2653.0,44.1,12.29,100.0,73.4,28.8,4,1207.0,67.9,4,0,1.9,53.2,0,0,1,1,1893.0
7.9,94655.0,Hatchback,Diesel,102.9,2673.0,56.7,10.95,23.4,25.0,28.0,6,11487.0,48.3,9,6,3.7,8.0,1,1,1,1,179.0
1.7,21225.0,SUV,Electric,60.7,2572.0,54.9,12.96,100.0,44.4,31.9,3,4832.0,63.7,0,0,1.0,78.6,0,0,0,0,5742.0
2.4,34971.0,Sedan,Electric,65.3,2694.0,26.7,12.2,100.0,59.5,30.9,2,6545.0,70.0,1,3,6.7,65.1,0,0,0,0,3333.0
1.6,30881.0,Sedan,Hybrid,94.1,2603.0,17.8,12.62,20.8,52.1,29.1,4,13726.0,44.2,1,2,3.4,48.3,0,0,0,0,150.0
1.4,17450.0,Sedan,Hybrid,100.5,1899.0,47.5,11.66,38.8,37.5,30.6,1,10638.0,46.3,0,1,3.0,30.1,0,0,0,0,372.0
4.1,78241.0,SUV,Electric,64.3,2283.0,39.5,12.89,100.0,65.3,31.0,8,792.0,41.2,2,4,6.2,78.5,0,0,0,0,4128.0
2.4,26278.0,SUV,Petrol,98.1,2177.0,66.8,12.31,79.1,61.4,31.1,2,3403.0,33.0,3,4,4.7,57.2,0,0,0,1,3503.0
6.2,93808.0,Sedan,Petrol,86.0,3030.0,15.0,12.06,5.0,9.6,23.5,7,23293.0,77.8,4,3,2.7,26.0,1,1,0,1,150.0
2.1,18292.0,Hatchback,Diesel,99.8,2869.0,40.6,12.34,85.0,26.7,33.6,1,3260.0,96.6,1,1,7.2,73.9,0,0,0,0,6398.0
2.4,24930.0,Truck,Hybrid,89.7,2305.0,49.8,12.46,42.2,58.8,26.5,2,11042.0,54.9,5,2,3.4,48.1,0,0,0,1,356.0
5.7,77904.0,SUV,Diesel,88.5,2637.0,76.1,12.45,55.5,67.6,26.9,7,8874.0,47.4,6,5,3.2,44.3,1,0,1,0,1358.0
1.8,27849.0,Hatchback,Diesel,89.4,3096.0,43.9,12.85,5.0,55.9,29.2,3,20713.0,76.3,6,4,3.8,36.4,1,0,0,0,174.0
2.8,54200.0,Sedan,Petrol,91.6,2800.0,47.0,11.81,5.0,14.6,28.6,5,19849.0,60.4,2,2,10.0,29.4,1,0,0,0,150.0
7.8,89758.0,SUV,Petrol,90.9,2664.0,49.2,12.22,82.3,88.7,33.5,8,4373.0,41.4,4,3,1.0,53.8,0,0,1,0,824.0
0.5,5000.0,SUV,Diesel,91.3,2351.0,50.7,12.4,100.0,21.5,31.6,1,2081.0,39.7,1,1,10.0,88.5,0,0,0,0,8720.0
0.5,5000.0,Hatchback,Petrol,92.8,2902.0,55.4,12.22,89.2,14.9,32.7,3,2729.0,63.5,5,6,6.1,84.1,0,0,0,0,7878.0
1.4,20754.0,Truck,Petrol,92.5,2784.0,58.6,12.62,88.0,71.7,31.4,1,2669.0,57.4,9,8,2.8,66.1,0,0,1,0,2882.0
8.6,157988.0,Sedan,Petrol,110.2,2621.0,28.6,12.36,51.8,27.2,28.4,13,6861.0,67.7,1,2,2.5,31.4,1,1,0,0,1919.0
4.8,84977.0,Hatchback,Petrol,89.7,2569.0,56.5,11.33,78.5,67.0,27.4,7,3372.0,61.9,5,6,4.1,36.9,0,1,0,1,1998.0
4.5,83278.0,Sedan,Diesel,93.2,2572.0,61.4,11.14,25.4,64.5,26.9,7,13568.0,34.9,2,4,4.6,10.3,1,1,0,1,150.0
1.4,21816.0,Hatchback,Petrol,93.0,1890.0,56.8,12.76,94.5,36.7,27.8,4,2735.0,41.2,4,1,6.9,72.0,0,0,0,1,6830.0
4.0,60709.0,Coupe,Diesel,92.8,2040.0,55.1,12.23,5.0,28.2,26.5,6,24000.0,39.7,6,2,3.3,28.0,1,1,1,0,150.0
2.0,32314.0,Sedan,Petrol,91.5,2972.0,35.4,12.05,55.8,51.3,29.9,3,7463.0,55.0,5,1,3.3,50.3,0,1,0,1,2398.0
6.3,87386.0,Truck,Hybrid,88.7,2555.0,43.4,11.95,71.4,85.3,32.0,7,3258.0,50.3,5,4,1.0,47.2,0,1,1,1,884.0
6.5,74891.0,Sedan,Petrol,91.8,2517.0,26.2,12.45,52.5,53.4,34.6,6,6132.0,45.6,4,3,2.4,56.7,0,0,0,0,3308.0
2.6,37447.0,SUV,Diesel,90.4,2518.0,44.3,12.99,80.0,82.8,29.5,3,3318.0,47.6,8,10,8.7,58.3,0,0,1,0,1672.0
5.0,73034.0,SUV,Diesel,102.1,2793.0,53.3,12.69,73.6,56.0,36.0,5,5107.0,61.4,2,3,4.8,46.3,0,0,0,0,3233.0
4.6,82491.0,SUV,Petrol,95.5,2828.0,74.9,11.69,74.3,81.2,31.5,10,5251.0,49.5,6,2,4.8,41.2,0,1,1,1,1386.0
3.5,47531.0,Hatchback,Hybrid,92.5,2718.0,19.0,12.36,53.7,5.0,30.5,5,9821.0,42.5,1,1,2.6,73.5,0,0,0,1,1932.0
2.1,32151.0,Truck,Diesel,91.4,1960.0,54.6,12.74,78.1,68.8,31.9,2,4248.0,33.7,1,3,2.4,67.6,0,0,0,0,3631.0
2.8,32616.0,SUV,Petrol,93.6,2790.0,52.2,11.01,5.0,60.2,25.3,3,19699.0,39.4,4,5,4.8,8.0,1,1,0,1,150.0
6.2,114293.0,Hatchback,Petrol,88.5,2787.0,27.1,11.74,94.4,44.4,32.1,11,1074.0,67.0,5,4,4.2,67.6,0,1,0,0,6117.0
7.9,104001.0,Coupe,Electric,58.9,1679.0,35.0,11.58,100.0,31.3,31.2,7,2916.0,42.6,3,0,4.9,60.1,0,1,0,0,5227.0
3.0,21078.0,Sedan,Hybrid,96.3,2794.0,61.5,12.63,45.4,55.1,28.5,1,9333.0,77.4,12,10,3.7,47.1,0,0,1,1,1124.0
8.4,103908.0,Coupe,Petrol,86.9,2374.0,46.3,12.06,56.1,26.5,34.7,8,6296.0,60.8,3,7,4.2,58.9,0,1,0,0,3387.0
4.8,77109.0,Sedan,Petrol,108.5,2708.0,50.3,12.42,88.3,49.6,33.8,5,1260.0,40.6,5,6,1.3,51.0,0,0,0,0,4184.0
3.5,50174.0,Hatchback,Hybrid,94.2,2994.0,63.6,12.43,42.2,42.8,32.1,4,11325.0,43.4,19,16,9.3,60.8,1,0,1,1,343.0
3.3,19207.0,Sedan,Diesel,92.5,2072.0,45.0,12.1,58.3,30.5,29.5,2,7491.0,25.0,5,3,2.6,59.9,0,0,0,0,2767.0
2.2,34643.0,Sedan,Hybrid,91.4,2326.0,33.6,12.64,61.0,50.8,33.5,3,6100.0,45.8,0,0,3.8,64.0,0,0,0,0,3814.0
5.2,66983.0,SUV,Petrol,93.3,3416.0,57.2,12.25,22.7,54.2,32.8,5,13974.0,79.3,5,5,1.0,42.5,1,1,0,1,150.0
9.2,105034.0,SUV,Diesel,84.0,2850.0,43.1,12.36,21.8,43.9,31.3,8,12085.0,74.9,5,5,2.3,47.5,1,1,1,0,150.0
3.4,56454.0,SUV,Petrol,87.8,2821.0,53.5,12.18,82.2,28.9,31.6,3,2870.0,74.5,1,1,3.6,71.3,0,0,0,0,6849.0
1.9,29795.0,Sedan,Petrol,89.1,2774.0,41.1,12.38,72.6,48.2,34.1,3,5516.0,60.5,1,2,4.7,67.9,0,0,0,0,4372.0
5.7,43523.0,SUV,Diesel,94.6,2135.0,68.6,12.5,20.9,86.3,29.8,2,13146.0,49.5,3,1,1.0,30.7,1,0,1,0,187.0
2.9,47484.0,Hatchback,Electric,58.7,2672.0,35.7,12.17,100.0,5.0,39.3,3,835.0,53.4,1,2,3.6,75.3,0,0,0,1,8422.0
2.2,29058.0,SUV,Petrol,92.2,3015.0,52.9,12.86,81.4,79.2,32.4,2,2989.0,59.6,9,6,6.9,67.4,0,0,1,1,2441.0
1.3,24988.0,Sedan,Diesel,90.0,2717.0,20.6,12.6,73.8,35.8,34.8,2,3598.0,51.8,0,1,4.4,75.9,0,0,0,0,6436.0
5.1,59305.0,SUV,Diesel,94.1,2480.0,63.8,13.02,77.3,51.9,30.3,7,2466.0,41.0,7,5,7.3,67.9,1,1,0,0,5400.0
7.2,91637.0,Sedan,Diesel,94.7,2961.0,26.0,12.18,63.4,8.1,32.2,8,5016.0,51.0,6,7,4.7,68.6,0,0,0,1,4785.0
1.6,28998.0,Hatchback,Hybrid,98.3,2590.0,36.8,12.58,44.8,51.1,30.9,2,10739.0,33.1,5,6,2.5,53.0,0,0,0,1,675.0
3.1,26225.0,Hatchback,Hybrid,86.8,2631.0,31.1,12.34,70.9,40.8,34.8,1,4645.0,60.3,2,2,3.1,71.8,0,0,0,0,5141.0
3.3,54872.0,SUV,Petrol,88.2,2816.0,68.3,12.41,84.3,33.5,32.7,4,684.0,39.3,4,7,3.9,85.7,0,0,0,0,9259.0
2.3,37273.0,SUV,Electric,56.2,3451.0,66.7,12.64,100.0,84.5,21.6,3,12900.0,60.0,9,11,5.0,38.4,0,0,1,1,150.0
8.2,130527.0,Truck,Hybrid,97.1,2474.0,60.5,12.76,84.1,64.6,32.5,11,1892.0,36.9,2,0,5.2,61.8,0,0,0,1,3276.0
1.3,12099.0,SUV,Hybrid,93.2,2423.0,64.1,12.99,80.7,32.6,29.0,1,4070.0,49.7,2,1,2.7,71.3,0,0,0,0,5697.0
4.8,57920.0,Hatchback,Diesel,91.9,2573.0,34.3,12.62,94.7,26.5,34.8,4,535.0,55.8,8,5,2.7,80.2,1,0,0,0,9117.0
5.4,68349.0,SUV,Hybrid,96.4,2618.0,43.2,10.83,69.3,59.7,30.4,7,4163.0,49.7,6,2,2.4,26.3,0,1,0,1,1688.0
2.3,38724.0,Truck,Petrol,89.9,2661.0,33.4,12.32,85.3,72.7,32.0,4,3452.0,61.0,4,2,1.1,67.8,0,0,1,0,2991.0
1.9,17486.0,SUV,Petrol,96.2,3140.0,59.9,12.67,75.5,60.4,33.9,1,2618.0,58.3,12,8,5.9,70.1,0,0,1,1,4452.0
2.5,36806.0,SUV,Hybrid,98.4,2296.0,45.8,12.16,5.0,70.3,24.3,3,18397.0,46.1,4,4,2.8,8.0,1,0,1,1,150.0
0.9,10636.0,Coupe,Petrol,90.9,2674.0,45.0,12.51,57.9,5.6,32.4,1,7772.0,43.7,1,2,1.6,83.2,0,0,0,0,3375.0
9.3,99940.0,SUV,Petrol,85.3,2053.0,67.5,12.2,6.2,21.6,27.3,10,16458.0,42.7,2,2,4.6,34.5,1,1,1,1,232.0
2.6,38870.0,SUV,Hybrid,113.4,2245.0,63.2,13.07,62.8,72.2,31.7,3,4486.0,40.7,0,0,4.9,31.5,1,0,1,0,1403.0
2.9,27605.0,Sedan,Hybrid,98.1,3013.0,41.1,12.37,62.8,49.3,31.9,2,5118.0,81.4,2,2,1.4,63.0,0,0,0,0,4497.0
10.3,189251.0,SUV,Petrol,93.5,2380.0,54.5,10.8,5.0,36.1,22.6,16,19725.0,43.2,3,2,6.8,8.0,1,1,0,1,150.0
1.1,25787.0,SUV,Hybrid,86.0,2852.0,54.3,12.77,74.9,65.3,34.6,3,4378.0,67.3,5,3,6.2,70.9,0,0,0,0,3858.0
3.4,64946.0,Sedan,Diesel,96.6,3113.0,69.1,12.77,99.8,38.5,33.9,4,605.0,54.3,9,7,3.8,75.7,0,0,0,0,7144.0
5.8,66682.0,Sedan,Diesel,94.7,2267.0,31.8,13.1,47.7,28.4,30.4,6,7135.0,47.0,3,1,3.7,62.1,0,0,0,0,2840.0
9.3,139347.0,SUV,Hybrid,118.8,2285.0,56.2,10.92,75.0,24.4,30.3,10,1834.0,54.7,2,4,5.9,8.0,1,1,0,0,777.0
1.2,23181.0,Truck,Petrol,96.0,2408.0,53.8,12.02,5.0,57.2,28.2,1,20328.0,55.6,6,5,2.6,16.2,1,0,1,0,191.0
10.1,133488.0,SUV,Petrol,89.3,2287.0,45.8,12.24,73.5,89.9,35.0,11,867.0,27.4,5,4,6.8,49.0,0,1,1,0,707.0
3.1,33801.0,Sedan,Petrol,95.7,2857.0,35.8,11.76,11.7,57.5,25.7,3,15209.0,50.9,5,3,1.0,9.9,1,1,0,1,150.0
3.1,48502.0,Truck,Diesel,88.9,2392.0,53.1,12.62,91.0,11.2,32.4,4,1418.0,52.1,2,1,4.0,94.6,1,0,0,0,9910.0
1.6,19120.0,Sedan,Diesel,86.8,3358.0,31.8,12.34,82.8,54.6,26.1,1,2339.0,47.4,8,10,3.3,63.5,0,0,0,1,4582.0
3.9,38331.0,SUV,Hybrid,88.2,1917.0,74.2,12.53,90.5,68.1,34.2,3,1472.0,25.0,2,3,1.3,70.1,0,0,0,0,3575.0
10.1,58754.0,Sedan,Hybrid,114.8,2067.0,49.1,10.96,78.7,29.2,34.6,7,3034.0,47.4,5,3,6.0,8.0,1,1,0,0,758.0
3.9,42974.0,Sedan,Diesel,112.9,3069.0,56.7,12.18,84.1,83.0,33.8,3,1133.0,74.6,8,7,2.4,27.7,1,0,1,1,732.0
2.1,17013.0,Sedan,Hybrid,97.4,2375.0,36.1,12.08,75.2,25.2,27.9,1,3448.0,59.7,1,0,5.5,60.7,0,0,0,0,4981.0
2.4,28967.0,SUV,Petrol,96.0,2419.0,54.6,12.33,88.6,72.2,30.0,3,2814.0,37.3,8,8,4.8,61.0,0,0,1,1,2359.0
2.5,45568.0,Sedan,Petrol,94.2,2804.0,39.4,12.42,51.6,6.6,27.3,4,9205.0,64.5,4,5,1.9,65.7,0,0,0,0,1954.0
8.6,70112.0,SUV,Hybrid,97.0,2020.0,45.2,12.42,63.6,53.9,29.4,3,6541.0,36.5,2,2,1.0,50.4,0,1,0,0,2946.0
9.7,154518.0,SUV,Petrol,86.8,2651.0,68.4,12.12,45.3,46.5,34.1,14,7876.0,55.8,5,1,4.4,47.7,1,1,0,0,1818.0
1.3,27733.0,SUV,Petrol,95.3,2745.0,72.8,11.64,67.2,76.6,36.7,2,4785.0,55.9,8,5,4.9,39.7,0,1,1,1,1305.0
1.7,18282.0,SUV,Diesel,93.8,2363.0,60.2,12.66,31.3,55.3,28.3,1,12865.0,46.9,6,2,4.1,47.0,1,0,0,0,260.0
1.9,36474.0,Hatchback,Petrol,86.4,2787.0,60.8,12.44,77.6,62.1,28.4,3,3237.0,66.6,3,3,2.0,63.1,0,0,0,0,3661.0
2.6,32025.0,Sedan,Hybrid,88.6,3209.0,70.0,12.19,74.5,60.6,27.0,3,3746.0,62.6,5,4,10.0,51.2,0,0,0,0,3252.0
10.8,201184.0,SUV,Petrol,90.9,2457.0,78.2,12.2,81.4,58.3,31.3,15,1061.0,41.1,6,5,3.3,58.7,0,1,0,0,3856.0
10.0,153442.0,Sedan,Petrol,90.8,2342.0,34.0,11.66,5.0,32.2,20.1,13,24000.0,47.9,4,2,1.0,8.0,1,1,0,1,150.0
3.7,41115.0,Sedan,Petrol,91.3,2448.0,15.0,12.36,81.0,60.7,32.9,3,4311.0,40.0,2,0,6.1,70.7,0,0,0,1,4368.0
2.8,11540.0,SUV,Diesel,89.0,2477.0,66.5,13.01,11.6,34.2,31.1,1,16474.0,44.0,5,7,2.1,47.9,1,0,0,0,150.0
0.8,5000.0,SUV,Petrol,97.4,2699.0,57.9,12.95,35.7,19.0,31.7,2,12849.0,61.1,3,1,5.1,63.0,0,0,0,0,150.0
4.2,63768.0,Hatchback,Diesel,86.6,2717.0,40.9,12.55,80.8,33.8,35.1,5,2351.0,51.8,2,2,1.9,70.9,0,0,0,0,6937.0
3.9,72428.0,SUV,Hybrid,86.7,3082.0,51.6,12.25,66.1,48.6,37.0,6,4922.0,66.4,1,3,3.4,59.7,0,1,0,0,4152.0
1.6,15032.0,Coupe,Electric,63.3,2169.0,55.8,11.84,100.0,39.0,32.2,1,6166.0,29.9,3,2,1.5,71.8,0,0,0,0,4323.0
4.8,61592.0,Sedan,Petrol,89.0,2231.0,21.0,11.92,22.2,35.0,28.4,5,12518.0,55.9,6,2,3.2,36.8,0,1,1,1,150.0
6.4,82258.0,Sedan,Diesel,88.6,2769.0,61.2,12.58,83.8,72.6,33.8,6,1066.0,63.6,7,6,2.0,64.1,0,0,1,1,2783.0
1.6,24920.0,Sedan,Diesel,98.2,2485.0,58.8,12.16,30.3,38.4,23.6,2,11851.0,53.4,1,0,2.9,27.3,1,0,0,1,150.0
2.7,30464.0,Sedan,Electric,66.5,2355.0,45.4,11.8,100.0,60.9,29.9,2,1172.0,32.9,7,7,2.4,59.9,0,0,1,0,3859.0
6.2,78660.0,SUV,Electric,59.0,2506.0,59.4,11.31,100.0,72.3,30.4,7,4272.0,37.3,6,5,6.2,39.0,0,1,0,0,1555.0
2.3,37911.0,SUV,Petrol,86.5,3102.0,39.4,12.39,19.5,68.4,31.1,3,13281.0,64.7,1,2,7.5,45.6,1,0,1,0,150.0
2.6,37773.0,Sedan,Diesel,89.6,2236.0,50.9,12.27,86.8,50.6,29.5,4,2130.0,44.5,0,1,2.3,66.8,0,0,0,0,5271.0
2.7,38874.0,Hatchback,Petrol,93.9,2451.0,59.7,12.73,92.6,66.4,31.8,4,708.0,41.1,7,8,6.6,74.1,0,0,0,0,4213.0
4.9,74730.0,Hatchback,Petrol,94.2,2737.0,49.6,12.65,90.7,43.9,34.3,7,718.0,47.3,1,3,9.9,77.1,0,0,0,0,6900.0
6.9,79977.0,Sedan,Petrol,114.0,2207.0,25.5,11.68,72.6,49.1,34.0,6,1761.0,48.5,2,3,1.4,24.1,1,1,0,0,1906.0
9.0,115391.0,Sedan,Diesel,87.5,2761.0,21.1,12.63,61.3,39.6,29.8,10,5462.0,68.6,4,3,3.1,58.7,0,0,0,0,4208.0
6.6,81929.0,Sedan,Diesel,88.8,2270.0,39.9,12.17,19.3,64.7,27.2,9,14919.0,27.6,7,6,2.6,27.9,1,1,0,0,196.0
3.7,68203.0,Sedan,Petrol,94.8,2288.0,42.2,12.77,52.2,44.7,28.8,6,8423.0,60.1,4,4,9.6,57.0,0,0,0,0,2076.0
5.4,80060.0,Sedan,Diesel,91.4,2724.0,51.8,12.78,31.5,52.9,35.6,8,11024.0,72.5,2,2,4.0,48.0,1,1,0,0,656.0
1.5,15669.0,SUV,Petrol,91.3,2785.0,55.5,12.29,95.8,48.8,34.4,1,2241.0,65.2,7,8,9.8,75.7,0,0,1,1,6251.0
11.6,178116.0,Sedan,Diesel,93.9,3346.0,58.0,12.01,67.0,88.2,30.2,15,3533.0,84.5,9,9,5.4,36.3,0,1,1,0,519.0
2.2,20502.0,SUV,Petrol,95.5,2577.0,68.8,11.83,72.0,43.7,32.2,2,5230.0,45.6,5,4,5.8,55.2,0,0,0,0,3801.0
5.2,90686.0,Coupe,Petrol,88.7,2708.0,45.3,11.96,72.9,16.8,31.3,8,3379.0,64.5,3,2,3.4,65.9,0,1,0,0,5617.0
4.1,68883.0,Truck,Petrol,91.1,2442.0,67.2,12.23,36.0,59.5,27.1,5,9471.0,50.8,4,6,4.7,41.0,0,0,1,1,834.0
1.4,21058.0,Hatchback,Petrol,91.0,2375.0,36.2,12.13,5.0,42.0,28.8,3,23273.0,44.7,4,4,4.4,23.8,1,0,0,1,150.0
2.2,32544.0,Sedan,Diesel,87.6,2208.0,25.1,11.95,50.7,56.5,28.7,1,9929.0,25.0,1,1,4.7,39.8,0,1,0,0,1074.0
7.2,96275.0,SUV,Petrol,108.2,2259.0,47.6,12.6,5.0,23.2,25.5,8,18705.0,45.5,2,3,1.0,8.0,1,1,0,1,150.0
3.4,32767.0,SUV,Diesel,89.3,2683.0,43.6,12.25,5.0,53.8,23.7,2,24000.0,66.9,2,2,8.6,12.3,1,0,0,1,150.0
1.9,21805.0,Sedan,Petrol,91.5,2403.0,55.7,12.5,83.4,48.7,27.1,1,2920.0,28.0,5,4,4.8,64.8,0,0,0,1,5389.0
3.1,47945.0,Sedan,Diesel,114.0,3189.0,52.4,12.65,57.9,12.7,30.6,3,6623.0,81.4,6,5,3.1,42.5,1,0,0,0,2219.0
1.9,37516.0,Truck,Hybrid,92.6,2357.0,27.6,12.85,46.2,74.0,32.1,3,9852.0,57.7,3,0,5.9,54.7,0,0,1,0,1270.0
2.6,37418.0,SUV,Petrol,88.0,2185.0,54.9,12.98,56.7,68.7,30.5,2,6672.0,36.5,5,1,3.2,58.6,0,0,0,1,2900.0
1.2,30530.0,SUV,Diesel,92.3,2556.0,31.4,12.19,61.9,67.4,31.9,3,6329.0,55.2,5,1,6.7,52.7,0,0,0,0,2589.0
3.7,74197.0,SUV,Petrol,92.1,2626.0,43.8,12.93,83.0,63.8,33.3,6,3386.0,61.6,9,6,2.3,70.7,0,0,0,0,4075.0
4.0,67191.0,SUV,Diesel,89.3,2177.0,65.2,12.43,64.9,44.8,34.3,6,5310.0,45.2,4,4,8.8,67.0,0,0,0,0,4486.0
2.6,41182.0,Sedan,Petrol,88.0,2588.0,20.5,12.5,81.4,63.7,31.4,4,3108.0,43.3,2,4,4.0,69.1,0,0,0,0,4235.0
7.1,103837.0,Sedan,Diesel,92.1,2780.0,23.2,12.14,82.6,25.2,31.9,7,2063.0,79.6,2,2,8.7,76.2,0,0,0,0,7530.0
2.7,41248.0,Sedan,Diesel,85.9,2680.0,28.9,11.74,90.6,57.2,31.2,4,3508.0,47.2,4,4,10.0,53.6,0,0,0,1,3780.0
3.4,51302.0,Sedan,Electric,56.7,2302.0,19.8,12.94,100.0,21.1,32.5,6,3714.0,50.0,3,1,2.6,83.8,0,0,0,0,6866.0
2.5,43449.0,Coupe,Diesel,86.4,2848.0,24.2,12.67,86.5,72.2,30.3,4,1413.0,70.5,2,4,1.0,66.7,0,0,1,1,2983.0
2.9,37189.0,SUV,Diesel,86.7,2096.0,53.7,12.81,72.6,79.0,33.9,1,4758.0,51.0,5,3,1.0,60.3,0,0,1,0,2088.0
5.5,68986.0,Truck,Petrol,89.6,2884.0,35.0,12.01,53.7,49.8,30.3,6,6986.0,62.7,3,4,1.4,50.2,0,1,0,0,2318.0
1.5,24890.0,Sedan,Electric,64.5,2346.0,37.4,12.33,100.0,48.1,36.4,1,1114.0,45.4,4,3,1.2,77.1,0,0,0,0,6594.0
4.7,62209.0,SUV,Hybrid,94.0,2497.0,56.1,12.38,60.9,48.1,32.8,3,5323.0,42.2,6,5,2.6,67.8,1,0,0,0,4675.0
2.3,25353.0,Sedan,Petrol,96.0,2674.0,51.0,12.63,90.4,42.9,31.7,2,998.0,57.3,6,5,6.5,75.9,0,0,0,1,6868.0
1.6,23306.0,Sedan,Hybrid,89.1,2173.0,49.2,12.6,28.1,43.3,28.8,1,13003.0,38.3,4,0,2.9,46.3,0,0,1,0,150.0
2.9,39197.0,Sedan,Petrol,83.5,2644.0,23.9,13.05,70.3,54.8,33.4,3,3816.0,57.7,4,3,4.4,77.2,0,0,0,0,5543.0
8.6,198745.0,Truck,Hybrid,89.1,2364.0,37.7,11.94,77.9,36.1,36.8,17,2211.0,39.2,2,2,5.5,60.5,1,1,0,1,6051.0
5.1,52592.0,Truck,Hybrid,96.0,2681.0,37.8,12.49,73.5,21.4,29.4,4,3481.0,57.6,2,3,5.2,65.5,0,0,0,0,5487.0
2.9,46132.0,SUV,Petrol,89.9,2452.0,63.9,12.6,53.1,21.0,34.1,4,7258.0,69.3,4,3,1.4,68.0,0,0,0,0,3104.0
2.0,24948.0,SUV,Diesel,91.4,2383.0,57.7,12.32,79.1,61.1,33.6,1,4621.0,25.0,3,2,1.7,66.7,0,0,0,0,4387.0
9.8,169468.0,Hatchback,Petrol,90.6,2503.0,37.0,11.47,50.4,52.1,32.6,15,6403.0,46.2,6,4,2.0,36.3,0,1,0,0,2005.0
4.4,74089.0,Sedan,Petrol,94.3,2185.0,23.7,12.13,62.0,55.8,32.6,7,6291.0,25.0,3,0,1.8,58.0,1,0,0,0,3215.0
3.8,66657.0,Sedan,Petrol,94.8,2433.0,41.5,11.54,53.0,36.6,28.4,6,8127.0,47.9,1,2,3.8,40.8,0,1,0,0,1527.0
5.0,77335.0,Sedan,Diesel,85.3,2214.0,54.4,11.87,5.0,49.6,29.7,6,17876.0,56.7,0,0,1.9,25.0,1,1,0,0,150.0
5.4,55110.0,Truck,Petrol,81.8,3179.0,70.8,12.91,61.3,30.1,33.5,5,7278.0,47.2,4,4,2.9,69.0,0,0,0,0,3302.0
2.7,24830.0,Coupe,Petrol,94.1,2446.0,25.9,12.35,77.6,54.8,36.7,4,1571.0,25.0,9,7,4.1,63.4,0,0,1,1,4626.0
6.0,89416.0,Sedan,Diesel,90.6,2271.0,52.5,12.04,66.6,69.5,32.2,7,4361.0,64.6,3,2,1.0,50.6,0,1,0,0,2277.0
1.3,22856.0,Hatchback,Petrol,94.1,2336.0,23.4,11.89,87.5,46.9,33.4,2,1774.0,31.6,3,4,2.2,69.9,0,0,0,0,6103.0
5.2,63345.0,Hatchback,Petrol,90.4,2511.0,34.0,12.2,95.0,41.4,34.7,5,1354.0,63.7,4,1,1.9,71.0,0,0,0,0,6757.0
2.8,54879.0,Sedan,Petrol,93.6,2347.0,33.4,12.35,40.3,25.5,30.4,4,9270.0,41.5,4,2,3.4,59.8,0,0,0,0,1631.0
7.3,131245.0,SUV,Petrol,91.0,2049.0,58.4,12.34,80.7,71.8,31.6,10,1497.0,39.8,2,4,3.8,62.4,0,1,0,0,2757.0
2.7,17878.0,SUV,Diesel,88.6,2434.0,40.0,11.26,43.3,30.5,31.6,1,10267.0,52.2,0,0,6.8,39.5,0,1,0,0,689.0
6.5,84211.0,Coupe,Petrol,89.9,2520.0,41.6,13.28,64.2,62.3,31.3,8,5204.0,66.9,5,3,6.0,62.0,0,0,0,0,3992.0
4.4,39754.0,Sedan,Electric,69.9,3257.0,27.4,11.91,100.0,72.7,33.9,2,3985.0,79.4,4,3,2.3,60.0,0,0,1,0,2493.0
14.2,280000.0,Truck,Diesel,93.9,2464.0,56.5,11.44,5.0,40.0,26.6,23,13832.0,46.3,4,3,2.7,8.0,1,1,0,1,225.0
5.8,34570.0,Sedan,Petrol,90.8,2520.0,24.6,11.48,9.7,52.9,26.7,3,15371.0,33.8,3,3,2.9,8.0,1,1,1,1,150.0
3.8,61821.0,Truck,Petrol,87.2,3288.0,57.6,11.91,84.2,70.3,35.2,6,1977.0,56.8,15,13,5.5,51.8,1,1,1,0,2678.0
1.0,14365.0,SUV,Petrol,98.2,2356.0,52.8,12.39,50.5,42.5,33.0,1,10863.0,33.3,2,1,7.3,54.5,0,0,0,0,779.0
7.0,117399.0,SUV,Diesel,92.7,2589.0,49.0,13.07,57.5,45.2,34.0,9,6453.0,62.4,2,0,4.7,64.7,0,1,0,0,3315.0
7.2,105272.0,Hatchback,Petrol,120.0,3268.0,56.9,12.05,75.7,41.5,32.5,9,4857.0,58.2,12,11,3.8,18.7,1,1,0,0,1351.0
3.0,69251.0,Hatchback,Petrol,87.1,2542.0,15.0,13.13,86.1,35.1,33.8,7,2165.0,71.0,1,1,1.0,84.0,0,0,0,0,8270.0
2.4,45217.0,Hatchback,Hybrid,90.5,2922.0,42.5,12.41,36.9,8.1,31.6,3,10946.0,66.7,4,3,3.2,66.8,0,0,0,0,881.0
6.1,49744.0,Sedan,Petrol,92.3,2389.0,28.8,12.3,25.9,14.9,23.3,5,14257.0,54.0,3,1,5.9,39.4,0,0,0,1,158.0
4.4,82982.0,Truck,Petrol,94.1,2677.0,63.1,12.23,50.8,71.1,28.9,8,8907.0,52.4,5,5,3.2,41.9,0,0,1,1,1059.0
3.3,50151.0,Sedan,Hybrid,84.0,2153.0,41.6,11.31,85.2,18.1,36.0,2,2499.0,39.6,3,4,3.2,55.6,0,1,0,0,5177.0
4.9,82411.0,SUV,Diesel,84.1,2171.0,69.1,11.91,91.5,68.2,34.9,6,879.0,39.3,5,5,1.1,57.7,0,0,0,0,3091.0
3.0,39480.0,SUV,Petrol,88.9,2443.0,50.0,12.21,75.9,76.4,27.4,2,4638.0,51.4,2,1,7.6,49.7,0,0,0,1,2125.0
7.2,81721.0,SUV,Diesel,93.7,2871.0,73.2,12.5,81.4,81.9,32.3,7,2431.0,36.9,7,8,1.2,59.7,0,1,1,1,1843.0
3.1,27501.0,SUV,Petrol,88.8,2374.0,54.7,12.61,87.0,56.4,30.5,2,3123.0,48.3,5,1,7.7,64.9,0,0,0,0,4613.0
6.1,104118.0,Coupe,Diesel,91.0,2992.0,26.5,11.24,72.8,19.4,33.2,8,3004.0,45.4,2,5,3.8,52.9,0,1,0,0,4775.0
3.8,63233.0,Sedan,Diesel,91.7,2713.0,29.8,13.04,83.3,30.9,33.6,6,1940.0,60.3,1,2,9.1,79.2,0,0,0,0,8211.0
4.6,51424.0,Truck,Hybrid,88.2,2873.0,53.8,12.06,5.0,40.5,22.0,4,24000.0,51.7,13,11,5.5,15.0,1,0,1,1,286.0
9.6,53903.0,SUV,Electric,72.0,3141.0,56.6,11.37,100.0,31.0,34.3,5,12980.0,65.9,5,4,6.0,48.7,0,1,0,1,150.0
2.7,49252.0,Sedan,Electric,69.6,2926.0,52.8,11.98,100.0,5.0,30.4,3,961.0,47.8,3,5,3.0,85.2,0,0,0,0,9482.0
5.9,43823.0,Sedan,Electric,61.8,2067.0,48.5,12.4,100.0,67.0,30.5,3,12258.0,35.6,4,4,3.3,58.9,0,0,0,0,329.0
8.4,182609.0,Hatchback,Diesel,108.1,2597.0,47.6,12.37,80.5,16.7,34.4,17,565.0,59.7,4,2,3.0,59.5,1,1,0,0,6629.0
5.8,47273.0,Hatchback,Petrol,111.8,2802.0,33.8,11.6,29.4,24.6,31.8,3,12014.0,50.3,6,6,1.9,8.9,1,1,0,1,150.0
7.4,101288.0,Hatchback,Diesel,92.2,2604.0,49.4,11.09,71.9,18.1,33.2,9,1808.0,48.2,2,1,3.9,54.2,0,1,0,0,5256.0
4.1,61985.0,Coupe,Diesel,92.4,2595.0,40.8,12.21,67.2,27.1,32.5,4,4513.0,46.1,2,2,1.6,66.9,0,0,0,0,5283.0
5.6,88181.0,Sedan,Hybrid,93.8,2560.0,50.7,12.63,81.2,64.4,27.2,7,2895.0,51.8,1,4,2.2,59.5,0,1,0,1,3517.0
6.5,97545.0,SUV,Petrol,99.0,2481.0,37.5,12.57,54.5,29.0,29.3,9,6010.0,48.2,6,4,2.2,46.0,0,0,0,1,2481.0
3.8,51362.0,Truck,Electric,57.5,2574.0,59.0,12.54,100.0,30.3,36.8,3,4243.0,59.2,4,2,2.3,72.9,0,0,0,0,5626.0
12.7,161603.0,SUV,Hybrid,94.9,2496.0,47.1,12.24,80.8,47.9,30.2,14,635.0,62.4,2,3,2.0,59.0,0,1,0,0,4928.0
2.2,36329.0,SUV,Electric,65.0,2156.0,39.2,12.65,100.0,73.5,28.5,3,9441.0,46.8,4,3,1.0,59.1,0,0,0,1,1541.0
1.9,26761.0,SUV,Hybrid,92.7,2934.0,60.6,12.32,82.5,49.3,27.4,3,4670.0,80.0,0,1,1.6,63.9,0,0,0,1,4621.0
9.0,137588.0,SUV,Petrol,90.1,2562.0,48.5,12.28,83.4,26.9,33.2,10,1932.0,44.0,3,2,4.5,78.7,0,1,0,0,7749.0
8.2,61978.0,SUV,Petrol,90.9,3002.0,60.8,12.46,65.7,42.3,30.1,5,6282.0,52.3,5,3,2.6,60.9,0,1,0,0,3796.0
2.4,40375.0,Sedan,Petrol,92.2,2319.0,31.9,11.67,100.0,67.6,31.6,3,1717.0,29.3,5,7,2.8,57.5,0,0,1,1,2918.0
7.4,106198.0,SUV,Petrol,95.4,2677.0,79.6,11.48,54.1,43.2,29.5,8,5497.0,50.5,4,4,7.3,38.5,0,1,0,0,2619.0
4.9,81082.0,SUV,Diesel,91.3,2507.0,53.8,11.88,80.2,62.8,33.3,7,4053.0,49.2,2,4,9.7,54.2,0,0,0,0,3035.0
3.9,47152.0,SUV,Hybrid,91.3,2424.0,47.2,11.97,56.4,10.2,33.8,3,5371.0,51.3,1,1,8.2,63.5,0,0,0,0,4102.0
2.3,33204.0,Sedan,Hybrid,92.8,2611.0,53.1,12.48,57.9,53.4,31.2,4,5942.0,65.7,6,4,7.7,59.6,0,0,1,0,3477.0
3.5,55398.0,Truck,Diesel,95.0,2808.0,52.6,12.29,98.4,31.3,29.5,3,676.0,75.5,5,2,5.3,74.1,0,0,0,0,8436.0
2.1,22355.0,Sedan,Petrol,85.9,3001.0,76.8,12.84,61.8,31.9,31.3,3,6992.0,67.5,1,1,6.6,69.9,0,0,0,0,3456.0
3.2,55510.0,SUV,Petrol,92.5,2344.0,66.8,12.35,66.9,30.1,36.6,3,2714.0,50.6,2,1,6.9,67.4,0,0,0,0,6331.0
2.0,13466.0,Truck,Petrol,86.2,2739.0,49.5,12.87,78.1,35.0,30.6,1,3096.0,54.8,3,4,7.1,73.5,0,0,0,0,6444.0
1.5,29731.0,SUV,Petrol,96.7,2711.0,56.1,11.6,37.4,69.6,33.8,3,10058.0,73.3,4,4,1.5,28.4,0,1,0,0,564.0
7.5,81627.0,Sedan,Diesel,92.9,2160.0,43.6,11.27,89.0,72.8,33.0,7,1701.0,38.0,7,6,3.0,40.6,0,1,1,1,2018.0
3.4,53659.0,Truck,Petrol,96.4,2562.0,40.1,12.26,81.4,29.2,31.5,3,3084.0,63.0,2,1,3.8,66.8,0,0,0,0,6212.0
4.7,53479.0,SUV,Petrol,97.1,2934.0,70.6,12.3,94.3,43.5,31.2,7,858.0,39.6,7,4,1.2,71.8,0,0,0,0,6638.0
2.6,23034.0,Truck,Petrol,90.8,2592.0,50.0,11.36,5.0,58.8,27.4,1,22326.0,68.0,4,4,1.0,8.0,1,1,1,1,150.0
3.3,66403.0,Truck,Diesel,110.1,2205.0,49.8,11.0,80.8,44.9,31.0,5,2073.0,50.1,2,1,4.1,18.1,1,1,0,0,1516.0
2.0,27999.0,SUV,Diesel,97.1,2193.0,57.0,12.79,24.6,64.4,27.9,2,13997.0,39.7,3,3,1.8,35.2,1,0,1,1,150.0
9.1,118568.0,SUV,Diesel,92.9,2990.0,45.0,11.47,58.1,66.9,29.7,9,6398.0,42.8,5,5,4.5,28.6,0,1,1,0,1447.0
0.8,12895.0,Sedan,Petrol,89.8,2751.0,42.9,12.84,82.9,17.2,30.9,3,4051.0,45.0,3,3,4.6,83.4,0,0,0,1,6563.0
6.3,85041.0,Sedan,Electric,61.6,2832.0,33.6,12.66,100.0,53.7,29.1,6,6055.0,65.3,3,2,3.0,68.3,0,1,0,0,4012.0
2.6,42760.0,SUV,Petrol,87.3,3303.0,51.9,12.51,57.2,78.4,32.5,3,5848.0,70.8,7,7,3.1,56.0,0,0,1,0,1861.0
2.0,22119.0,SUV,Diesel,97.4,2673.0,51.7,12.31,65.5,53.0,31.2,1,6307.0,46.4,6,2,2.3,56.0,0,0,0,0,3023.0
1.4,20987.0,SUV,Diesel,94.1,2971.0,56.0,12.24,90.4,70.3,29.4,3,3088.0,39.8,16,16,1.3,65.6,0,0,1,1,2994.0
4.1,35916.0,Sedan,Diesel,90.8,2787.0,21.6,11.76,9.0,71.0,26.3,4,14467.0,80.4,4,3,4.2,12.3,1,1,1,1,150.0
5.8,80459.0,Sedan,Electric,61.0,2954.0,42.5,12.49,100.0,58.2,26.3,7,10244.0,63.5,3,3,3.1,57.2,0,0,0,1,745.0
5.5,74154.0,SUV,Petrol,106.3,2321.0,24.5,12.36,5.0,55.6,28.0,7,24000.0,41.1,2,0,1.5,8.0,1,0,0,0,150.0
2.9,41461.0,Sedan,Diesel,90.3,2390.0,15.0,11.86,30.8,57.4,29.7,5,12075.0,57.0,2,3,2.8,33.1,1,0,0,0,150.0
3.3,44711.0,Truck,Petrol,88.5,2620.0,54.9,11.61,84.4,83.5,31.9,3,3329.0,46.2,4,3,6.1,44.2,0,1,1,0,1240.0
1.9,30682.0,Sedan,Diesel,88.5,2218.0,37.4,12.95,75.4,45.0,31.3,3,2887.0,34.0,2,2,1.0,77.1,0,0,0,0,6674.0
2.2,41247.0,SUV,Petrol,93.0,2695.0,55.9,12.34,70.8,80.7,31.0,3,4486.0,47.7,5,1,3.4,54.3,0,0,1,0,1553.0
7.5,122656.0,Hatchback,Petrol,95.7,1997.0,46.8,12.39,82.9,42.1,33.6,10,801.0,32.8,1,1,1.4,74.4,0,1,0,0,6920.0
1.0,17399.0,Sedan,Diesel,90.2,2711.0,18.3,12.33,82.4,28.8,33.9,1,3648.0,45.3,0,5,2.8,77.2,0,0,0,0,6520.0
0.9,17679.0,SUV,Diesel,88.3,2489.0,46.2,11.91,97.2,48.2,36.4,1,617.0,46.6,5,2,1.0,65.3,0,0,1,0,5587.0
2.4,17264.0,Sedan,Petrol,95.3,2423.0,33.4,12.38,96.0,21.9,35.1,1,1627.0,44.4,0,1,1.0,82.5,0,0,0,0,8425.0
9.0,201731.0,SUV,Diesel,91.8,2827.0,58.9,12.67,75.0,55.3,33.6,18,2848.0,64.8,6,4,1.0,63.5,0,1,0,0,4594.0
3.8,50602.0,SUV,Diesel,82.6,2714.0,59.5,12.32,64.4,25.4,24.6,3,7105.0,57.7,3,6,9.0,54.4,1,0,0,1,2719.0
12.7,166540.0,SUV,Petrol,88.7,2803.0,53.5,11.69,5.0,76.5,26.0,15,24000.0,43.1,7,8,4.0,8.0,1,1,1,1,158.0
3.0,38178.0,SUV,Diesel,93.4,2638.0,54.1,12.55,97.9,70.3,36.6,2,1546.0,56.5,2,2,1.7,68.6,0,0,1,0,3262.0
5.6,66355.0,Hatchback,Diesel,88.3,2852.0,37.9,12.62,79.4,45.9,34.3,6,1079.0,70.3,6,4,1.8,73.6,0,0,0,0,6204.0
6.9,78459.0,Sedan,Diesel,91.7,2676.0,28.6,12.43,9.6,64.7,27.8,6,17228.0,40.4,4,2,5.2,28.2,1,0,1,0,300.0
11.5,178568.0,Sedan,Petrol,86.5,1957.0,40.2,12.53,56.0,64.8,27.4,14,4866.0,33.6,4,2,4.6,43.2,0,1,1,1,2627.0
2.5,34170.0,Hatchback,Petrol,107.0,2523.0,15.0,11.25,68.9,56.9,29.0,2,6557.0,36.8,2,3,3.2,13.7,1,1,0,0,648.0
3.8,58549.0,SUV,Diesel,87.2,2723.0,58.1,11.7,99.2,38.0,28.4,6,536.0,57.3,5,4,7.7,61.8,0,0,0,0,6068.0
3.3,21460.0,Hatchback,Electric,71.5,2845.0,55.7,11.69,100.0,31.2,30.7,1,2969.0,72.9,1,1,1.8,66.7,0,0,0,0,6103.0
5.9,78049.0,SUV,Diesel,88.5,2852.0,50.2,11.58,65.6,76.6,29.8,7,4970.0,63.9,6,3,1.0,36.7,0,1,1,0,1446.0
8.5,83611.0,Hatchback,Petrol,95.0,2895.0,64.3,11.67,74.4,63.8,32.5,7,2354.0,70.0,1,2,7.4,44.9,0,1,0,0,2747.0
8.4,96231.0,SUV,Diesel,93.2,2094.0,60.8,12.35,27.4,16.5,29.4,9,11044.0,25.0,1,2,2.3,54.4,1,1,0,1,413.0
2.5,40522.0,Truck,Hybrid,99.7,2211.0,71.1,11.91,63.5,62.8,31.1,2,6467.0,40.3,3,2,1.0,42.0,0,0,0,0,2386.0
2.2,26188.0,Hatchback,Petrol,89.1,2490.0,45.0,12.23,5.0,48.0,26.9,1,20607.0,36.4,6,3,3.3,26.2,1,0,0,1,217.0
5.5,70344.0,SUV,Electric,68.9,3066.0,61.8,10.97,100.0,59.9,33.6,5,8169.0,59.8,5,4,3.7,39.4,1,1,0,0,1473.0
1.8,17040.0,Sedan,Electric,65.2,2384.0,40.5,12.73,100.0,29.0,39.5,2,1484.0,49.2,2,1,3.2,74.6,0,0,0,1,8042.0
6.0,76291.0,Sedan,Petrol,96.0,1982.0,21.6,12.74,67.1,52.3,33.0,7,5205.0,25.0,3,3,7.1,61.4,0,0,0,0,4161.0
3.8,47107.0,Sedan,Electric,61.5,2749.0,15.0,12.7,100.0,5.0,35.6,5,1489.0,62.6,2,0,9.4,91.2,0,0,0,0,9786.0
7.7,66771.0,Sedan,Petrol,92.0,2457.0,35.9,11.72,32.2,35.5,29.2,7,13221.0,68.4,2,1,2.3,36.1,0,1,0,0,150.0
7.0,107433.0,Sedan,Hybrid,104.8,2974.0,33.2,12.31,80.1,34.3,32.1,10,3009.0,80.1,5,3,5.6,55.8,1,0,0,0,5091.0
4.1,45810.0,SUV,Petrol,110.8,2426.0,49.2,12.24,70.1,30.1,31.9,3,4139.0,54.3,4,5,2.5,41.2,1,0,0,0,3629.0
1.7,14377.0,SUV,Petrol,80.8,2636.0,40.0,12.42,22.5,45.5,29.4,1,13716.0,60.7,5,4,7.3,47.7,1,0,0,0,150.0
1.8,33664.0,SUV,Diesel,92.3,2364.0,67.7,12.45,90.1,70.0,32.6,2,2398.0,36.0,5,3,1.2,67.6,0,0,0,1,3287.0
3.9,57232.0,SUV,Hybrid,87.7,2389.0,45.2,11.2,73.3,44.1,33.9,5,4404.0,29.0,8,7,3.6,47.3,0,1,0,0,3625.0
5.0,47534.0,Sedan,Petrol,89.8,2916.0,28.8,12.08,36.9,17.2,30.8,5,10391.0,69.4,8,5,4.8,54.9,1,0,1,1,1238.0
3.1,44149.0,Sedan,Diesel,88.2,2731.0,40.9,12.26,96.5,68.2,34.5,3,845.0,59.7,4,3,4.9,68.6,0,0,1,1,3364.0
2.0,31462.0,Sedan,Petrol,92.8,3001.0,59.8,12.22,87.6,78.2,29.6,4,2513.0,69.5,14,11,2.4,62.3,1,0,1,1,2291.0
3.1,39781.0,SUV,Petrol,90.7,2423.0,65.4,12.77,91.8,70.2,31.2,3,1162.0,48.4,1,4,3.0,65.8,0,0,0,0,3117.0
7.7,98769.0,Sedan,Petrol,96.5,3363.0,34.2,11.26,34.3,27.0,30.8,8,9284.0,85.2,5,5,4.6,24.4,0,1,1,1,428.0
3.1,60268.0,Sedan,Diesel,88.6,2732.0,41.1,12.77,82.2,39.1,29.1,4,1432.0,56.4,10,7,3.6,71.7,0,0,0,1,7067.0
2.6,33669.0,SUV,Petrol,92.2,2461.0,73.3,12.82,5.0,66.5,22.1,3,21130.0,41.4,3,2,3.5,18.1,1,0,1,1,150.0
1.7,23921.0,Hatchback,Petrol,90.7,2072.0,52.1,12.96,68.6,41.9,33.0,2,3512.0,47.5,2,1,2.4,78.8,0,0,0,0,6672.0
3.6,36654.0,Sedan,Petrol,90.3,2738.0,50.9,11.95,65.3,52.5,35.4,3,5296.0,29.5,1,3,1.6,56.1,0,0,0,1,3840.0
7.0,94106.0,SUV,Petrol,91.2,2515.0,59.0,12.34,81.3,22.2,31.3,7,2036.0,38.8,1,3,6.4,74.8,0,0,0,0,7594.0
7.2,93581.0,Truck,Diesel,97.6,1853.0,53.2,11.8,27.2,14.9,26.5,9,12454.0,46.6,2,0,1.5,33.5,1,1,1,1,150.0
2.2,38532.0,Truck,Electric,62.0,2612.0,79.3,13.1,100.0,67.4,32.2,3,2175.0,73.7,3,4,7.1,76.7,0,0,0,0,4274.0
4.1,54930.0,Hatchback,Petrol,110.2,2278.0,52.3,12.58,69.3,19.8,30.9,5,4651.0,51.1,1,1,8.0,45.9,1,0,0,0,3471.0
2.4,31315.0,Sedan,Electric,54.3,3079.0,40.3,12.28,100.0,43.4,20.6,3,22348.0,67.2,0,1,5.5,36.4,0,0,0,1,150.0
3.0,30929.0,Sedan,Diesel,88.4,3218.0,49.9,12.31,72.3,60.3,29.7,2,4559.0,50.6,4,4,2.5,63.5,0,0,0,1,4265.0
3.6,30554.0,Hatchback,Diesel,92.0,2519.0,37.4,12.69,72.9,53.5,29.1,3,4952.0,37.6,5,3,1.0,59.3,0,0,0,0,4428.0
2.7,51803.0,SUV,Diesel,98.4,3014.0,36.7,12.3,19.8,38.0,32.3,4,13337.0,59.6,4,5,4.9,43.1,1,0,0,0,150.0
0.5,10597.0,SUV,Hybrid,90.6,2955.0,46.1,12.05,16.4,38.7,28.1,2,14872.0,40.2,7,8,1.2,40.0,1,0,1,1,169.0
9.1,158771.0,Truck,Petrol,93.0,2127.0,47.3,12.31,47.0,55.7,26.3,12,8338.0,46.4,4,1,2.0,41.1,0,1,0,1,1395.0
2.5,39622.0,Truck,Diesel,88.6,2837.0,47.3,12.87,96.5,71.1,31.4,2,549.0,80.4,1,2,2.3,74.9,0,0,0,0,3602.0
2.4,41705.0,Hatchback,Diesel,91.7,2639.0,31.7,12.42,44.8,66.7,28.9,5,8764.0,60.5,3,3,1.6,48.8,0,0,0,0,1871.0
2.2,34480.0,Coupe,Diesel,92.6,2677.0,30.7,12.72,50.2,50.6,28.3,3,9323.0,40.5,0,1,1.9,56.4,0,0,0,0,1541.0
1.3,27151.0,Truck,Hybrid,84.5,3161.0,69.3,12.29,79.2,54.8,31.3,2,3252.0,62.2,5,2,3.6,63.6,0,0,0,0,4634.0
9.2,145108.0,Sedan,Petrol,92.3,2866.0,60.8,12.2,55.2,21.7,34.4,12,6993.0,38.9,1,1,10.0,61.1,0,1,0,0,2860.0
3.7,52962.0,Hatchback,Diesel,89.7,2389.0,56.1,12.42,70.4,10.7,32.4,4,2449.0,27.4,4,3,4.6,84.2,0,0,0,0,7864.0
5.0,74862.0,Sedan,Diesel,98.9,2794.0,15.0,12.21,82.3,44.3,31.9,6,2966.0,67.3,3,2,6.4,64.1,0,1,0,0,5782.0
4.6,77440.0,Sedan,Petrol,92.3,2362.0,50.9,11.23,79.7,47.2,33.6,7,3281.0,56.1,0,0,2.2,44.8,0,1,0,0,3525.0
2.7,30064.0,Hatchback,Petrol,87.8,2450.0,47.6,12.18,25.5,42.5,28.4,2,13633.0,49.2,4,1,10.0,42.3,0,0,0,0,150.0
3.7,70713.0,Sedan,Diesel,84.2,2456.0,38.4,12.15,5.0,48.5,25.7,5,17616.0,28.7,3,1,9.3,24.6,1,0,1,1,150.0
5.7,86012.0,Sedan,Hybrid,91.3,2925.0,37.6,12.14,50.1,78.1,29.6,7,8721.0,47.6,10,7,2.5,38.0,0,0,1,1,1075.0
1.4,28525.0,Sedan,Diesel,96.7,2999.0,41.5,12.44,90.7,56.7,31.4,2,1745.0,54.7,8,9,9.7,72.9,0,0,0,1,4959.0
3.0,60283.0,Hatchback,Hybrid,89.1,2197.0,53.1,12.47,48.3,37.0,33.4,4,8261.0,35.7,4,4,1.8,66.8,0,0,0,0,2472.0
3.3,36790.0,SUV,Petrol,92.8,3140.0,60.6,12.46,87.1,83.2,33.4,2,2319.0,52.6,7,5,2.9,66.5,0,0,1,1,1926.0
2.6,34754.0,Truck,Petrol,94.5,2983.0,69.8,12.4,86.1,82.3,38.5,3,1400.0,73.7,9,4,3.1,53.9,0,0,1,1,1847.0
2.6,13365.0,Sedan,Petrol,94.3,2603.0,49.4,12.44,61.5,28.2,30.9,2,5043.0,55.2,3,2,2.4,73.8,0,0,0,0,5104.0
4.2,52199.0,Truck,Petrol,91.5,2927.0,72.5,12.07,9.0,36.4,28.7,6,15547.0,60.2,3,4,1.0,35.1,1,1,1,0,150.0
7.9,115855.0,Truck,Petrol,88.9,2235.0,60.4,12.27,76.7,69.3,34.2,10,3400.0,45.8,6,1,1.0,55.1,0,1,1,0,2765.0
4.9,87344.0,Sedan,Petrol,90.5,2289.0,28.4,11.79,55.2,61.5,29.1,8,7087.0,37.3,5,5,2.7,44.0,0,0,0,1,1821.0
2.2,35779.0,SUV,Diesel,87.2,2282.0,33.6,12.1,47.4,70.9,30.2,3,9411.0,44.1,3,1,6.7,40.1,0,0,1,0,1311.0
14.2,216743.0,Sedan,Diesel,87.7,2574.0,49.8,11.57,8.2,65.5,30.4,18,12637.0,66.8,5,5,3.1,11.6,1,1,0,1,150.0
8.0,96780.0,Coupe,Petrol,95.5,2706.0,50.0,12.0,89.6,7.9,37.9,8,677.0,50.6,2,6,2.0,63.8,0,1,0,1,7473.0
2.8,34292.0,SUV,Petrol,106.9,1882.0,44.6,12.53,71.2,58.1,31.8,3,4964.0,49.2,1,0,5.6,44.1,0,0,0,0,2992.0
8.0,101254.0,Hatchback,Petrol,92.7,2489.0,45.8,12.26,15.0,43.5,31.3,9,15206.0,44.9,8,6,4.8,36.2,1,1,0,1,150.0
4.2,62307.0,Sedan,Diesel,107.9,1988.0,37.3,12.46,87.8,39.9,30.2,5,2657.0,34.2,7,6,4.0,54.9,1,0,0,0,5225.0
1.7,33904.0,Truck,Petrol,96.3,2814.0,50.1,12.76,93.9,75.9,31.5,2,902.0,71.1,7,5,1.9,68.7,0,0,1,0,2481.0
7.5,109303.0,Truck,Petrol,113.5,2516.0,38.0,11.53,77.5,49.7,30.8,8,3419.0,49.1,5,4,3.4,17.8,1,1,0,0,1733.0
2.2,22630.0,Truck,Electric,67.2,2763.0,54.9,12.1,100.0,51.4,35.1,2,8569.0,44.6,5,3,1.0,64.4,0,0,0,0,2205.0
5.0,72900.0,Coupe,Hybrid,109.2,2554.0,32.6,12.34,5.0,48.1,27.7,6,24000.0,53.1,2,1,6.9,8.0,1,1,0,0,150.0
4.1,71022.0,SUV,Petrol,88.6,2321.0,59.7,12.05,65.2,60.5,32.5,4,5785.0,44.6,1,4,4.9,54.5,0,1,0,0,3725.0
5.3,53301.0,Sedan,Petrol,89.0,2515.0,19.4,11.32,5.0,14.7,30.0,3,17764.0,56.4,1,3,2.2,27.4,1,1,0,0,158.0
9.6,168410.0,Truck,Petrol,95.6,2847.0,62.4,12.27,5.0,65.4,23.5,14,18200.0,42.4,3,4,3.6,11.9,1,1,0,1,150.0
3.7,48662.0,Truck,Hybrid,94.8,2262.0,47.4,12.33,36.6,19.6,28.7,3,11366.0,53.7,1,2,2.7,58.2,0,0,0,1,562.0
1.7,14026.0,SUV,Diesel,92.9,3040.0,40.8,12.7,68.5,36.5,32.6,1,4227.0,51.3,4,2,3.5,80.8,0,0,0,0,5996.0
2.4,22330.0,Sedan,Petrol,82.8,2976.0,35.1,12.45,46.4,34.7,27.8,1,8919.0,78.0,1,3,10.0,54.5,0,0,0,0,1775.0
1.6,24470.0,SUV,Diesel,96.6,2555.0,35.2,11.95,5.0,50.8,22.8,2,16744.0,78.7,2,3,7.0,9.5,1,0,0,1,150.0
1.3,26405.0,Sedan,Petrol,89.1,2522.0,38.5,12.36,17.1,47.4,26.0,3,12791.0,63.0,6,5,5.9,36.4,0,0,0,1,274.0
7.0,103205.0,SUV,Petrol,106.4,2618.0,53.5,12.47,63.8,32.3,32.2,10,5795.0,50.8,2,0,5.9,50.3,1,0,0,0,3115.0
4.0,43920.0,SUV,Petrol,90.7,2743.0,52.9,12.54,17.0,79.3,30.2,2,14315.0,63.2,1,0,7.4,33.5,1,0,1,0,150.0
3.4,53762.0,Truck,Diesel,86.7,2841.0,60.7,12.03,32.4,18.6,29.0,3,12333.0,62.8,2,4,7.5,46.6,1,0,0,0,150.0
2.8,47838.0,Sedan,Petrol,96.4,2374.0,31.2,12.27,87.4,8.4,29.9,4,1298.0,45.4,1,0,5.3,78.5,0,0,0,0,8377.0
6.0,104762.0,SUV,Petrol,92.2,2481.0,67.8,12.36,75.2,42.3,30.7,10,2555.0,28.9,11,8,3.3,65.8,0,1,0,1,6076.0
8.6,86202.0,Sedan,Petrol,94.3,2090.0,44.4,11.99,24.3,64.9,29.2,7,12353.0,25.4,4,4,1.5,30.5,1,1,0,0,150.0
2.1,44044.0,Sedan,Petrol,88.4,2591.0,49.4,12.34,47.1,74.9,29.6,5,9812.0,50.3,1,2,4.3,39.1,0,0,1,0,870.0
4.9,74196.0,Truck,Hybrid,95.4,2788.0,72.7,12.42,80.8,57.1,40.4,6,3544.0,44.9,0,1,3.0,51.9,0,0,0,1,3698.0
6.7,133158.0,Hatchback,Petrol,97.2,2460.0,21.8,12.9,57.4,65.7,32.5,10,5277.0,44.4,2,3,1.6,52.6,0,1,0,0,3094.0
4.3,65979.0,SUV,Petrol,86.4,2624.0,52.2,11.55,5.0,41.4,24.3,6,24000.0,40.7,3,6,3.6,8.0,1,1,0,1,219.0
5.8,95393.0,Truck,Diesel,87.0,2898.0,49.2,11.61,82.8,45.7,32.9,7,3544.0,40.1,11,8,1.1,55.8,0,1,1,1,4661.0
1.7,10339.0,Hatchback,Hybrid,88.3,2449.0,64.5,12.17,89.6,18.4,37.7,1,2032.0,61.2,5,1,2.5,83.1,0,0,0,0,8506.0
8.7,152634.0,Hatchback,Hybrid,95.2,2383.0,48.4,10.8,46.4,36.5,29.2,13,7777.0,25.0,5,4,6.0,19.1,0,1,0,1,768.0
6.1,70141.0,Sedan,Diesel,92.2,2857.0,43.8,10.87,90.6,40.3,33.8,6,1650.0,60.2,1,3,3.3,42.9,0,1,0,0,3991.0
5.2,81579.0,Coupe,Petrol,91.2,2374.0,55.6,12.26,89.5,61.5,34.7,7,1085.0,48.1,5,4,4.9,67.6,0,0,0,0,3954.0
6.4,84570.0,SUV,Diesel,93.0,2387.0,52.9,12.35,15.1,72.8,28.2,7,14138.0,72.2,4,1,4.8,28.6,1,1,1,1,150.0
3.1,39640.0,Sedan,Diesel,99.2,2412.0,43.6,12.58,18.6,63.3,28.6,5,14137.0,55.7,3,0,3.1,29.0,1,0,0,1,150.0
1.9,34319.0,Sedan,Petrol,84.5,2616.0,37.3,12.78,40.1,55.9,24.8,4,9910.0,27.7,3,6,5.4,44.0,0,0,0,1,732.0
1.6,19679.0,SUV,Electric,68.5,1832.0,37.2,12.92,100.0,34.3,35.3,3,514.0,25.8,3,2,3.4,86.2,0,0,0,0,8956.0
1.4,25009.0,Sedan,Petrol,79.2,2473.0,52.0,11.76,91.1,63.3,32.5,1,1909.0,36.0,5,4,1.3,57.2,0,0,0,0,3586.0
4.9,59563.0,Sedan,Electric,58.2,2737.0,32.1,11.18,100.0,45.5,29.9,7,10617.0,55.7,10,7,3.0,37.8,0,1,0,0,405.0
2.9,36988.0,Sedan,Hybrid,95.8,2215.0,49.4,13.01,37.1,64.4,27.6,4,11091.0,28.0,2,3,9.9,40.7,0,0,1,0,414.0
8.4,181062.0,Hatchback,Diesel,90.3,2562.0,51.8,12.31,67.5,10.7,35.9,17,4712.0,53.5,4,1,1.8,70.6,0,1,0,0,5108.0
7.4,103630.0,Hatchback,Electric,58.9,2208.0,15.0,11.29,100.0,30.3,25.1,8,12234.0,61.8,0,2,9.5,35.2,0,1,0,0,150.0
6.0,84751.0,Sedan,Diesel,85.4,2723.0,52.1,11.51,22.7,61.3,25.4,7,12924.0,44.6,1,2,1.0,14.1,0,1,0,0,150.0
5.3,76673.0,Hatchback,Petrol,93.4,2187.0,43.5,11.87,27.0,52.3,29.8,7,11349.0,39.6,2,3,1.0,36.1,0,1,0,0,447.0
2.4,23117.0,Hatchback,Petrol,101.3,2326.0,28.8,12.76,48.8,50.6,30.4,1,9601.0,25.0,3,3,1.7,48.9,0,0,0,0,957.0
2.7,33865.0,Truck,Petrol,90.0,2988.0,33.5,12.27,38.8,64.8,26.2,4,11674.0,73.1,3,3,1.2,40.0,0,0,0,1,161.0
2.4,52638.0,Sedan,Petrol,93.2,3186.0,38.8,12.64,80.2,14.1,34.9,5,1204.0,77.6,3,2,6.1,84.3,0,0,0,0,8939.0
1.8,20808.0,Truck,Diesel,89.1,2666.0,50.7,12.33,67.5,49.2,29.9,1,5165.0,69.1,1,1,1.0,64.8,0,0,0,0,4491.0
3.5,29004.0,Hatchback,Petrol,92.2,2372.0,57.5,13.16,75.7,50.6,32.3,3,4151.0,48.1,3,8,1.8,71.8,0,0,0,0,5486.0
6.6,83898.0,Truck,Petrol,95.9,2287.0,57.6,12.25,94.7,90.2,33.4,5,774.0,51.2,8,6,5.4,58.8,1,0,1,1,1123.0
3.4,51597.0,Sedan,Diesel,108.3,2858.0,24.9,11.88,5.0,6.1,26.5,5,24000.0,61.6,2,0,4.0,8.0,1,0,0,0,150.0
2.3,33252.0,SUV,Hybrid,91.1,2444.0,35.8,12.65,67.2,61.7,32.4,3,5359.0,54.1,4,3,3.2,66.3,0,0,0,1,3900.0
3.4,54000.0,SUV,Petrol,91.0,2096.0,55.4,12.43,22.9,28.7,28.0,5,12037.0,25.0,3,2,2.9,49.5,1,0,1,0,150.0
4.1,54693.0,SUV,Petrol,100.9,2477.0,55.3,12.15,63.5,37.7,31.5,5,4043.0,64.9,4,4,5.2,55.3,0,0,0,0,4468.0
2.7,42017.0,Sedan,Petrol,116.3,2578.0,54.6,12.5,95.2,58.6,32.1,2,2896.0,69.1,2,1,1.3,36.6,1,0,0,1,2774.0
3.5,63803.0,Sedan,Diesel,94.5,3220.0,35.3,12.76,68.8,42.9,33.2,6,5125.0,67.0,5,4,1.7,68.1,0,0,0,0,4533.0
14.1,183267.0,Hatchback,Petrol,86.5,2598.0,44.6,11.86,79.6,6.4,29.7,15,1419.0,58.3,3,2,4.5,67.7,0,1,0,1,6884.0
1.4,32872.0,Hatchback,Diesel,92.2,2473.0,38.0,12.16,83.6,58.8,33.6,2,1738.0,65.4,2,2,1.8,70.0,0,0,0,1,4769.0
0.8,11089.0,Sedan,Petrol,87.8,2584.0,15.0,12.59,100.0,32.4,33.3,2,791.0,32.2,7,3,3.5,89.2,0,0,0,0,9660.0
4.0,56448.0,Coupe,Petrol,89.7,2055.0,51.4,12.15,20.1,44.3,32.0,4,13105.0,50.7,11,6,2.6,45.8,1,0,1,0,150.0
4.7,47859.0,Sedan,Electric,66.9,2489.0,36.1,12.46,100.0,17.1,30.0,4,5497.0,42.6,5,4,2.0,82.7,0,0,0,1,5513.0
3.4,42351.0,Truck,Petrol,95.5,2849.0,64.7,12.85,5.0,91.3,29.4,2,24000.0,72.3,8,6,3.1,17.1,1,0,1,0,225.0
2.0,38142.0,Truck,Petrol,94.3,2656.0,58.8,12.06,34.6,58.4,29.0,2,11820.0,54.6,1,6,1.0,43.1,0,0,0,1,183.0
8.3,141505.0,Hatchback,Petrol,112.3,2128.0,27.7,10.8,63.6,16.7,23.1,10,5637.0,49.8,0,2,4.4,8.0,1,1,0,1,491.0
3.8,29119.0,Hatchback,Diesel,116.4,2441.0,39.9,13.19,64.2,47.9,32.0,3,5300.0,37.7,4,5,4.3,27.0,1,0,0,0,1962.0
4.1,64439.0,Sedan,Diesel,88.4,2192.0,38.4,12.42,69.0,38.0,30.5,4,4941.0,37.2,3,1,7.6,69.8,0,0,0,0,4713.0
6.0,70745.0,Hatchback,Petrol,114.7,2130.0,42.6,11.85,82.8,47.1,32.7,6,777.0,36.2,4,3,1.6,29.2,1,1,0,1,2470.0
3.3,58133.0,Sedan,Petrol,91.4,2538.0,45.7,12.06,88.7,23.6,33.9,4,760.0,62.4,3,2,6.8,72.9,0,0,0,0,8124.0
3.1,40644.0,Truck,Petrol,89.6,2175.0,54.8,12.25,61.0,78.1,34.2,4,4770.0,60.4,3,3,1.7,52.3,0,0,1,0,1792.0
8.3,51975.0,Truck,Diesel,88.6,3100.0,74.6,12.3,5.0,22.5,35.0,5,15342.0,55.5,4,2,5.5,45.3,1,0,1,0,150.0
1.1,14838.0,Truck,Hybrid,94.2,1835.0,64.5,11.66,55.0,42.4,28.0,1,7218.0,63.1,7,3,1.2,42.5,0,0,0,0,2127.0
4.6,29513.0,Sedan,Diesel,91.0,2341.0,51.6,12.6,62.3,43.2,34.4,3,5328.0,40.7,2,2,1.8,70.0,0,0,1,0,4708.0
4.3,63065.0,Hatchback,Diesel,89.5,2388.0,53.5,12.12,60.1,39.5,31.9,6,6608.0,26.2,6,7,1.9,59.6,0,0,0,0,3191.0
2.9,67559.0,Sedan,Petrol,89.5,2577.0,42.1,12.94,82.3,44.6,28.7,5,2844.0,61.6,4,4,3.5,66.8,0,0,0,0,6204.0
3.4,63678.0,Sedan,Petrol,86.5,2445.0,48.4,12.54,80.9,32.5,34.2,6,3195.0,51.2,3,2,4.1,82.1,0,0,0,0,7402.0
7.9,112081.0,Truck,Petrol,105.0,2903.0,70.2,12.52,41.0,44.9,34.3,9,9163.0,63.7,3,4,1.0,36.1,1,1,0,0,1086.0
2.2,20180.0,SUV,Petrol,92.6,2227.0,54.3,12.37,95.6,47.1,30.9,1,1922.0,58.0,1,1,3.8,75.3,0,0,0,0,6665.0
5.8,104958.0,Hatchback,Petrol,85.6,2058.0,52.2,12.38,86.5,37.0,31.6,9,1620.0,51.0,3,2,3.5,75.1,0,0,0,0,7524.0
3.7,63707.0,SUV,Diesel,87.2,2371.0,37.2,12.87,67.1,36.8,36.3,6,5156.0,54.9,1,1,4.1,63.1,0,0,0,0,4479.0
5.4,68853.0,Sedan,Diesel,101.2,2205.0,55.2,12.02,51.4,44.0,30.2,7,9186.0,71.7,6,5,4.1,38.6,0,0,1,0,1417.0
4.8,52243.0,Hatchback,Electric,60.4,2246.0,30.3,12.5,100.0,23.3,32.0,3,2780.0,47.9,6,2,8.0,84.2,0,0,1,0,7894.0
0.7,7232.0,SUV,Petrol,94.0,2592.0,39.5,12.71,80.3,33.2,27.3,2,3886.0,62.3,5,4,2.1,69.6,0,0,0,0,5513.0
2.1,32306.0,Sedan,Diesel,95.9,2634.0,37.1,12.94,57.6,45.6,29.9,5,5584.0,56.3,1,3,6.9,59.3,0,0,0,0,3843.0
2.4,24159.0,Truck,Hybrid,98.0,2646.0,57.7,12.22,15.1,55.7,26.5,1,14643.0,28.6,4,4,4.5,21.9,1,0,1,0,187.0
1.9,22845.0,SUV,Diesel,93.3,2368.0,57.6,12.17,63.4,55.1,34.8,2,6790.0,33.6,3,2,2.6,58.3,0,0,0,0,3259.0
2.6,47818.0,SUV,Petrol,91.3,2638.0,69.9,11.73,25.9,22.2,25.7,4,12919.0,51.4,4,3,2.2,34.6,1,0,0,1,150.0
4.1,46140.0,SUV,Petrol,92.3,2383.0,49.3,12.29,83.5,16.4,32.5,4,3577.0,45.0,6,5,5.1,84.0,0,0,0,1,7499.0
6.3,105569.0,Hatchback,Petrol,88.9,2337.0,61.7,11.96,63.1,37.4,30.9,8,6159.0,38.7,6,5,1.7,58.0,0,1,0,0,3249.0
1.5,21230.0,Hatchback,Petrol,88.3,2592.0,60.2,12.31,62.9,36.8,27.9,2,7237.0,67.0,5,3,4.6,62.4,0,0,0,0,2996.0
3.8,52418.0,Truck,Diesel,89.8,2231.0,56.3,11.21,5.0,30.9,33.9,5,16369.0,31.1,4,2,2.3,19.9,1,0,0,0,150.0
4.4,72466.0,Sedan,Petrol,90.5,2415.0,30.5,12.35,44.2,49.8,33.3,5,11089.0,49.2,4,3,5.2,57.3,0,0,0,1,150.0
7.0,104846.0,Hatchback,Petrol,84.9,2538.0,71.1,11.24,93.3,21.8,33.0,10,1428.0,39.8,2,4,2.0,62.5,0,1,0,0,6749.0
8.9,122967.0,Truck,Diesel,86.6,2873.0,73.5,12.26,52.0,59.7,35.5,10,7652.0,72.8,2,1,2.9,45.0,1,1,0,0,1905.0
3.3,56476.0,Truck,Hybrid,86.4,3391.0,58.3,11.87,87.2,36.6,29.6,5,748.0,87.2,6,5,2.3,64.1,0,0,0,0,6611.0
2.0,37008.0,SUV,Diesel,86.3,2845.0,42.9,12.91,5.0,87.1,26.9,4,24000.0,47.6,8,9,7.6,15.8,1,0,1,1,150.0
4.6,74373.0,Hatchback,Diesel,94.0,2828.0,48.6,12.1,70.7,43.7,26.3,7,3819.0,63.9,2,4,9.4,55.7,0,0,0,1,4532.0
2.0,28607.0,Truck,Petrol,90.2,3062.0,47.3,12.17,53.8,63.5,27.0,1,7572.0,69.8,5,3,2.4,41.0,0,0,0,1,2012.0
4.4,59744.0,Sedan,Petrol,90.7,3070.0,54.1,12.37,91.4,18.4,29.2,7,1751.0,64.6,3,7,4.0,74.5,0,0,0,0,7725.0
2.3,31326.0,SUV,Petrol,93.0,3322.0,70.0,12.59,49.2,98.0,31.4,1,10296.0,63.1,21,19,3.3,48.5,1,0,1,1,307.0
5.0,86507.0,Hatchback,Diesel,112.1,2046.0,22.0,12.35,43.6,80.3,29.4,6,8121.0,27.2,7,4,2.2,9.4,1,0,1,0,359.0
2.4,25972.0,Sedan,Electric,67.7,2637.0,26.2,11.88,100.0,54.2,33.1,1,3202.0,68.5,4,3,1.6,62.9,0,0,0,0,4796.0
8.4,83442.0,Coupe,Petrol,98.1,2367.0,30.5,12.23,78.5,61.4,31.6,9,3301.0,57.0,1,2,1.4,52.3,0,0,0,0,3392.0
3.8,58058.0,Truck,Diesel,91.7,2460.0,72.5,12.36,53.1,32.9,29.1,6,7830.0,48.8,2,1,1.9,61.0,0,0,0,0,2392.0
1.2,13749.0,SUV,Petrol,92.3,2668.0,46.6,12.46,87.2,32.7,30.5,1,3385.0,50.9,2,3,2.5,77.8,0,0,0,0,6911.0
6.4,122732.0,Sedan,Diesel,89.1,2591.0,15.0,11.43,5.0,60.6,28.1,11,19836.0,55.6,6,5,2.7,8.0,1,1,1,0,161.0
3.3,18569.0,Sedan,Petrol,83.9,2424.0,38.0,12.14,89.1,25.4,34.5,2,2952.0,48.4,1,3,1.0,75.8,0,0,0,0,6777.0
5.3,78132.0,Hatchback,Petrol,91.8,1836.0,37.3,11.92,78.3,52.5,29.1,6,2419.0,47.0,2,3,6.0,56.9,0,0,0,0,4120.0
6.5,81444.0,Sedan,Hybrid,95.0,2567.0,65.1,12.48,53.0,72.4,33.3,6,9700.0,38.3,9,10,7.2,48.5,1,1,1,0,1329.0
3.9,72721.0,Truck,Diesel,88.5,3563.0,75.0,11.7,94.1,59.8,29.5,7,1116.0,59.1,5,6,8.0,55.2,0,1,0,0,3685.0
1.5,13985.0,SUV,Diesel,89.5,2947.0,41.1,12.58,72.7,43.6,29.0,1,5779.0,49.7,4,6,1.1,68.7,0,0,0,1,4179.0
4.1,48384.0,Sedan,Petrol,95.3,2624.0,42.7,11.95,52.3,5.0,33.0,5,6748.0,40.9,0,0,2.9,64.8,0,0,0,1,3417.0
7.8,130319.0,Sedan,Petrol,91.3,2652.0,49.1,12.7,65.6,63.8,28.2,10,2793.0,53.4,1,2,6.3,50.8,0,1,0,1,2981.0
3.5,62735.0,SUV,Petrol,87.8,2708.0,51.3,11.89,5.0,43.9,25.6,4,20006.0,52.6,1,1,1.0,12.7,1,1,0,0,150.0
4.8,62291.0,Coupe,Hybrid,87.7,2603.0,43.3,11.84,69.8,34.8,32.1,5,3897.0,59.1,5,4,1.3,61.6,0,1,1,0,4924.0
2.2,32751.0,SUV,Electric,58.1,2351.0,67.7,13.27,100.0,70.1,36.8,5,2536.0,51.6,5,3,5.4,68.1,0,0,0,0,3228.0
1.3,18085.0,SUV,Petrol,91.0,2899.0,55.5,12.94,48.9,39.2,30.8,1,7896.0,60.6,0,0,2.6,64.8,0,0,0,0,2905.0
3.4,64513.0,Sedan,Petrol,90.9,2330.0,50.0,12.12,54.2,48.7,30.0,6,8703.0,48.2,6,5,2.9,51.0,0,0,0,0,1827.0
3.8,69037.0,SUV,Hybrid,86.0,2648.0,71.3,11.95,74.9,46.4,30.2,6,4019.0,49.2,3,3,1.9,56.3,0,0,0,1,4465.0
6.9,95096.0,SUV,Petrol,93.4,3051.0,49.0,10.8,71.5,23.1,34.9,6,1701.0,55.9,3,3,4.0,35.1,0,1,0,1,3799.0
4.0,53993.0,Hatchback,Diesel,110.9,2955.0,51.6,12.5,56.2,28.2,32.2,5,6895.0,57.4,6,5,3.6,45.2,1,0,0,0,2277.0
6.6,127015.0,SUV,Petrol,90.1,2654.0,48.3,12.36,81.6,68.5,32.8,11,2259.0,69.0,2,2,1.5,62.2,0,0,0,0,3294.0
2.8,50123.0,SUV,Diesel,93.1,3460.0,74.5,12.29,83.0,56.4,34.7,5,2036.0,66.7,15,12,6.7,67.9,0,0,1,1,4906.0
1.4,14669.0,Sedan,Diesel,89.9,2561.0,32.1,13.09,59.5,19.2,30.3,1,6006.0,51.4,2,2,1.0,74.8,0,0,0,0,4481.0
4.9,67994.0,Coupe,Hybrid,93.9,2289.0,45.6,12.06,5.0,43.9,25.2,5,24000.0,32.3,4,3,4.3,14.8,1,0,0,0,150.0
8.2,124119.0,Sedan,Hybrid,112.0,2814.0,36.9,11.53,48.4,57.3,32.0,11,8069.0,61.6,3,2,3.6,8.0,1,1,0,0,398.0
2.6,32406.0,Sedan,Petrol,90.0,2428.0,47.4,13.37,28.8,48.9,28.0,3,11202.0,59.4,2,3,8.1,48.6,1,0,0,1,483.0
5.4,70300.0,Truck,Diesel,83.0,2325.0,45.9,12.64,48.3,64.8,29.2,7,8515.0,55.0,5,5,2.4,48.8,0,0,0,1,1625.0
5.5,92899.0,SUV,Hybrid,88.3,2900.0,55.9,12.24,71.4,31.8,34.4,8,3429.0,62.8,8,9,2.1,68.4,0,1,1,1,5969.0
1.3,24156.0,SUV,Petrol,92.9,2558.0,57.8,12.57,15.1,73.2,27.9,1,15826.0,46.8,13,8,6.2,33.4,1,0,1,1,150.0
3.3,80636.0,SUV,Petrol,109.8,1927.0,41.5,12.45,36.6,59.6,32.4,7,11149.0,29.7,4,3,1.9,27.9,1,0,0,1,237.0
5.6,105887.0,Truck,Petrol,89.1,2420.0,47.1,11.74,60.9,44.6,32.2,8,8033.0,39.8,2,3,1.3,44.4,0,1,0,0,1852.0
4.6,72067.0,Sedan,Diesel,96.9,2055.0,19.9,12.34,63.5,50.2,26.7,6,5466.0,25.0,6,2,5.7,46.4,0,0,0,1,2884.0
5.6,110743.0,Hatchback,Petrol,120.0,2305.0,43.3,12.46,80.9,37.2,30.6,9,3319.0,58.2,3,1,5.5,33.2,1,1,0,0,2759.0
5.1,74872.0,SUV,Diesel,94.3,2409.0,61.5,12.46,75.5,56.2,30.9,7,4281.0,51.1,2,0,4.8,62.7,0,0,0,0,4372.0
3.5,79921.0,SUV,Petrol,87.0,2466.0,37.7,10.81,73.0,65.5,30.6,6,2817.0,64.0,1,3,1.7,27.1,0,1,0,0,1238.0
3.8,50987.0,SUV,Hybrid,94.3,2885.0,38.7,12.45,15.8,21.9,26.3,3,16828.0,62.5,2,1,6.6,42.8,1,0,0,0,150.0
6.8,101317.0,Sedan,Petrol,103.1,2831.0,27.3,12.42,77.9,17.2,34.4,8,2990.0,45.1,1,1,3.5,65.1,1,0,0,0,5820.0
4.1,54559.0,Truck,Petrol,89.1,2686.0,40.7,11.46,6.1,43.9,32.1,4,18429.0,40.5,6,5,3.5,25.2,1,1,1,0,150.0
2.4,28380.0,SUV,Diesel,110.4,2365.0,60.0,12.02,68.6,64.4,36.0,2,4205.0,41.0,5,4,9.6,26.7,0,0,0,0,1482.0
3.3,41390.0,Sedan,Diesel,93.2,2938.0,31.3,12.87,36.9,73.1,29.4,2,12209.0,78.8,5,2,1.2,44.6,0,0,1,0,150.0
4.8,86914.0,SUV,Petrol,93.3,2232.0,55.0,12.33,71.4,70.5,32.6,6,2283.0,49.9,2,0,5.3,62.5,0,0,1,0,3141.0
6.6,97355.0,Coupe,Petrol,94.1,2770.0,33.0,11.59,5.0,21.8,28.7,7,22221.0,48.2,4,5,8.5,22.5,1,1,0,1,150.0
1.3,19519.0,SUV,Petrol,91.3,2789.0,50.3,12.44,29.1,41.0,31.2,2,15181.0,56.1,3,3,1.3,57.3,0,0,0,0,150.0
3.2,43423.0,Hatchback,Diesel,85.7,2489.0,52.9,11.9,58.4,71.1,32.8,4,8211.0,29.8,2,3,4.1,43.6,0,0,1,1,1684.0
6.3,60542.0,Sedan,Hybrid,99.8,2355.0,25.7,11.87,13.5,33.4,25.7,6,16762.0,46.4,4,2,1.9,20.0,1,0,0,1,251.0
2.2,28061.0,Sedan,Diesel,89.9,2727.0,36.1,12.85,60.0,53.4,30.0,2,6714.0,40.0,7,6,4.6,65.4,0,0,0,0,3581.0
2.2,36208.0,Sedan,Diesel,88.6,2548.0,46.2,12.21,91.1,62.1,34.4,3,494.0,37.1,4,4,4.3,72.5,0,0,0,0,4314.0
3.8,33698.0,SUV,Diesel,86.6,2581.0,50.6,11.71,89.3,67.5,33.7,2,2282.0,48.3,3,3,5.2,55.4,0,0,0,0,2965.0
1.2,14121.0,Sedan,Petrol,92.1,2590.0,42.7,12.68,87.0,27.5,34.5,2,1009.0,52.7,1,3,1.9,78.0,0,0,0,0,8728.0
9.5,73439.0,Sedan,Electric,60.4,2035.0,39.6,12.4,100.0,48.9,33.5,5,842.0,34.4,4,2,4.0,76.8,0,1,0,0,6153.0
4.7,57970.0,Hatchback,Hybrid,91.0,2827.0,26.3,12.37,68.0,41.3,30.4,5,4534.0,46.9,8,8,5.4,65.0,0,0,0,0,5033.0
5.4,44838.0,Hatchback,Petrol,97.5,2547.0,58.0,11.09,5.0,86.6,24.2,4,24000.0,53.1,6,4,2.2,8.0,1,1,1,1,150.0
7.1,56385.0,Truck,Petrol,94.1,2224.0,51.6,11.66,70.0,31.1,30.8,5,3654.0,58.3,0,1,4.3,58.5,0,1,0,0,4993.0
12.5,164788.0,Sedan,Petrol,87.4,2382.0,60.3,11.07,5.0,54.1,26.5,13,22661.0,48.2,6,4,2.6,8.0,1,1,1,1,150.0
3.6,55522.0,Sedan,Petrol,99.8,2587.0,42.1,11.81,18.7,29.0,26.9,5,14803.0,56.6,4,0,6.4,23.9,1,0,1,0,150.0
1.3,13589.0,Sedan,Diesel,85.4,2380.0,56.2,12.59,92.9,32.1,32.3,1,1657.0,47.1,3,3,1.1,77.4,0,0,0,1,8004.0
4.5,69315.0,Truck,Diesel,91.0,2676.0,67.5,12.61,7.7,67.7,29.2,7,14374.0,69.9,8,4,4.0,30.3,1,0,1,0,150.0
2.3,34518.0,Hatchback,Hybrid,88.6,2085.0,54.3,12.34,81.1,51.0,25.9,3,2335.0,59.6,3,2,7.7,58.6,0,0,0,1,4649.0
1.7,24321.0,SUV,Diesel,93.0,2764.0,52.5,12.39,93.0,37.9,41.2,1,751.0,42.6,1,4,2.7,66.2,0,0,0,1,6388.0
2.7,22093.0,Sedan,Diesel,94.0,2201.0,61.8,11.55,93.8,29.3,33.3,2,1231.0,45.1,3,3,1.0,66.4,0,0,0,0,7349.0
3.5,69161.0,SUV,Diesel,103.3,2640.0,48.7,12.07,63.8,46.2,28.8,7,5123.0,57.5,4,3,3.9,40.0,0,0,0,0,2722.0
7.2,67296.0,Sedan,Petrol,95.7,2443.0,46.4,12.07,68.6,49.0,29.6,6,6754.0,44.6,9,5,7.6,48.7,0,1,0,0,2497.0
9.6,118316.0,SUV,Petrol,92.3,2346.0,65.6,11.57,87.4,68.8,33.7,10,565.0,25.0,8,4,3.2,52.0,0,1,1,1,2649.0
1.9,23081.0,SUV,Diesel,97.3,2760.0,94.1,12.92,55.6,45.4,35.3,1,8303.0,56.1,5,5,3.3,57.9,0,0,0,0,2135.0
2.9,44308.0,Truck,Petrol,95.2,2443.0,67.5,12.15,92.5,77.9,31.2,5,898.0,46.6,1,3,1.0,61.4,0,0,1,1,2066.0
5.2,85476.0,Sedan,Petrol,89.6,2833.0,35.7,12.16,59.4,71.4,25.8,6,7227.0,61.5,6,5,6.2,39.4,0,0,1,1,2000.0
5.6,76467.0,Sedan,Hybrid,95.7,2526.0,42.8,12.93,90.6,53.8,32.8,5,800.0,52.6,3,2,2.8,72.3,0,0,0,0,5553.0
2.0,17724.0,Coupe,Diesel,88.9,2234.0,22.6,12.82,76.6,40.3,32.0,2,2711.0,61.0,4,1,6.2,77.2,0,0,0,0,7036.0
6.3,54696.0,Sedan,Petrol,94.0,3239.0,57.2,12.89,16.1,26.9,26.9,5,14401.0,87.3,5,2,5.5,44.2,0,0,0,0,150.0
2.4,50618.0,Sedan,Diesel,93.6,3109.0,15.0,12.89,5.0,8.5,28.3,3,21343.0,69.9,1,2,1.8,42.5,1,0,1,0,393.0
2.0,30896.0,Sedan,Hybrid,89.4,2190.0,36.7,12.71,81.2,43.8,32.0,3,749.0,47.1,2,1,4.3,73.5,0,0,0,1,6457.0
5.1,66132.0,Sedan,Petrol,83.5,2288.0,67.5,12.05,39.4,29.9,28.0,4,11664.0,57.9,0,4,5.5,47.4,0,0,0,0,237.0
7.3,145760.0,SUV,Petrol,97.4,2891.0,63.5,10.8,65.1,22.4,32.8,11,6368.0,53.6,3,3,7.1,32.9,0,1,0,1,1885.0
4.5,57295.0,Hatchback,Electric,64.6,2292.0,45.5,12.63,100.0,24.8,27.1,6,18112.0,55.8,2,2,2.5,63.4,0,1,0,1,150.0
4.1,51400.0,Sedan,Petrol,91.6,2575.0,25.3,12.18,75.9,26.3,30.7,5,3591.0,30.1,5,2,3.4,67.2,0,0,0,0,5522.0
3.6,30520.0,SUV,Petrol,91.6,3073.0,71.2,11.57,50.8,59.6,27.2,2,7919.0,66.8,3,4,1.0,29.6,0,0,1,1,1299.0
3.9,38155.0,Truck,Diesel,95.4,2150.0,42.6,12.53,92.4,68.1,35.4,3,974.0,25.0,2,2,8.1,66.5,0,0,0,0,3471.0
3.3,70704.0,SUV,Hybrid,100.2,2468.0,42.7,12.49,89.3,52.1,33.6,5,2745.0,51.8,3,2,5.0,62.3,1,0,0,0,4568.0
5.2,108781.0,Hatchback,Petrol,95.1,2195.0,59.5,11.87,77.7,40.3,31.2,9,4459.0,27.4,7,7,4.4,57.7,0,1,0,1,4212.0
3.9,68147.0,Hatchback,Petrol,93.0,2413.0,28.2,12.87,74.1,41.0,34.6,6,4083.0,42.2,3,2,1.0,72.9,0,0,0,0,5814.0
12.0,207322.0,Sedan,Petrol,108.9,3302.0,33.2,11.73,21.3,78.4,26.3,18,10112.0,54.9,15,16,4.7,8.0,1,1,1,1,150.0
4.6,82896.0,Truck,Electric,60.4,2706.0,41.2,13.13,100.0,76.1,36.0,6,1066.0,64.2,1,1,3.9,67.9,0,0,1,0,2819.0
3.3,44532.0,SUV,Petrol,87.5,2794.0,55.1,12.87,88.5,85.3,33.8,3,798.0,66.3,2,1,3.1,70.5,0,0,1,1,1716.0
1.9,28964.0,Coupe,Diesel,93.8,2792.0,34.4,12.82,90.2,48.9,32.7,3,970.0,49.3,3,3,4.2,83.6,0,0,0,1,6832.0
2.1,22962.0,SUV,Electric,60.1,2804.0,77.8,12.25,100.0,57.6,35.2,1,419.0,65.9,4,5,3.5,70.4,0,0,0,0,4863.0
4.7,24164.0,Coupe,Petrol,93.3,3253.0,40.8,12.41,79.8,38.6,35.7,2,2668.0,51.1,2,3,4.8,68.5,0,0,0,0,6614.0
2.7,50102.0,Truck,Electric,60.0,2506.0,38.7,12.53,100.0,24.1,26.8,3,16635.0,42.0,4,2,4.0,62.7,0,0,0,0,150.0
4.2,62039.0,Sedan,Electric,65.5,2856.0,20.4,12.27,100.0,40.5,29.5,4,8139.0,57.2,5,6,3.0,68.0,0,0,0,0,2730.0
7.5,65602.0,SUV,Hybrid,93.0,2683.0,68.4,11.43,74.7,62.6,30.7,6,3063.0,39.2,8,7,4.6,38.4,0,1,0,0,2072.0
1.6,18445.0,Coupe,Petrol,90.1,2952.0,49.6,13.09,90.5,53.4,31.7,1,1896.0,50.1,12,10,2.1,80.1,0,0,0,0,6011.0
3.4,62150.0,Hatchback,Diesel,87.5,2578.0,47.7,12.16,44.2,32.2,28.5,7,8851.0,45.3,4,3,4.1,50.7,0,0,0,0,1384.0
0.6,14552.0,Sedan,Hybrid,97.4,2695.0,37.7,12.68,54.8,23.3,35.2,1,8135.0,30.3,3,6,4.3,63.6,0,0,0,0,2539.0
1.3,11474.0,Truck,Electric,66.8,2078.0,57.9,12.3,100.0,37.9,32.2,2,6362.0,56.6,7,5,4.3,81.1,0,0,0,0,4245.0
4.3,43928.0,Sedan,Petrol,98.5,2567.0,55.5,11.81,30.3,70.1,30.9,3,13828.0,54.0,4,4,4.3,22.5,1,0,1,1,150.0
1.4,32631.0,Sedan,Hybrid,86.6,2880.0,50.1,12.86,53.3,80.5,28.4,1,6565.0,68.1,15,15,5.8,46.8,0,0,1,0,1594.0
1.6,26326.0,SUV,Petrol,90.5,2766.0,43.8,12.62,79.4,54.3,35.9,3,3328.0,25.8,5,7,4.7,67.3,0,0,0,0,5057.0
9.0,157136.0,Sedan,Petrol,82.5,2042.0,48.3,12.5,44.9,36.9,28.9,12,9049.0,42.0,4,2,5.6,48.1,0,1,0,0,1286.0
2.5,54570.0,Hatchback,Petrol,94.5,2551.0,36.2,12.11,91.4,13.4,35.2,5,2160.0,67.8,1,3,2.4,77.3,0,0,0,0,7583.0
2.0,28915.0,Sedan,Hybrid,94.9,2481.0,52.0,12.25,61.9,45.6,31.3,1,6611.0,59.4,2,3,2.8,58.1,0,0,0,0,3178.0
7.5,115484.0,Hatchback,Diesel,106.9,2557.0,43.9,12.36,85.7,42.9,32.4,9,649.0,62.1,5,7,7.3,50.8,1,1,0,0,4884.0
2.0,14779.0,Sedan,Diesel,88.9,2727.0,50.7,12.73,78.1,23.1,34.7,2,4021.0,72.3,2,3,1.5,80.8,0,0,0,0,6538.0
4.6,57024.0,Sedan,Electric,64.5,1861.0,45.7,12.77,100.0,22.2,33.7,4,953.0,41.3,1,2,5.4,89.2,0,0,0,0,9744.0
4.6,75650.0,Sedan,Petrol,90.5,2705.0,54.4,12.32,5.0,46.3,29.2,8,21947.0,39.9,2,1,6.8,38.0,1,0,0,0,150.0
6.1,73847.0,Sedan,Diesel,89.3,2989.0,55.1,12.46,87.2,59.2,31.6,6,1456.0,64.0,8,7,3.2,73.4,0,0,0,0,4737.0
1.7,28204.0,Sedan,Petrol,95.8,2610.0,27.1,13.1,84.7,52.4,31.5,2,2753.0,60.9,5,6,1.7,73.6,0,0,0,0,5339.0
2.2,42676.0,Sedan,Petrol,89.6,2546.0,15.5,12.32,84.6,64.7,29.5,3,2388.0,50.2,1,0,3.5,63.1,0,0,0,0,3370.0
2.5,43857.0,SUV,Diesel,83.9,2524.0,51.9,12.54,83.0,74.3,31.6,3,2854.0,49.8,1,1,1.0,66.7,0,0,0,1,2708.0
2.2,34856.0,Sedan,Electric,58.5,2160.0,47.6,12.4,100.0,61.0,31.3,3,4211.0,38.4,6,3,2.6,76.7,0,0,0,1,4976.0
5.8,85667.0,SUV,Diesel,89.5,3046.0,46.5,12.37,81.5,83.9,34.1,8,2401.0,74.1,5,4,2.9,60.2,0,0,1,0,1549.0
4.6,53664.0,SUV,Hybrid,86.3,2712.0,57.3,12.84,80.3,12.2,31.8,6,3472.0,80.4,0,0,4.5,84.8,0,0,0,0,7125.0
5.1,54454.0,Hatchback,Petrol,92.3,3345.0,50.8,11.41,80.5,32.2,34.5,5,2417.0,67.6,10,10,2.3,56.1,0,1,0,0,5540.0
1.3,27277.0,Hatchback,Petrol,83.8,2547.0,39.5,12.2,5.0,52.7,25.5,2,24000.0,61.1,4,3,2.8,24.1,1,0,1,1,150.0
4.2,71987.0,SUV,Diesel,93.0,2276.0,46.0,12.67,85.9,53.9,35.0,8,2610.0,60.3,5,2,6.9,73.2,0,0,0,1,5735.0
8.1,94643.0,Sedan,Petrol,91.4,3038.0,31.4,12.73,65.5,18.2,33.1,8,2746.0,56.6,6,7,1.8,74.2,0,1,0,1,6845.0
11.2,157235.0,Sedan,Petrol,89.2,2160.0,69.4,11.55,60.1,46.0,30.0,13,3407.0,27.3,1,2,7.1,41.9,0,1,0,0,3526.0
2.8,29894.0,Coupe,Diesel,86.9,2427.0,15.0,12.31,71.0,58.3,31.4,2,6852.0,45.3,5,2,4.2,61.2,0,0,0,0,3034.0
6.1,72723.0,Sedan,Petrol,85.6,2718.0,24.7,12.4,5.0,47.1,29.7,6,23218.0,63.5,2,2,5.8,32.1,1,0,0,0,150.0
2.2,35736.0,Sedan,Petrol,95.0,2396.0,75.6,12.47,66.0,75.6,33.1,2,6167.0,40.1,11,8,1.6,59.0,0,0,1,0,2254.0
1.3,17136.0,Sedan,Diesel,90.3,2422.0,26.4,12.54,5.0,28.1,23.9,2,24000.0,54.2,0,1,3.2,33.2,1,0,0,1,175.0
1.4,19774.0,Sedan,Diesel,84.8,2665.0,34.4,12.51,85.4,50.3,32.3,2,3162.0,68.2,7,4,3.2,76.2,0,0,0,0,5924.0
7.5,89940.0,Sedan,Electric,87.5,2612.0,47.8,11.17,100.0,77.8,25.3,6,16847.0,68.4,4,2,3.0,16.1,0,1,1,1,150.0
2.9,31610.0,Truck,Diesel,90.4,3209.0,63.4,11.53,74.5,77.6,31.1,4,3603.0,65.1,7,7,3.7,40.3,0,1,1,1,1261.0
2.6,45946.0,Sedan,Petrol,97.2,2593.0,48.9,12.43,68.7,12.6,33.8,4,6840.0,56.0,5,7,2.3,73.5,0,0,0,1,3625.0
5.7,119235.0,SUV,Electric,63.3,2397.0,70.7,12.22,100.0,52.6,29.0,11,746.0,63.2,1,1,2.2,63.2,0,0,0,0,4813.0
1.6,15221.0,Sedan,Hybrid,95.4,2823.0,28.1,11.96,96.3,20.4,31.2,1,427.0,48.6,2,2,2.4,75.5,0,0,0,0,8732.0
4.9,65010.0,Sedan,Petrol,90.6,2508.0,40.9,11.36,76.1,35.6,29.0,5,2059.0,75.8,2,1,5.8,47.5,0,1,0,0,4795.0
3.3,58350.0,Hatchback,Petrol,86.8,2217.0,38.2,12.72,88.8,32.8,30.0,5,656.0,29.7,5,1,1.4,77.8,0,0,0,0,8740.0
10.6,113726.0,Sedan,Diesel,93.4,2832.0,31.5,12.02,70.6,47.2,30.2,9,3983.0,53.0,7,5,2.3,50.2,0,1,0,0,4151.0
2.9,45174.0,Hatchback,Diesel,96.4,2604.0,40.8,12.49,81.6,5.0,31.3,3,4246.0,45.4,1,2,5.2,78.2,0,0,0,0,5888.0
3.4,39624.0,SUV,Hybrid,95.1,2368.0,61.9,12.03,5.0,70.7,27.3,2,20540.0,61.6,5,4,7.6,18.8,1,0,1,1,150.0
1.3,18483.0,Sedan,Diesel,92.8,2413.0,49.0,12.7,92.5,36.2,32.3,2,1637.0,47.2,7,5,7.4,83.1,0,0,0,1,8640.0
11.5,147018.0,Coupe,Diesel,95.5,2845.0,58.8,12.83,70.7,31.0,33.3,11,4318.0,85.9,7,10,5.5,64.8,0,1,1,0,5164.0
3.0,44133.0,Sedan,Electric,67.3,2921.0,39.9,11.94,100.0,68.9,31.8,4,2792.0,64.8,3,3,6.7,60.6,0,0,0,0,3036.0
9.3,160267.0,Hatchback,Diesel,91.8,2698.0,29.1,11.42,79.7,45.6,33.2,11,801.0,38.0,6,4,2.8,49.8,0,1,0,0,4541.0
1.1,15043.0,Sedan,Petrol,85.6,2442.0,23.0,12.59,91.4,19.8,31.9,2,1134.0,25.0,3,2,2.3,88.2,0,0,1,0,9533.0
4.4,50281.0,Hatchback,Hybrid,92.3,2272.0,33.3,12.13,24.4,14.5,24.4,3,14041.0,36.1,2,1,1.0,41.8,1,0,0,1,150.0
10.8,151634.0,Sedan,Petrol,97.5,2461.0,21.8,11.7,62.8,41.1,29.1,12,3693.0,59.9,4,0,2.4,39.0,0,1,0,0,3081.0
2.5,33560.0,SUV,Hybrid,85.0,2464.0,47.5,12.4,38.0,75.3,27.5,2,9830.0,48.3,5,5,2.6,39.0,0,0,1,1,623.0
4.2,31748.0,Truck,Electric,55.5,1992.0,38.6,12.97,100.0,63.5,32.2,3,4271.0,44.0,3,1,1.0,77.5,0,0,0,0,4543.0
7.7,82978.0,Hatchback,Diesel,90.2,2568.0,32.5,12.84,5.0,67.0,29.7,5,16272.0,41.9,6,3,1.6,33.0,1,1,1,1,178.0
3.0,21276.0,Hatchback,Diesel,102.1,2366.0,60.2,12.23,45.7,39.3,31.8,1,8273.0,63.6,2,1,9.4,52.7,1,0,0,0,1827.0
1.3,19572.0,Hatchback,Diesel,94.2,1902.0,37.3,12.76,80.6,38.8,29.4,1,3111.0,47.4,4,1,3.1,71.0,0,0,0,0,6239.0
2.7,27663.0,Hatchback,Petrol,84.6,2770.0,58.5,12.23,40.0,46.2,31.3,2,13308.0,45.9,2,2,1.7,45.5,0,0,1,0,150.0
4.4,75375.0,Sedan,Petrol,94.2,2841.0,50.2,12.77,85.8,57.4,33.6,8,991.0,65.9,10,9,2.9,75.6,0,1,1,1,4970.0
4.4,23177.0,Sedan,Diesel,95.5,3198.0,38.5,11.41,95.1,56.3,31.2,2,914.0,73.9,8,10,3.8,51.9,0,1,0,0,3603.0
5.5,84599.0,Sedan,Hybrid,115.8,2291.0,38.1,11.46,62.6,57.3,29.1,7,5661.0,36.4,1,2,3.2,8.0,1,1,0,0,803.0
2.1,25103.0,SUV,Diesel,91.6,3040.0,34.6,12.64,49.4,47.0,27.9,1,8942.0,68.5,0,3,2.0,50.7,0,0,0,0,1394.0
10.4,139187.0,SUV,Petrol,93.6,2398.0,54.4,12.37,43.4,27.6,32.8,13,6371.0,50.5,7,8,5.2,59.0,0,1,0,0,3256.0
2.2,35430.0,SUV,Diesel,86.9,2770.0,36.3,12.1,65.8,66.7,30.6,2,7463.0,64.9,1,0,10.0,53.2,0,0,0,1,2216.0
3.9,70554.0,Sedan,Hybrid,92.5,2793.0,50.0,12.54,77.3,52.1,28.4,6,2363.0,61.2,8,6,6.3,62.3,0,0,0,1,4690.0
4.5,50545.0,Truck,Diesel,89.0,2631.0,48.4,12.43,12.5,34.6,25.7,5,14071.0,52.3,1,2,2.9,41.9,1,1,0,1,150.0
4.3,54839.0,Sedan,Diesel,113.2,2469.0,36.8,11.97,5.0,15.8,26.2,4,23582.0,52.9,2,3,3.0,8.0,1,0,0,0,150.0
1.8,21184.0,Sedan,Hybrid,94.3,2669.0,37.0,12.88,76.6,38.6,32.2,1,3595.0,61.4,5,5,4.6,72.8,0,0,0,0,5951.0
7.8,92782.0,SUV,Diesel,88.3,2649.0,66.0,12.77,81.5,22.7,33.3,8,3818.0,36.6,2,4,3.7,80.5,0,0,0,0,6667.0
2.7,24721.0,Truck,Petrol,92.9,2045.0,41.3,11.51,67.9,57.2,30.8,3,4331.0,36.0,4,0,6.2,43.1,0,1,0,1,2882.0
4.8,66232.0,Truck,Hybrid,93.1,2911.0,45.3,12.3,91.4,63.0,36.3,4,1851.0,81.1,6,6,6.8,65.6,0,1,0,0,3826.0
4.2,47104.0,SUV,Petrol,89.6,2964.0,63.3,12.24,94.6,47.1,32.7,4,1388.0,68.3,15,9,1.0,76.5,0,0,1,1,6731.0
4.2,68114.0,Sedan,Electric,67.8,2409.0,54.2,13.25,100.0,57.0,27.8,4,10152.0,65.9,6,4,4.4,63.2,0,0,1,0,1185.0
1.2,35145.0,SUV,Petrol,93.5,2555.0,60.0,12.83,63.9,76.2,25.8,2,6460.0,49.8,6,5,1.0,48.3,0,0,1,1,1840.0
2.5,30542.0,Sedan,Petrol,89.7,2412.0,69.8,12.19,85.0,60.6,33.4,2,1459.0,29.1,7,7,8.4,70.3,0,0,0,1,4391.0
4.7,49083.0,SUV,Hybrid,88.0,2597.0,42.4,10.88,76.6,19.3,25.5,4,4854.0,44.6,3,2,2.7,29.9,0,1,0,1,2145.0
1.3,17124.0,SUV,Petrol,92.4,2406.0,26.8,12.34,5.0,41.2,26.0,1,24000.0,57.7,2,1,1.0,30.6,1,0,0,0,150.0
3.3,38594.0,Sedan,Diesel,97.4,2281.0,46.2,12.26,60.0,50.4,30.6,3,5261.0,68.1,2,3,3.9,55.8,0,0,0,1,3553.0
4.0,53877.0,Sedan,Hybrid,90.9,2594.0,37.8,12.47,12.1,15.8,23.8,5,16216.0,58.0,1,2,7.3,38.0,1,0,1,0,207.0
5.4,72991.0,Coupe,Hybrid,90.1,2562.0,46.9,12.33,30.2,43.8,26.6,7,12132.0,58.4,4,4,7.2,40.5,0,1,0,1,150.0
3.9,29590.0,Coupe,Electric,60.1,2099.0,48.3,12.78,100.0,39.5,31.7,4,1161.0,49.6,1,0,4.4,82.7,0,1,0,0,7885.0
3.3,57841.0,SUV,Petrol,96.1,2614.0,33.7,11.46,65.9,33.7,33.3,3,3770.0,61.1,1,0,2.3,47.5,0,1,0,0,3724.0
4.3,52634.0,Sedan,Diesel,95.0,2497.0,37.0,12.55,77.1,18.6,29.1,4,5732.0,39.3,4,3,2.8,70.8,0,0,0,0,4384.0
3.2,57733.0,Sedan,Petrol,90.9,2687.0,46.6,12.72,56.6,16.6,33.9,7,7211.0,53.7,1,2,1.5,74.9,0,0,0,0,3705.0
2.1,27401.0,SUV,Petrol,88.4,2480.0,55.1,11.83,84.3,66.7,33.9,3,2639.0,48.8,3,0,3.5,60.8,0,0,1,1,3208.0
2.7,34335.0,Hatchback,Hybrid,88.3,2850.0,35.9,12.13,95.0,46.2,39.8,3,450.0,72.2,0,0,3.7,57.7,0,0,0,1,4788.0
4.7,60960.0,Sedan,Petrol,88.1,2544.0,53.3,12.18,86.8,35.6,36.6,5,2809.0,25.0,6,8,1.2,64.9,0,0,0,0,6050.0
3.3,51142.0,Truck,Diesel,89.5,3129.0,68.0,11.88,72.2,21.1,35.5,5,5833.0,49.9,4,5,6.0,62.9,0,0,0,0,4103.0
13.4,151455.0,Sedan,Diesel,89.3,3059.0,17.4,10.97,74.8,36.2,31.3,16,3206.0,55.5,6,5,1.0,36.1,0,1,0,0,3029.0
1.7,16654.0,Coupe,Diesel,88.5,2398.0,60.9,12.46,89.4,39.0,36.9,1,3515.0,26.1,5,5,4.7,73.3,0,0,0,1,6343.0
4.6,75116.0,SUV,Electric,59.8,2477.0,43.7,12.07,100.0,70.6,33.2,5,12178.0,62.4,7,8,5.6,59.4,0,0,1,0,150.0
5.1,59163.0,Truck,Petrol,97.8,2915.0,59.9,12.35,73.2,37.6,31.8,5,3906.0,50.2,4,1,6.2,63.8,0,0,0,0,5378.0
3.9,68445.0,Sedan,Diesel,87.1,2511.0,39.6,12.16,5.0,60.9,27.2,6,22840.0,38.6,8,7,3.4,22.4,1,0,1,0,150.0
3.1,53278.0,SUV,Hybrid,89.2,2887.0,69.5,12.11,89.3,29.6,31.0,6,1565.0,66.3,6,3,3.7,72.8,0,0,0,0,7626.0
3.7,58319.0,Sedan,Diesel,87.7,2507.0,48.3,12.44,72.6,22.9,32.9,4,1014.0,41.6,1,2,5.8,85.0,0,0,0,0,9282.0
3.7,58966.0,Sedan,Petrol,92.8,2665.0,47.5,11.67,84.5,35.7,32.2,3,1956.0,63.3,5,3,3.9,66.3,0,0,0,0,6569.0
8.7,69008.0,Hatchback,Diesel,90.1,2380.0,41.5,12.26,88.5,41.2,37.8,4,999.0,54.6,2,1,2.0,65.1,0,1,0,0,6199.0
1.0,11821.0,Hatchback,Petrol,87.4,2404.0,34.0,12.43,82.4,30.8,30.0,1,2265.0,46.3,4,3,3.9,78.1,0,0,1,0,7683.0
2.1,22541.0,Hatchback,Petrol,98.1,1675.0,27.7,12.81,68.5,33.8,35.1,1,5501.0,37.9,1,2,8.8,71.1,0,0,0,0,4595.0
4.3,50703.0,SUV,Hybrid,93.5,2057.0,36.2,12.2,86.5,27.1,32.3,5,2347.0,42.0,1,1,2.4,80.0,0,0,0,0,7742.0
6.7,97921.0,Hatchback,Diesel,87.6,2674.0,34.5,11.2,34.8,24.8,27.8,8,11478.0,64.3,6,5,2.1,26.6,0,1,0,1,150.0
2.1,21264.0,Sedan,Electric,64.0,2720.0,50.5,12.87,100.0,39.2,30.0,3,3288.0,68.1,3,2,2.9,75.4,0,0,0,0,6884.0
1.8,28678.0,Sedan,Hybrid,86.9,2824.0,28.4,12.32,78.1,45.2,28.2,2,3762.0,61.7,4,3,4.1,68.0,0,0,0,0,5544.0
3.4,55824.0,Sedan,Diesel,94.0,2275.0,52.5,11.25,100.0,25.2,34.0,5,990.0,51.6,3,0,1.8,61.2,0,1,0,1,6913.0
2.1,24393.0,SUV,Petrol,101.2,2756.0,40.5,12.72,94.5,42.8,34.4,1,2450.0,61.7,1,1,1.0,73.0,0,0,0,1,6728.0
3.4,39690.0,SUV,Petrol,91.0,2465.0,50.8,12.05,87.9,57.5,34.8,3,1234.0,56.4,1,1,3.9,63.8,0,0,0,0,4547.0
2.1,35896.0,Sedan,Petrol,90.3,2413.0,46.6,12.88,93.0,74.2,35.8,4,2121.0,43.6,9,4,3.6,67.6,0,0,1,0,2728.0
5.4,54467.0,SUV,Electric,51.7,2733.0,72.3,11.64,100.0,53.1,32.8,2,7385.0,39.2,12,10,1.0,56.0,0,1,1,0,2679.0
2.1,35142.0,Hatchback,Petrol,100.4,2600.0,34.4,11.39,78.7,62.1,32.2,4,3525.0,47.6,2,1,1.3,37.6,0,1,0,0,2194.0
1.1,16744.0,SUV,Petrol,97.4,2799.0,67.4,12.27,91.3,61.5,31.9,1,526.0,43.1,12,12,3.4,67.5,0,0,0,0,3918.0
5.4,51925.0,Sedan,Diesel,89.7,2717.0,43.8,12.43,86.8,23.7,31.3,6,2423.0,53.8,5,4,2.4,75.3,0,0,0,0,7292.0
3.7,36003.0,Sedan,Petrol,92.7,2970.0,36.6,12.9,18.5,59.5,28.0,2,13736.0,74.5,1,2,1.8,36.1,1,0,0,1,150.0
2.9,39719.0,Sedan,Petrol,95.2,2742.0,27.9,12.02,78.9,58.6,32.7,3,3485.0,55.9,2,3,2.5,59.3,0,0,0,0,3824.0
2.9,43989.0,Sedan,Diesel,113.7,2729.0,47.3,11.93,66.9,68.7,33.1,4,5779.0,72.6,5,5,1.9,23.0,1,0,0,0,1004.0
4.0,40791.0,SUV,Petrol,87.0,2484.0,55.5,11.81,67.6,74.5,33.2,3,4635.0,52.0,3,4,2.9,50.2,0,1,1,0,1918.0
1.8,34719.0,SUV,Petrol,95.8,2632.0,49.8,11.76,5.0,68.2,20.9,3,24000.0,49.7,6,2,5.2,8.0,1,0,1,1,150.0
1.4,19150.0,Truck,Petrol,93.5,2226.0,55.0,12.46,94.0,52.2,31.3,2,2524.0,30.8,4,2,5.8,78.2,0,0,0,1,5804.0
2.1,22576.0,SUV,Diesel,92.8,2382.0,59.7,12.37,54.7,43.8,28.3,3,8381.0,61.0,2,1,1.9,57.3,0,0,0,1,2045.0
3.1,20610.0,Hatchback,Diesel,95.9,2460.0,20.2,12.29,67.3,31.0,30.5,5,6297.0,42.8,1,3,3.6,65.8,0,0,0,0,3789.0
2.0,32094.0,Sedan,Petrol,100.4,2564.0,33.0,12.14,71.0,62.1,31.8,4,6681.0,40.0,4,2,3.6,49.8,0,0,0,0,2456.0
8.6,133851.0,SUV,Diesel,90.6,2662.0,43.5,12.09,27.6,91.9,26.9,11,11075.0,37.8,6,4,1.1,16.3,1,1,1,1,287.0
2.1,42390.0,Hatchback,Petrol,102.1,2919.0,30.4,12.16,93.2,72.4,32.6,3,1586.0,57.0,5,4,1.0,54.4,1,0,1,0,2286.0
3.8,57228.0,Sedan,Electric,63.7,2515.0,31.7,12.74,100.0,28.1,28.4,4,12481.0,43.9,3,4,6.8,71.1,0,0,0,0,150.0
4.9,66505.0,Sedan,Petrol,94.0,2887.0,52.8,12.14,92.1,40.1,33.2,6,1109.0,75.1,4,2,4.6,75.5,0,0,0,0,7081.0
7.2,78217.0,Hatchback,Diesel,91.9,2934.0,42.8,12.7,55.7,51.5,29.7,6,7503.0,67.7,2,1,6.7,55.5,0,1,0,0,2724.0
9.4,143723.0,Sedan,Hybrid,84.1,2444.0,29.6,12.38,78.6,32.0,28.8,12,1909.0,44.5,6,6,5.7,67.1,0,1,0,1,6750.0
11.4,200585.0,Truck,Hybrid,102.4,2389.0,55.0,11.71,46.5,51.1,24.7,18,7079.0,25.0,4,1,4.6,9.0,0,1,0,0,846.0
7.0,57587.0,Sedan,Petrol,95.2,2754.0,45.5,10.81,93.8,30.3,30.9,7,1197.0,53.7,5,3,5.7,42.9,0,1,1,0,4604.0
6.4,93401.0,Truck,Petrol,89.3,2638.0,49.3,12.2,56.5,24.7,29.7,6,8437.0,47.7,5,2,2.9,55.9,0,0,0,1,2003.0
1.9,26729.0,Sedan,Diesel,90.8,2152.0,22.6,12.21,82.7,36.0,31.5,3,2925.0,64.5,1,0,4.9,72.8,0,1,0,0,6502.0
5.0,46803.0,Sedan,Petrol,92.7,2469.0,28.1,12.07,60.2,6.7,32.7,6,7511.0,52.2,2,4,5.6,66.7,0,1,0,0,3070.0
3.2,66375.0,SUV,Hybrid,87.6,2688.0,37.0,12.71,69.1,55.0,33.2,5,5553.0,68.1,4,5,4.7,69.3,0,0,0,0,4113.0
3.2,54246.0,Sedan,Diesel,86.4,2953.0,65.3,11.68,89.5,26.3,27.6,3,2054.0,58.9,4,2,1.8,59.0,0,0,0,0,5744.0
2.9,35742.0,SUV,Diesel,91.4,2123.0,33.7,12.12,64.9,64.4,29.2,2,5331.0,34.1,2,3,1.4,53.5,0,0,0,0,2943.0
1.8,25686.0,Sedan,Petrol,90.0,2436.0,30.1,12.1,89.8,57.9,34.3,2,1526.0,41.5,8,9,4.5,68.1,0,0,0,0,4831.0
2.6,31737.0,Sedan,Diesel,92.4,2088.0,38.5,11.8,5.0,45.5,27.6,2,24000.0,45.6,2,1,1.8,16.2,1,1,0,1,150.0
2.1,18541.0,Sedan,Diesel,85.8,2392.0,17.7,12.2,64.2,31.4,35.0,1,6297.0,49.6,2,2,1.9,66.9,0,0,0,0,3911.0
1.0,14672.0,Sedan,Hybrid,89.4,2524.0,24.9,12.88,67.7,33.8,30.7,2,5045.0,48.2,3,1,2.4,76.0,0,0,0,0,5096.0
7.8,132420.0,Hatchback,Petrol,94.3,3049.0,40.2,11.37,5.0,73.9,22.1,12,16700.0,62.1,4,1,2.7,8.0,1,1,1,1,150.0
3.8,51545.0,Sedan,Petrol,103.3,2638.0,44.4,12.96,72.0,33.9,28.4,4,2721.0,59.0,6,5,2.5,54.2,0,0,0,0,5158.0
3.9,60952.0,SUV,Petrol,113.6,2479.0,62.5,12.19,80.6,49.1,31.8,5,2084.0,46.1,7,7,2.4,42.2,1,0,0,0,3496.0
3.6,39391.0,Sedan,Petrol,94.2,3015.0,48.2,12.6,56.8,73.7,27.3,4,6978.0,61.3,4,2,2.9,48.8,0,0,1,1,2098.0
6.7,66077.0,Sedan,Diesel,93.5,2790.0,39.9,12.25,11.6,35.3,25.1,6,15875.0,35.6,4,3,1.2,30.3,1,1,0,1,150.0
4.1,77618.0,Hatchback,Electric,60.6,2372.0,34.5,11.69,100.0,75.0,29.1,8,7221.0,61.8,10,6,1.0,43.5,0,1,1,1,1617.0
7.9,43209.0,Sedan,Petrol,94.2,2531.0,45.1,11.98,95.2,64.1,28.3,4,543.0,64.2,3,2,7.9,55.3,0,1,0,0,3193.0
5.3,107287.0,Coupe,Hybrid,87.7,2615.0,56.3,11.69,18.7,30.7,29.3,10,13302.0,55.9,2,2,1.6,30.7,1,1,0,0,150.0
2.3,42899.0,Sedan,Petrol,90.1,2830.0,50.2,12.43,83.2,75.3,37.9,2,2694.0,59.4,4,6,1.0,55.7,0,0,1,1,2179.0
7.3,107807.0,Truck,Petrol,92.5,3268.0,44.8,12.08,20.3,35.4,30.3,9,13618.0,61.2,5,4,2.1,39.3,1,1,0,0,150.0
4.5,54544.0,SUV,Petrol,87.6,2553.0,61.0,12.3,5.0,33.5,26.7,5,24000.0,66.7,6,2,1.0,28.3,1,0,1,1,150.0
3.5,39682.0,Hatchback,Petrol,93.2,2352.0,46.3,11.48,63.5,60.4,33.6,2,7249.0,62.4,2,2,1.0,42.2,0,0,0,0,1992.0
6.2,91146.0,SUV,Electric,87.7,2613.0,40.4,11.33,100.0,18.6,37.4,6,2541.0,68.9,2,4,3.1,55.8,0,1,0,1,5270.0
3.8,50760.0,SUV,Petrol,94.7,2567.0,51.6,12.19,88.9,32.6,33.5,6,2064.0,30.0,7,3,1.1,78.1,0,0,0,0,7694.0
5.6,62293.0,Sedan,Diesel,90.9,2443.0,44.8,10.91,43.5,21.0,32.9,4,8324.0,53.9,1,0,6.8,30.3,1,1,0,0,987.0
1.6,23025.0,Sedan,Diesel,94.3,2952.0,54.3,12.72,95.9,44.3,34.0,3,759.0,51.4,4,3,4.9,79.9,0,0,0,1,7295.0
3.8,62621.0,Hatchback,Electric,63.4,2656.0,31.0,12.65,100.0,24.4,32.5,4,7227.0,54.1,4,1,1.0,80.5,0,0,0,0,3592.0
2.4,23261.0,Sedan,Petrol,97.1,2586.0,23.7,12.51,84.1,53.3,29.6,3,2805.0,64.6,5,4,5.8,59.8,0,0,0,0,4578.0
11.2,243216.0,SUV,Petrol,92.6,2796.0,60.5,11.32,76.4,31.1,38.0,19,417.0,53.8,0,3,3.2,41.4,0,1,0,1,4638.0
7.6,105770.0,Truck,Petrol,84.6,3099.0,55.4,11.52,55.1,48.2,29.9,9,6925.0,53.2,8,8,1.3,36.6,0,1,0,0,1860.0
4.2,37449.0,Sedan,Petrol,84.5,2957.0,42.5,12.05,61.2,59.6,27.6,4,6069.0,58.5,4,2,2.4,47.2,0,0,0,1,2833.0
7.2,78436.0,Coupe,Petrol,86.4,1955.0,42.7,12.11,64.3,57.0,33.1,7,5291.0,30.9,4,3,3.7,52.1,0,1,0,0,3359.0
2.4,35697.0,Truck,Hybrid,94.4,2846.0,55.4,12.41,95.8,61.7,33.6,1,2258.0,73.8,2,2,6.2,68.7,0,0,0,0,4219.0
2.8,30195.0,SUV,Diesel,85.9,2127.0,47.0,12.43,10.5,48.6,25.5,2,16396.0,50.5,2,0,1.3,32.9,1,0,0,1,150.0
0.8,5000.0,Hatchback,Diesel,90.6,2779.0,52.1,11.83,100.0,14.9,30.8,1,612.0,72.7,4,4,3.1,79.3,0,0,0,0,9112.0
5.4,102154.0,Sedan,Diesel,89.8,2267.0,28.6,12.66,98.6,13.9,28.2,8,1162.0,40.0,1,1,5.6,81.1,0,1,1,0,8977.0
0.8,16329.0,Sedan,Petrol,92.9,2521.0,44.4,12.16,74.5,36.5,34.6,1,3597.0,39.2,5,4,3.8,68.2,0,0,0,0,5737.0
2.6,30957.0,SUV,Petrol,94.4,2551.0,57.5,11.64,71.8,59.2,33.5,4,3600.0,48.8,5,1,7.9,49.6,0,1,0,0,3291.0
1.6,11907.0,Sedan,Electric,57.0,2369.0,37.3,12.75,100.0,23.3,35.6,4,1290.0,52.5,6,2,2.3,84.1,0,0,0,0,9225.0
6.6,108930.0,Truck,Hybrid,111.0,2778.0,63.9,11.04,5.0,40.3,25.6,10,24000.0,44.9,3,3,2.3,8.0,1,1,1,1,150.0
10.6,147707.0,Hatchback,Hybrid,104.0,3027.0,39.6,12.33,5.0,38.9,25.7,11,24000.0,40.7,8,9,1.0,8.0,1,1,0,1,150.0
5.9,99733.0,SUV,Hybrid,95.6,2623.0,81.2,11.68,42.1,29.8,32.8,7,10044.0,57.2,3,2,3.0,42.3,0,1,0,1,800.0
5.4,60276.0,Sedan,Petrol,92.0,3369.0,45.6,12.17,77.3,50.1,32.9,4,2758.0,72.3,8,6,4.4,69.5,0,1,0,0,5300.0
4.3,56311.0,Coupe,Petrol,94.5,2908.0,56.9,12.03,81.1,40.3,30.8,5,3112.0,75.2,7,5,6.0,63.3,0,0,0,0,5514.0
4.0,55178.0,SUV,Petrol,89.4,2002.0,64.3,12.51,18.9,35.0,31.5,5,14859.0,47.9,2,2,3.2,49.6,1,0,0,0,161.0
2.2,41954.0,SUV,Petrol,83.3,2282.0,73.9,12.14,83.5,82.0,31.6,4,449.0,36.9,5,6,6.3,62.3,0,0,1,1,1829.0
1.2,18686.0,SUV,Petrol,94.2,2404.0,55.5,12.64,100.0,47.3,32.5,1,1499.0,48.3,5,3,4.6,78.9,0,0,0,1,6597.0
4.0,51340.0,Hatchback,Diesel,90.9,3032.0,53.1,12.23,96.8,23.4,30.4,3,2527.0,76.0,2,2,9.2,78.2,0,0,0,0,7306.0
4.5,85328.0,SUV,Diesel,96.3,2666.0,75.1,12.12,5.0,84.7,22.0,6,24000.0,66.4,9,7,3.9,8.0,1,1,1,1,150.0
4.5,59984.0,Truck,Hybrid,93.2,2474.0,55.5,12.67,97.0,37.7,32.1,5,702.0,57.4,2,0,4.9,81.9,0,0,0,1,8074.0
4.9,72485.0,Hatchback,Diesel,103.3,3191.0,33.6,13.02,71.0,45.5,34.4,7,7197.0,45.5,3,5,4.4,51.6,0,0,0,0,2521.0
5.7,91697.0,Sedan,Electric,58.0,2726.0,61.6,11.48,100.0,6.5,35.8,7,11180.0,64.8,3,2,6.0,57.7,0,1,0,0,385.0
3.9,78629.0,SUV,Petrol,90.5,3341.0,54.6,12.11,80.9,66.0,27.7,6,1115.0,83.7,3,3,4.0,53.9,0,1,0,1,2788.0
2.0,30481.0,Hatchback,Petrol,85.2,2280.0,42.1,12.41,93.1,52.1,32.1,4,1259.0,50.0,4,4,1.0,72.4,0,0,0,0,5740.0
4.8,106855.0,SUV,Diesel,88.0,1640.0,56.0,12.38,73.4,43.9,31.1,9,2541.0,25.0,2,1,2.6,73.2,0,0,0,0,6388.0
5.5,72640.0,Truck,Petrol,87.7,1894.0,43.4,11.68,61.0,50.2,33.1,6,6158.0,37.6,3,1,1.2,50.0,0,1,1,0,3096.0
3.1,42041.0,Hatchback,Petrol,89.4,2751.0,42.9,12.06,92.6,62.1,32.2,2,2234.0,52.9,2,1,2.2,67.8,0,0,0,0,4004.0
5.5,69330.0,SUV,Petrol,91.0,2384.0,57.0,11.78,76.3,45.0,32.2,7,4975.0,49.8,1,1,2.4,57.9,0,1,0,0,3921.0
4.0,68431.0,Truck,Petrol,92.8,2840.0,56.7,11.1,77.8,60.2,34.4,6,1759.0,71.0,6,6,6.4,41.5,0,1,0,0,2597.0
1.8,31693.0,Hatchback,Diesel,97.0,2890.0,39.6,12.98,50.1,59.0,28.4,3,9450.0,43.7,6,3,5.3,46.5,0,0,1,0,883.0
12.6,224020.0,Hatchback,Petrol,106.8,2757.0,36.9,11.2,63.0,62.7,33.6,19,3771.0,49.6,2,2,10.0,15.2,1,1,0,0,749.0
3.0,46406.0,SUV,Diesel,85.9,2431.0,47.4,12.55,81.1,8.4,31.7,4,1918.0,42.9,1,0,3.1,86.8,0,0,0,1,8648.0
1.9,21930.0,Sedan,Diesel,94.8,2989.0,49.1,11.57,41.8,43.4,33.8,1,10775.0,62.9,2,3,1.5,37.4,0,1,0,0,417.0
2.4,31809.0,SUV,Petrol,96.8,2377.0,57.9,12.53,89.3,66.7,30.8,3,2186.0,40.0,3,3,1.7,64.7,0,0,0,0,3337.0
0.6,14775.0,Truck,Petrol,89.5,2607.0,65.6,12.12,78.7,34.8,31.8,1,5164.0,48.7,5,3,5.8,71.8,0,0,0,0,5065.0
3.2,46818.0,SUV,Petrol,95.7,1865.0,45.7,12.25,96.7,18.2,30.1,3,642.0,30.7,2,0,2.1,78.4,0,0,0,0,9270.0
7.8,90537.0,Truck,Petrol,94.6,2234.0,67.1,12.64,77.4,15.4,29.3,8,2816.0,44.6,2,2,1.0,74.2,0,0,0,0,6856.0
4.2,37467.0,SUV,Diesel,84.7,2862.0,66.7,12.21,87.7,73.1,30.5,5,1636.0,75.3,2,5,4.5,61.1,0,0,0,0,2573.0
2.2,21647.0,SUV,Hybrid,89.0,3211.0,57.9,12.95,94.5,67.5,34.0,3,2319.0,76.9,12,11,5.5,75.4,0,0,1,1,3702.0
3.6,38003.0,Sedan,Diesel,89.6,2784.0,30.0,11.44,5.0,62.6,25.9,2,24000.0,61.4,2,0,1.0,8.0,1,1,0,1,231.0
0.8,7028.0,Truck,Petrol,99.5,2853.0,59.9,12.7,78.9,22.8,34.2,2,3404.0,58.2,2,1,2.2,69.9,0,0,0,0,6014.0
3.7,32873.0,SUV,Diesel,93.5,3618.0,43.4,12.4,90.0,79.1,33.5,3,1449.0,43.2,12,13,2.1,66.1,0,0,1,1,2396.0
3.1,42234.0,Sedan,Diesel,89.5,3168.0,35.4,11.91,5.0,58.5,29.0,4,24000.0,54.8,2,3,3.3,19.5,1,0,1,0,150.0
6.3,78901.0,Sedan,Diesel,88.7,2873.0,43.7,12.6,78.0,58.7,29.5,8,2718.0,54.3,4,3,2.1,60.9,0,1,0,1,3953.0
4.6,71729.0,Truck,Diesel,85.2,2189.0,52.6,12.09,52.7,57.3,30.8,6,9201.0,52.2,6,3,3.0,50.9,0,0,0,0,1492.0
2.0,29645.0,SUV,Diesel,95.8,3053.0,41.5,12.54,21.6,58.4,33.0,2,14470.0,63.3,3,3,3.8,46.2,1,0,0,0,195.0
6.2,78369.0,Sedan,Diesel,93.1,2828.0,40.7,11.94,87.4,59.6,33.1,7,3224.0,38.8,3,2,1.0,60.8,0,0,0,1,3792.0
7.4,130479.0,Coupe,Diesel,94.0,3025.0,28.4,12.05,62.3,60.1,32.6,11,7134.0,87.9,1,3,2.7,51.8,0,0,0,0,2414.0
4.7,56409.0,Truck,Petrol,86.4,2453.0,58.3,11.91,95.6,38.4,38.1,5,754.0,74.7,8,4,2.4,61.3,0,0,0,0,5901.0
3.3,63447.0,Coupe,Diesel,94.4,2609.0,38.1,13.23,74.8,40.5,27.9,5,3650.0,40.6,8,6,2.7,61.8,1,0,0,1,4984.0
2.7,44857.0,SUV,Petrol,90.5,2846.0,53.5,12.12,7.0,89.5,33.0,5,15095.0,53.5,5,4,2.7,26.5,1,0,1,0,150.0
8.8,106310.0,SUV,Petrol,88.6,2475.0,43.7,12.61,30.1,36.6,31.3,8,10905.0,43.6,3,2,1.0,53.5,0,1,0,0,280.0
4.5,82404.0,Hatchback,Electric,50.0,2564.0,49.7,12.82,100.0,59.7,31.0,8,2222.0,60.9,2,3,8.8,69.5,0,0,0,0,4262.0
4.0,62109.0,SUV,Electric,74.1,2436.0,51.0,12.6,100.0,50.0,36.4,6,522.0,50.8,4,1,3.4,76.0,0,0,0,0,6175.0
1.7,15491.0,Truck,Petrol,92.2,2746.0,48.7,12.74,58.4,49.6,29.0,1,6668.0,25.7,10,7,5.9,60.4,0,0,0,0,3499.0
2.1,28361.0,Sedan,Petrol,90.4,2703.0,42.2,12.21,98.4,67.9,35.1,2,1230.0,39.1,10,7,1.7,67.1,0,0,0,0,3350.0
1.4,31641.0,SUV,Petrol,95.8,3060.0,73.6,12.15,37.3,69.7,25.7,1,11354.0,70.6,4,1,6.8,28.4,0,0,1,1,512.0
3.2,55088.0,Sedan,Diesel,95.1,2704.0,42.8,12.25,71.9,25.2,28.2,4,4481.0,48.9,3,1,3.4,66.7,0,0,0,0,4785.0
2.6,38039.0,Sedan,Hybrid,91.9,2517.0,54.1,12.53,82.2,62.5,32.0,4,3692.0,48.8,4,4,4.7,70.8,0,0,0,0,4413.0
4.1,67379.0,Sedan,Electric,50.0,2927.0,21.9,12.27,100.0,35.8,33.4,5,2245.0,61.4,1,4,1.0,79.2,0,0,0,0,7680.0
6.9,88993.0,Sedan,Diesel,93.9,3093.0,38.0,11.99,61.7,67.5,30.0,7,5579.0,65.2,2,3,2.4,45.0,0,1,1,0,2634.0
5.5,72398.0,Coupe,Petrol,91.5,2582.0,28.4,12.07,39.9,43.9,26.1,5,11547.0,50.8,2,3,3.6,36.3,0,1,0,1,150.0
6.1,80994.0,Sedan,Diesel,88.2,2313.0,32.6,12.18,72.4,58.7,28.3,8,4548.0,25.0,5,1,8.8,52.1,0,0,0,1,3446.0
6.8,61158.0,Truck,Petrol,89.6,2000.0,44.4,12.56,94.5,29.6,26.5,6,1064.0,40.8,2,2,4.4,76.9,0,1,0,1,8251.0
2.2,36889.0,Hatchback,Electric,59.3,2125.0,55.9,12.08,100.0,47.2,34.9,2,5695.0,25.0,0,3,1.4,70.2,0,0,0,1,4254.0
2.9,29952.0,SUV,Hybrid,95.2,2287.0,63.0,12.62,88.1,61.1,31.4,3,2972.0,32.4,0,3,1.5,72.3,0,0,0,0,4375.0
2.7,37783.0,Sedan,Diesel,106.1,2406.0,32.9,12.62,67.6,69.8,34.3,4,5123.0,53.1,2,5,1.0,42.1,0,0,0,0,2002.0
5.7,70097.0,Truck,Petrol,89.8,2464.0,46.4,12.12,90.6,66.2,28.5,4,985.0,52.6,3,0,1.8,50.8,0,1,0,1,2861.0
1.7,29389.0,SUV,Petrol,88.6,3198.0,58.8,12.58,82.2,55.9,28.4,2,902.0,69.9,2,3,6.9,66.8,0,0,0,1,4772.0
8.1,132251.0,Truck,Petrol,92.4,2495.0,62.7,12.61,51.8,69.8,24.4,11,9037.0,51.5,1,0,4.2,36.1,0,0,1,1,1129.0
2.8,27305.0,Truck,Hybrid,85.8,2656.0,65.3,12.32,75.1,55.9,31.2,2,4759.0,39.7,2,1,4.8,64.7,0,0,0,0,4677.0
1.7,26071.0,Coupe,Diesel,87.2,2893.0,47.2,12.21,72.0,38.9,33.0,4,3802.0,68.8,2,2,6.9,73.3,0,0,0,0,6172.0
2.9,40493.0,SUV,Petrol,91.4,3598.0,81.8,12.09,5.0,92.5,25.6,4,20410.0,76.5,7,10,4.8,8.1,1,0,1,1,150.0
3.0,32987.0,Sedan,Diesel,101.3,2607.0,43.9,12.12,85.3,57.0,30.2,2,1792.0,64.8,4,1,1.1,51.7,0,0,0,1,3227.0
3.3,54010.0,SUV,Hybrid,93.3,2246.0,46.7,12.68,10.3,27.9,28.5,3,15753.0,51.1,1,0,5.5,47.2,1,0,0,0,281.0
3.4,65916.0,Sedan,Petrol,92.2,2613.0,29.0,12.38,30.9,33.6,28.6,6,12026.0,47.7,5,1,10.0,52.2,0,0,0,0,222.0
6.8,151137.0,Hatchback,Hybrid,108.0,2012.0,28.2,11.69,52.8,41.0,32.3,11,5310.0,35.3,6,4,1.1,25.2,0,1,1,0,1684.0
4.5,58173.0,Sedan,Hybrid,87.8,2575.0,25.9,11.9,67.8,19.6,28.0,5,4307.0,40.9,3,3,3.8,64.3,1,1,0,0,4757.0
1.7,22374.0,Sedan,Electric,65.7,1841.0,46.9,11.24,100.0,44.0,32.7,2,1265.0,45.7,3,1,6.7,60.9,0,1,0,0,5471.0
3.0,45012.0,Hatchback,Petrol,107.0,2254.0,61.9,12.59,93.8,10.7,33.2,2,3412.0,33.5,7,6,5.8,71.7,0,0,0,1,5987.0
2.6,48424.0,SUV,Petrol,91.8,2680.0,57.3,12.65,69.3,11.7,32.1,2,5465.0,47.3,1,5,10.0,80.0,0,0,0,1,5049.0
